experiment_id,date,description,planner_label,rho_T,rho_Z,ucb_mode,budget,sims_per_backup,horizon,eta_world_obs,eta_world_trans,trial_seed,episode_return,runtime_s,n_correct_open,n_wrong_open,n_listen_actions
E3,2026-05-08,rho_z_eta_sweep,robust_pomcp,0.0,0.0,nominal,100,5,5,0.0,0.0,1,-104.0,0.09543119999580085,0,1,4
E3,2026-05-08,rho_z_eta_sweep,robust_pomcp,0.0,0.0,nominal,100,5,5,0.0,0.0,2,39.0,0.09447149999323301,4,0,1
E3,2026-05-08,rho_z_eta_sweep,robust_pomcp,0.0,0.0,nominal,100,5,5,0.0,0.0,3,-71.0,0.09559489999082871,3,1,1
E3,2026-05-08,rho_z_eta_sweep,robust_pomcp,0.0,0.0,nominal,100,5,5,0.0,0.0,4,-192.0,0.10916249998263083,1,2,2
E3,2026-05-08,rho_z_eta_sweep,robust_pomcp,0.0,0.0,nominal,100,5,5,0.0,0.0,5,17.0,0.0917800999886822,2,0,3
E3,2026-05-08,rho_z_eta_sweep,robust_pomcp,0.0,0.0,nominal,100,5,5,0.0,0.0,6,-104.0,0.08995100000174716,0,1,4
E3,2026-05-08,rho_z_eta_sweep,robust_pomcp,0.0,0.0,nominal,100,5,5,0.0,0.0,7,-93.0,0.09062670002458617,1,1,3
E3,2026-05-08,rho_z_eta_sweep,robust_pomcp,0.0,0.0,nominal,100,5,5,0.0,0.0,8,28.0,0.09117659999174066,3,0,2
E3,2026-05-08,rho_z_eta_sweep,robust_pomcp,0.0,0.0,nominal,100,5,5,0.0,0.0,9,6.0,0.09924189999583177,1,0,4
E3,2026-05-08,rho_z_eta_sweep,robust_pomcp,0.0,0.0,nominal,100,5,5,0.0,0.0,10,-71.0,0.09187849998124875,3,1,1
E3,2026-05-08,rho_z_eta_sweep,robust_pomcp,0.0,0.0,nominal,100,5,5,0.0,0.0,11,-71.0,0.09073690001969226,3,1,1
E3,2026-05-08,rho_z_eta_sweep,robust_pomcp,0.0,0.0,nominal,100,5,5,0.0,0.0,12,-5.0,0.09290009998949245,0,0,5
E3,2026-05-08,rho_z_eta_sweep,robust_pomcp,0.0,0.0,nominal,100,5,5,0.0,0.0,13,17.0,0.090679100016132,2,0,3
E3,2026-05-08,rho_z_eta_sweep,robust_pomcp,0.0,0.0,nominal,100,5,5,0.0,0.0,14,6.0,0.09118300001136959,1,0,4
E3,2026-05-08,rho_z_eta_sweep,robust_pomcp,0.0,0.0,nominal,100,5,5,0.0,0.0,15,39.0,0.09125199998379685,4,0,1
E3,2026-05-08,rho_z_eta_sweep,robust_pomcp,0.0,0.0,nominal,100,5,5,0.0,0.0,16,-93.0,0.09243540000170469,1,1,3
E3,2026-05-08,rho_z_eta_sweep,robust_pomcp,0.0,0.0,nominal,100,5,5,0.0,0.0,17,17.0,0.09413100001984276,2,0,3
E3,2026-05-08,rho_z_eta_sweep,robust_pomcp,0.0,0.0,nominal,100,5,5,0.0,0.0,18,-60.0,0.09230540000135079,4,1,0
E3,2026-05-08,rho_z_eta_sweep,robust_pomcp,0.0,0.0,nominal,100,5,5,0.0,0.0,19,-82.0,0.09457150002708659,2,1,2
E3,2026-05-08,rho_z_eta_sweep,robust_pomcp,0.0,0.0,nominal,100,5,5,0.0,0.0,20,17.0,0.0942438000056427,2,0,3
E3,2026-05-08,rho_z_eta_sweep,robust_pomcp,0.0,0.0,nominal,100,5,5,0.0,0.0,21,6.0,0.08900150001863949,1,0,4
E3,2026-05-08,rho_z_eta_sweep,robust_pomcp,0.0,0.0,nominal,100,5,5,0.0,0.0,22,-93.0,0.09309840001515113,1,1,3
E3,2026-05-08,rho_z_eta_sweep,robust_pomcp,0.0,0.0,nominal,100,5,5,0.0,0.0,23,-93.0,0.09013060000143014,1,1,3
E3,2026-05-08,rho_z_eta_sweep,robust_pomcp,0.0,0.0,nominal,100,5,5,0.0,0.0,24,6.0,0.0894587000075262,1,0,4
E3,2026-05-08,rho_z_eta_sweep,robust_pomcp,0.0,0.0,nominal,100,5,5,0.0,0.0,25,-93.0,0.0904642999812495,1,1,3
E3,2026-05-08,rho_z_eta_sweep,robust_pomcp,0.0,0.0,nominal,100,5,5,0.0,0.0,26,28.0,0.08997410000301898,3,0,2
E3,2026-05-08,rho_z_eta_sweep,robust_pomcp,0.0,0.0,nominal,100,5,5,0.0,0.0,27,-291.0,0.0929216000076849,1,3,1
E3,2026-05-08,rho_z_eta_sweep,robust_pomcp,0.0,0.0,nominal,100,5,5,0.0,0.0,28,6.0,0.09080130001530051,1,0,4
E3,2026-05-08,rho_z_eta_sweep,robust_pomcp,0.0,0.0,nominal,100,5,5,0.0,0.0,29,17.0,0.0879830000048969,2,0,3
E3,2026-05-08,rho_z_eta_sweep,robust_pomcp,0.0,0.0,nominal,100,5,5,0.0,0.0,30,17.0,0.09008669998729602,2,0,3
E3,2026-05-08,rho_z_eta_sweep,robust_pomcp,0.0,0.0,nominal,100,5,5,0.0,0.0,31,17.0,0.09065019999979995,2,0,3
E3,2026-05-08,rho_z_eta_sweep,robust_pomcp,0.0,0.0,nominal,100,5,5,0.0,0.0,32,-93.0,0.09102999998140149,1,1,3
E3,2026-05-08,rho_z_eta_sweep,robust_pomcp,0.0,0.0,nominal,100,5,5,0.0,0.0,33,-93.0,0.0908886999823153,1,1,3
E3,2026-05-08,rho_z_eta_sweep,robust_pomcp,0.0,0.0,nominal,100,5,5,0.0,0.0,34,-93.0,0.09111710000433959,1,1,3
E3,2026-05-08,rho_z_eta_sweep,robust_pomcp,0.0,0.0,nominal,100,5,5,0.0,0.0,35,17.0,0.09236839998629875,2,0,3
E3,2026-05-08,rho_z_eta_sweep,robust_pomcp,0.0,0.0,nominal,100,5,5,0.0,0.0,36,-82.0,0.09070870000869036,2,1,2
E3,2026-05-08,rho_z_eta_sweep,robust_pomcp,0.0,0.0,nominal,100,5,5,0.0,0.0,37,-104.0,0.08981420000782236,0,1,4
E3,2026-05-08,rho_z_eta_sweep,robust_pomcp,0.0,0.0,nominal,100,5,5,0.0,0.0,38,39.0,0.09153619999415241,4,0,1
E3,2026-05-08,rho_z_eta_sweep,robust_pomcp,0.0,0.0,nominal,100,5,5,0.0,0.0,39,-82.0,0.09296229999745265,2,1,2
E3,2026-05-08,rho_z_eta_sweep,robust_pomcp,0.0,0.0,nominal,100,5,5,0.0,0.0,40,17.0,0.08976040000561625,2,0,3
E3,2026-05-08,rho_z_eta_sweep,robust_pomcp,0.0,0.0,nominal,100,5,5,0.0,0.0,41,-71.0,0.09898010001052171,3,1,1
E3,2026-05-08,rho_z_eta_sweep,robust_pomcp,0.0,0.0,nominal,100,5,5,0.0,0.0,42,28.0,0.08931730000767857,3,0,2
E3,2026-05-08,rho_z_eta_sweep,robust_pomcp,0.0,0.0,nominal,100,5,5,0.0,0.0,43,-82.0,0.09071469999616966,2,1,2
E3,2026-05-08,rho_z_eta_sweep,robust_pomcp,0.0,0.0,nominal,100,5,5,0.0,0.0,44,-82.0,0.09158840001327917,2,1,2
E3,2026-05-08,rho_z_eta_sweep,robust_pomcp,0.0,0.0,nominal,100,5,5,0.0,0.0,45,-82.0,0.09314919999451376,2,1,2
E3,2026-05-08,rho_z_eta_sweep,robust_pomcp,0.0,0.0,nominal,100,5,5,0.0,0.0,46,39.0,0.0986679999914486,4,0,1
E3,2026-05-08,rho_z_eta_sweep,robust_pomcp,0.0,0.0,nominal,100,5,5,0.0,0.0,47,-82.0,0.08914159997948445,2,1,2
E3,2026-05-08,rho_z_eta_sweep,robust_pomcp,0.0,0.0,nominal,100,5,5,0.0,0.0,48,-71.0,0.08878130000084639,3,1,1
E3,2026-05-08,rho_z_eta_sweep,robust_pomcp,0.0,0.0,nominal,100,5,5,0.0,0.0,49,17.0,0.09188849999918602,2,0,3
E3,2026-05-08,rho_z_eta_sweep,robust_pomcp,0.0,0.0,nominal,100,5,5,0.0,0.0,50,17.0,0.09088830000837334,2,0,3
E3,2026-05-08,rho_z_eta_sweep,robust_pomcp,0.0,0.0,nominal,100,5,5,0.0,0.0,51,17.0,0.09114299999782816,2,0,3
E3,2026-05-08,rho_z_eta_sweep,robust_pomcp,0.0,0.0,nominal,100,5,5,0.0,0.0,52,28.0,0.09057239998946898,3,0,2
E3,2026-05-08,rho_z_eta_sweep,robust_pomcp,0.0,0.0,nominal,100,5,5,0.0,0.0,53,-82.0,0.08964079999714158,2,1,2
E3,2026-05-08,rho_z_eta_sweep,robust_pomcp,0.0,0.0,nominal,100,5,5,0.0,0.0,54,-291.0,0.09242410000297241,1,3,1
E3,2026-05-08,rho_z_eta_sweep,robust_pomcp,0.0,0.0,nominal,100,5,5,0.0,0.0,55,39.0,0.09205800000927411,4,0,1
E3,2026-05-08,rho_z_eta_sweep,robust_pomcp,0.0,0.0,nominal,100,5,5,0.0,0.0,56,17.0,0.09426579999853857,2,0,3
E3,2026-05-08,rho_z_eta_sweep,robust_pomcp,0.0,0.0,nominal,100,5,5,0.0,0.0,57,17.0,0.09142989999963902,2,0,3
E3,2026-05-08,rho_z_eta_sweep,robust_pomcp,0.0,0.0,nominal,100,5,5,0.0,0.0,58,-82.0,0.09269059999496676,2,1,2
E3,2026-05-08,rho_z_eta_sweep,robust_pomcp,0.0,0.0,nominal,100,5,5,0.0,0.0,59,-104.0,0.09471609999309294,0,1,4
E3,2026-05-08,rho_z_eta_sweep,robust_pomcp,0.0,0.0,nominal,100,5,5,0.0,0.0,60,-5.0,0.09126939999987371,0,0,5
E3,2026-05-08,rho_z_eta_sweep,robust_pomcp,0.0,0.0,nominal,100,5,5,0.0,0.0,61,39.0,0.09216599998762831,4,0,1
E3,2026-05-08,rho_z_eta_sweep,robust_pomcp,0.0,0.0,nominal,100,5,5,0.0,0.0,62,-93.0,0.09330529998987913,1,1,3
E3,2026-05-08,rho_z_eta_sweep,robust_pomcp,0.0,0.0,nominal,100,5,5,0.0,0.0,63,-82.0,0.0980338999943342,2,1,2
E3,2026-05-08,rho_z_eta_sweep,robust_pomcp,0.0,0.0,nominal,100,5,5,0.0,0.0,64,-203.0,0.09097249998012558,0,2,3
E3,2026-05-08,rho_z_eta_sweep,robust_pomcp,0.0,0.0,nominal,100,5,5,0.0,0.0,65,-93.0,0.0912022000120487,1,1,3
E3,2026-05-08,rho_z_eta_sweep,robust_pomcp,0.0,0.0,nominal,100,5,5,0.0,0.0,66,-203.0,0.0914790999959223,0,2,3
E3,2026-05-08,rho_z_eta_sweep,robust_pomcp,0.0,0.0,nominal,100,5,5,0.0,0.0,67,-82.0,0.0932563999958802,2,1,2
E3,2026-05-08,rho_z_eta_sweep,robust_pomcp,0.0,0.0,nominal,100,5,5,0.0,0.0,68,6.0,0.09135560001595877,1,0,4
E3,2026-05-08,rho_z_eta_sweep,robust_pomcp,0.0,0.0,nominal,100,5,5,0.0,0.0,69,6.0,0.08980790001805872,1,0,4
E3,2026-05-08,rho_z_eta_sweep,robust_pomcp,0.0,0.0,nominal,100,5,5,0.0,0.0,70,28.0,0.09089779999339953,3,0,2
E3,2026-05-08,rho_z_eta_sweep,robust_pomcp,0.0,0.0,nominal,100,5,5,0.0,0.0,71,39.0,0.08918999999877997,4,0,1
E3,2026-05-08,rho_z_eta_sweep,robust_pomcp,0.0,0.0,nominal,100,5,5,0.0,0.0,72,28.0,0.09012219999567606,3,0,2
E3,2026-05-08,rho_z_eta_sweep,robust_pomcp,0.0,0.0,nominal,100,5,5,0.0,0.0,73,17.0,0.09070390000124462,2,0,3
E3,2026-05-08,rho_z_eta_sweep,robust_pomcp,0.0,0.0,nominal,100,5,5,0.0,0.0,74,-82.0,0.09120680001797155,2,1,2
E3,2026-05-08,rho_z_eta_sweep,robust_pomcp,0.0,0.0,nominal,100,5,5,0.0,0.0,75,39.0,0.09015989999170415,4,0,1
E3,2026-05-08,rho_z_eta_sweep,robust_pomcp,0.0,0.0,nominal,100,5,5,0.0,0.0,76,17.0,0.09086460000253282,2,0,3
E3,2026-05-08,rho_z_eta_sweep,robust_pomcp,0.0,0.0,nominal,100,5,5,0.0,0.0,77,-104.0,0.09086120000574738,0,1,4
E3,2026-05-08,rho_z_eta_sweep,robust_pomcp,0.0,0.0,nominal,100,5,5,0.0,0.0,78,17.0,0.09077930002240464,2,0,3
E3,2026-05-08,rho_z_eta_sweep,robust_pomcp,0.0,0.0,nominal,100,5,5,0.0,0.0,79,28.0,0.0918109999911394,3,0,2
E3,2026-05-08,rho_z_eta_sweep,robust_pomcp,0.0,0.0,nominal,100,5,5,0.0,0.0,80,17.0,0.09062929998617619,2,0,3
E3,2026-05-08,rho_z_eta_sweep,robust_pomcp,0.0,0.0,nominal,100,5,5,0.0,0.0,81,-93.0,0.09030889999121428,1,1,3
E3,2026-05-08,rho_z_eta_sweep,robust_pomcp,0.0,0.0,nominal,100,5,5,0.0,0.0,82,17.0,0.09065329999430105,2,0,3
E3,2026-05-08,rho_z_eta_sweep,robust_pomcp,0.0,0.0,nominal,100,5,5,0.0,0.0,83,-93.0,0.10611240001162514,1,1,3
E3,2026-05-08,rho_z_eta_sweep,robust_pomcp,0.0,0.0,nominal,100,5,5,0.0,0.0,84,17.0,0.09631319998879917,2,0,3
E3,2026-05-08,rho_z_eta_sweep,robust_pomcp,0.0,0.0,nominal,100,5,5,0.0,0.0,85,-82.0,0.09729770000558347,2,1,2
E3,2026-05-08,rho_z_eta_sweep,robust_pomcp,0.0,0.0,nominal,100,5,5,0.0,0.0,86,-93.0,0.09139339998364449,1,1,3
E3,2026-05-08,rho_z_eta_sweep,robust_pomcp,0.0,0.0,nominal,100,5,5,0.0,0.0,87,17.0,0.09087220000219531,2,0,3
E3,2026-05-08,rho_z_eta_sweep,robust_pomcp,0.0,0.0,nominal,100,5,5,0.0,0.0,88,-82.0,0.09047429999918677,2,1,2
E3,2026-05-08,rho_z_eta_sweep,robust_pomcp,0.0,0.0,nominal,100,5,5,0.0,0.0,89,28.0,0.09184569999342784,3,0,2
E3,2026-05-08,rho_z_eta_sweep,robust_pomcp,0.0,0.0,nominal,100,5,5,0.0,0.0,90,50.0,0.09197139999014325,5,0,0
E3,2026-05-08,rho_z_eta_sweep,robust_pomcp,0.0,0.0,nominal,100,5,5,0.0,0.0,91,17.0,0.08951310001430102,2,0,3
E3,2026-05-08,rho_z_eta_sweep,robust_pomcp,0.0,0.0,nominal,100,5,5,0.0,0.0,92,28.0,0.09092109999619424,3,0,2
E3,2026-05-08,rho_z_eta_sweep,robust_pomcp,0.0,0.0,nominal,100,5,5,0.0,0.0,93,6.0,0.09033249999629334,1,0,4
E3,2026-05-08,rho_z_eta_sweep,robust_pomcp,0.0,0.0,nominal,100,5,5,0.0,0.0,94,17.0,0.09133009999641217,2,0,3
E3,2026-05-08,rho_z_eta_sweep,robust_pomcp,0.0,0.0,nominal,100,5,5,0.0,0.0,95,28.0,0.09010189998662099,3,0,2
E3,2026-05-08,rho_z_eta_sweep,robust_pomcp,0.0,0.0,nominal,100,5,5,0.0,0.0,96,17.0,0.09150740000768565,2,0,3
E3,2026-05-08,rho_z_eta_sweep,robust_pomcp,0.0,0.0,nominal,100,5,5,0.0,0.0,97,-93.0,0.0916344000142999,1,1,3
E3,2026-05-08,rho_z_eta_sweep,robust_pomcp,0.0,0.0,nominal,100,5,5,0.0,0.0,98,-104.0,0.09036830000695772,0,1,4
E3,2026-05-08,rho_z_eta_sweep,robust_pomcp,0.0,0.0,nominal,100,5,5,0.0,0.0,99,6.0,0.0920901000208687,1,0,4
E3,2026-05-08,rho_z_eta_sweep,robust_pomcp,0.0,0.0,nominal,100,5,5,0.0,0.0,100,17.0,0.09193719999166206,2,0,3
E3,2026-05-08,rho_z_eta_sweep,robust_pomcp,0.0,0.05,nominal,100,5,5,0.0,0.0,1,-192.0,0.22946820000652224,1,2,2
E3,2026-05-08,rho_z_eta_sweep,robust_pomcp,0.0,0.05,nominal,100,5,5,0.0,0.0,2,17.0,0.21285330000682734,2,0,3
E3,2026-05-08,rho_z_eta_sweep,robust_pomcp,0.0,0.05,nominal,100,5,5,0.0,0.0,3,6.0,0.2032896000018809,1,0,4
E3,2026-05-08,rho_z_eta_sweep,robust_pomcp,0.0,0.05,nominal,100,5,5,0.0,0.0,4,-93.0,0.21845850002137013,1,1,3
E3,2026-05-08,rho_z_eta_sweep,robust_pomcp,0.0,0.05,nominal,100,5,5,0.0,0.0,5,-93.0,0.22108139999909326,1,1,3
E3,2026-05-08,rho_z_eta_sweep,robust_pomcp,0.0,0.05,nominal,100,5,5,0.0,0.0,6,-82.0,0.22262650000629947,2,1,2
E3,2026-05-08,rho_z_eta_sweep,robust_pomcp,0.0,0.05,nominal,100,5,5,0.0,0.0,7,-104.0,0.2100499999942258,0,1,4
E3,2026-05-08,rho_z_eta_sweep,robust_pomcp,0.0,0.05,nominal,100,5,5,0.0,0.0,8,-104.0,0.21537930000340566,0,1,4
E3,2026-05-08,rho_z_eta_sweep,robust_pomcp,0.0,0.05,nominal,100,5,5,0.0,0.0,9,6.0,0.22124809998786077,1,0,4
E3,2026-05-08,rho_z_eta_sweep,robust_pomcp,0.0,0.05,nominal,100,5,5,0.0,0.0,10,28.0,0.21218830000725575,3,0,2
E3,2026-05-08,rho_z_eta_sweep,robust_pomcp,0.0,0.05,nominal,100,5,5,0.0,0.0,11,6.0,0.21310349999112077,1,0,4
E3,2026-05-08,rho_z_eta_sweep,robust_pomcp,0.0,0.05,nominal,100,5,5,0.0,0.0,12,6.0,0.1948685000243131,1,0,4
E3,2026-05-08,rho_z_eta_sweep,robust_pomcp,0.0,0.05,nominal,100,5,5,0.0,0.0,13,-93.0,0.217342899995856,1,1,3
E3,2026-05-08,rho_z_eta_sweep,robust_pomcp,0.0,0.05,nominal,100,5,5,0.0,0.0,14,17.0,0.22239949999493547,2,0,3
E3,2026-05-08,rho_z_eta_sweep,robust_pomcp,0.0,0.05,nominal,100,5,5,0.0,0.0,15,28.0,0.21615789999486879,3,0,2
E3,2026-05-08,rho_z_eta_sweep,robust_pomcp,0.0,0.05,nominal,100,5,5,0.0,0.0,16,6.0,0.21320279999054037,1,0,4
E3,2026-05-08,rho_z_eta_sweep,robust_pomcp,0.0,0.05,nominal,100,5,5,0.0,0.0,17,6.0,0.2107657000015024,1,0,4
E3,2026-05-08,rho_z_eta_sweep,robust_pomcp,0.0,0.05,nominal,100,5,5,0.0,0.0,18,6.0,0.2071126000082586,1,0,4
E3,2026-05-08,rho_z_eta_sweep,robust_pomcp,0.0,0.05,nominal,100,5,5,0.0,0.0,19,17.0,0.2226045000134036,2,0,3
E3,2026-05-08,rho_z_eta_sweep,robust_pomcp,0.0,0.05,nominal,100,5,5,0.0,0.0,20,6.0,0.2216249999764841,1,0,4
E3,2026-05-08,rho_z_eta_sweep,robust_pomcp,0.0,0.05,nominal,100,5,5,0.0,0.0,21,6.0,0.20956690001185052,1,0,4
E3,2026-05-08,rho_z_eta_sweep,robust_pomcp,0.0,0.05,nominal,100,5,5,0.0,0.0,22,-82.0,0.2360208999889437,2,1,2
E3,2026-05-08,rho_z_eta_sweep,robust_pomcp,0.0,0.05,nominal,100,5,5,0.0,0.0,23,17.0,0.22519180001108907,2,0,3
E3,2026-05-08,rho_z_eta_sweep,robust_pomcp,0.0,0.05,nominal,100,5,5,0.0,0.0,24,-82.0,0.21244649999425747,2,1,2
E3,2026-05-08,rho_z_eta_sweep,robust_pomcp,0.0,0.05,nominal,100,5,5,0.0,0.0,25,17.0,0.2258397999976296,2,0,3
E3,2026-05-08,rho_z_eta_sweep,robust_pomcp,0.0,0.05,nominal,100,5,5,0.0,0.0,26,28.0,0.2262654000078328,3,0,2
E3,2026-05-08,rho_z_eta_sweep,robust_pomcp,0.0,0.05,nominal,100,5,5,0.0,0.0,27,-104.0,0.22582309998688288,0,1,4
E3,2026-05-08,rho_z_eta_sweep,robust_pomcp,0.0,0.05,nominal,100,5,5,0.0,0.0,28,-192.0,0.22214149998035282,1,2,2
E3,2026-05-08,rho_z_eta_sweep,robust_pomcp,0.0,0.05,nominal,100,5,5,0.0,0.0,29,17.0,0.2240823000029195,2,0,3
E3,2026-05-08,rho_z_eta_sweep,robust_pomcp,0.0,0.05,nominal,100,5,5,0.0,0.0,30,39.0,0.2304950999969151,4,0,1
E3,2026-05-08,rho_z_eta_sweep,robust_pomcp,0.0,0.05,nominal,100,5,5,0.0,0.0,31,-192.0,0.23455059999832883,1,2,2
E3,2026-05-08,rho_z_eta_sweep,robust_pomcp,0.0,0.05,nominal,100,5,5,0.0,0.0,32,39.0,0.22373320002225228,4,0,1
E3,2026-05-08,rho_z_eta_sweep,robust_pomcp,0.0,0.05,nominal,100,5,5,0.0,0.0,33,6.0,0.21980140000232495,1,0,4
E3,2026-05-08,rho_z_eta_sweep,robust_pomcp,0.0,0.05,nominal,100,5,5,0.0,0.0,34,17.0,0.22028779998072423,2,0,3
E3,2026-05-08,rho_z_eta_sweep,robust_pomcp,0.0,0.05,nominal,100,5,5,0.0,0.0,35,-203.0,0.20580369999515824,0,2,3
E3,2026-05-08,rho_z_eta_sweep,robust_pomcp,0.0,0.05,nominal,100,5,5,0.0,0.0,36,6.0,0.2234648000157904,1,0,4
E3,2026-05-08,rho_z_eta_sweep,robust_pomcp,0.0,0.05,nominal,100,5,5,0.0,0.0,37,-82.0,0.2163227000273764,2,1,2
E3,2026-05-08,rho_z_eta_sweep,robust_pomcp,0.0,0.05,nominal,100,5,5,0.0,0.0,38,17.0,0.21573419999913312,2,0,3
E3,2026-05-08,rho_z_eta_sweep,robust_pomcp,0.0,0.05,nominal,100,5,5,0.0,0.0,39,-181.0,0.22497300000395626,2,2,1
E3,2026-05-08,rho_z_eta_sweep,robust_pomcp,0.0,0.05,nominal,100,5,5,0.0,0.0,40,6.0,0.21072380000259727,1,0,4
E3,2026-05-08,rho_z_eta_sweep,robust_pomcp,0.0,0.05,nominal,100,5,5,0.0,0.0,41,-82.0,0.2149226999899838,2,1,2
E3,2026-05-08,rho_z_eta_sweep,robust_pomcp,0.0,0.05,nominal,100,5,5,0.0,0.0,42,-93.0,0.22607420000713319,1,1,3
E3,2026-05-08,rho_z_eta_sweep,robust_pomcp,0.0,0.05,nominal,100,5,5,0.0,0.0,43,-104.0,0.2167617000231985,0,1,4
E3,2026-05-08,rho_z_eta_sweep,robust_pomcp,0.0,0.05,nominal,100,5,5,0.0,0.0,44,28.0,0.23004279998713173,3,0,2
E3,2026-05-08,rho_z_eta_sweep,robust_pomcp,0.0,0.05,nominal,100,5,5,0.0,0.0,45,-93.0,0.2139172999886796,1,1,3
E3,2026-05-08,rho_z_eta_sweep,robust_pomcp,0.0,0.05,nominal,100,5,5,0.0,0.0,46,-93.0,0.20395759999519214,1,1,3
E3,2026-05-08,rho_z_eta_sweep,robust_pomcp,0.0,0.05,nominal,100,5,5,0.0,0.0,47,-93.0,0.21033079997869208,1,1,3
E3,2026-05-08,rho_z_eta_sweep,robust_pomcp,0.0,0.05,nominal,100,5,5,0.0,0.0,48,28.0,0.21827809998649172,3,0,2
E3,2026-05-08,rho_z_eta_sweep,robust_pomcp,0.0,0.05,nominal,100,5,5,0.0,0.0,49,28.0,0.21158699999796227,3,0,2
E3,2026-05-08,rho_z_eta_sweep,robust_pomcp,0.0,0.05,nominal,100,5,5,0.0,0.0,50,-71.0,0.2160773000214249,3,1,1
E3,2026-05-08,rho_z_eta_sweep,robust_pomcp,0.0,0.05,nominal,100,5,5,0.0,0.0,51,-82.0,0.2232660999870859,2,1,2
E3,2026-05-08,rho_z_eta_sweep,robust_pomcp,0.0,0.05,nominal,100,5,5,0.0,0.0,52,39.0,0.2144235000014305,4,0,1
E3,2026-05-08,rho_z_eta_sweep,robust_pomcp,0.0,0.05,nominal,100,5,5,0.0,0.0,53,-181.0,0.22298230000887997,2,2,1
E3,2026-05-08,rho_z_eta_sweep,robust_pomcp,0.0,0.05,nominal,100,5,5,0.0,0.0,54,6.0,0.20783139998093247,1,0,4
E3,2026-05-08,rho_z_eta_sweep,robust_pomcp,0.0,0.05,nominal,100,5,5,0.0,0.0,55,17.0,0.2252671000023838,2,0,3
E3,2026-05-08,rho_z_eta_sweep,robust_pomcp,0.0,0.05,nominal,100,5,5,0.0,0.0,56,6.0,0.21216900000581518,1,0,4
E3,2026-05-08,rho_z_eta_sweep,robust_pomcp,0.0,0.05,nominal,100,5,5,0.0,0.0,57,-71.0,0.2218253999890294,3,1,1
E3,2026-05-08,rho_z_eta_sweep,robust_pomcp,0.0,0.05,nominal,100,5,5,0.0,0.0,58,28.0,0.20917079999344423,3,0,2
E3,2026-05-08,rho_z_eta_sweep,robust_pomcp,0.0,0.05,nominal,100,5,5,0.0,0.0,59,-82.0,0.22126700001535937,2,1,2
E3,2026-05-08,rho_z_eta_sweep,robust_pomcp,0.0,0.05,nominal,100,5,5,0.0,0.0,60,17.0,0.20950050000101328,2,0,3
E3,2026-05-08,rho_z_eta_sweep,robust_pomcp,0.0,0.05,nominal,100,5,5,0.0,0.0,61,28.0,0.22276439997949637,3,0,2
E3,2026-05-08,rho_z_eta_sweep,robust_pomcp,0.0,0.05,nominal,100,5,5,0.0,0.0,62,17.0,0.21417679998558015,2,0,3
E3,2026-05-08,rho_z_eta_sweep,robust_pomcp,0.0,0.05,nominal,100,5,5,0.0,0.0,63,-60.0,0.2309059000108391,4,1,0
E3,2026-05-08,rho_z_eta_sweep,robust_pomcp,0.0,0.05,nominal,100,5,5,0.0,0.0,64,6.0,0.22168189997319132,1,0,4
E3,2026-05-08,rho_z_eta_sweep,robust_pomcp,0.0,0.05,nominal,100,5,5,0.0,0.0,65,17.0,0.2197675000061281,2,0,3
E3,2026-05-08,rho_z_eta_sweep,robust_pomcp,0.0,0.05,nominal,100,5,5,0.0,0.0,66,-93.0,0.2344431999954395,1,1,3
E3,2026-05-08,rho_z_eta_sweep,robust_pomcp,0.0,0.05,nominal,100,5,5,0.0,0.0,67,17.0,0.21555360002093948,2,0,3
E3,2026-05-08,rho_z_eta_sweep,robust_pomcp,0.0,0.05,nominal,100,5,5,0.0,0.0,68,28.0,0.21946239998214878,3,0,2
E3,2026-05-08,rho_z_eta_sweep,robust_pomcp,0.0,0.05,nominal,100,5,5,0.0,0.0,69,17.0,0.22292189998552203,2,0,3
E3,2026-05-08,rho_z_eta_sweep,robust_pomcp,0.0,0.05,nominal,100,5,5,0.0,0.0,70,17.0,0.20844789998955093,2,0,3
E3,2026-05-08,rho_z_eta_sweep,robust_pomcp,0.0,0.05,nominal,100,5,5,0.0,0.0,71,-82.0,0.2264556000009179,2,1,2
E3,2026-05-08,rho_z_eta_sweep,robust_pomcp,0.0,0.05,nominal,100,5,5,0.0,0.0,72,-71.0,0.23492550000082701,3,1,1
E3,2026-05-08,rho_z_eta_sweep,robust_pomcp,0.0,0.05,nominal,100,5,5,0.0,0.0,73,-82.0,0.23096800001803786,2,1,2
E3,2026-05-08,rho_z_eta_sweep,robust_pomcp,0.0,0.05,nominal,100,5,5,0.0,0.0,74,28.0,0.2177846000122372,3,0,2
E3,2026-05-08,rho_z_eta_sweep,robust_pomcp,0.0,0.05,nominal,100,5,5,0.0,0.0,75,-93.0,0.23524219999671914,1,1,3
E3,2026-05-08,rho_z_eta_sweep,robust_pomcp,0.0,0.05,nominal,100,5,5,0.0,0.0,76,-181.0,0.23168739999528043,2,2,1
E3,2026-05-08,rho_z_eta_sweep,robust_pomcp,0.0,0.05,nominal,100,5,5,0.0,0.0,77,17.0,0.21888749999925494,2,0,3
E3,2026-05-08,rho_z_eta_sweep,robust_pomcp,0.0,0.05,nominal,100,5,5,0.0,0.0,78,17.0,0.21206859999801964,2,0,3
E3,2026-05-08,rho_z_eta_sweep,robust_pomcp,0.0,0.05,nominal,100,5,5,0.0,0.0,79,-5.0,0.2188540000061039,0,0,5
E3,2026-05-08,rho_z_eta_sweep,robust_pomcp,0.0,0.05,nominal,100,5,5,0.0,0.0,80,-93.0,0.2313029000069946,1,1,3
E3,2026-05-08,rho_z_eta_sweep,robust_pomcp,0.0,0.05,nominal,100,5,5,0.0,0.0,81,-181.0,0.21785099999397062,2,2,1
E3,2026-05-08,rho_z_eta_sweep,robust_pomcp,0.0,0.05,nominal,100,5,5,0.0,0.0,82,17.0,0.2098266999819316,2,0,3
E3,2026-05-08,rho_z_eta_sweep,robust_pomcp,0.0,0.05,nominal,100,5,5,0.0,0.0,83,-82.0,0.22033049998572096,2,1,2
E3,2026-05-08,rho_z_eta_sweep,robust_pomcp,0.0,0.05,nominal,100,5,5,0.0,0.0,84,17.0,0.22435330000007525,2,0,3
E3,2026-05-08,rho_z_eta_sweep,robust_pomcp,0.0,0.05,nominal,100,5,5,0.0,0.0,85,-71.0,0.21829330001492053,3,1,1
E3,2026-05-08,rho_z_eta_sweep,robust_pomcp,0.0,0.05,nominal,100,5,5,0.0,0.0,86,17.0,0.20833850000053644,2,0,3
E3,2026-05-08,rho_z_eta_sweep,robust_pomcp,0.0,0.05,nominal,100,5,5,0.0,0.0,87,17.0,0.21971860001212917,2,0,3
E3,2026-05-08,rho_z_eta_sweep,robust_pomcp,0.0,0.05,nominal,100,5,5,0.0,0.0,88,-82.0,0.21733270000549965,2,1,2
E3,2026-05-08,rho_z_eta_sweep,robust_pomcp,0.0,0.05,nominal,100,5,5,0.0,0.0,89,28.0,0.23335819999920204,3,0,2
E3,2026-05-08,rho_z_eta_sweep,robust_pomcp,0.0,0.05,nominal,100,5,5,0.0,0.0,90,-82.0,0.2358863000117708,2,1,2
E3,2026-05-08,rho_z_eta_sweep,robust_pomcp,0.0,0.05,nominal,100,5,5,0.0,0.0,91,-93.0,0.2328904000169132,1,1,3
E3,2026-05-08,rho_z_eta_sweep,robust_pomcp,0.0,0.05,nominal,100,5,5,0.0,0.0,92,-93.0,0.21840129999327473,1,1,3
E3,2026-05-08,rho_z_eta_sweep,robust_pomcp,0.0,0.05,nominal,100,5,5,0.0,0.0,93,6.0,0.19338229999993928,1,0,4
E3,2026-05-08,rho_z_eta_sweep,robust_pomcp,0.0,0.05,nominal,100,5,5,0.0,0.0,94,17.0,0.20498810001299717,2,0,3
E3,2026-05-08,rho_z_eta_sweep,robust_pomcp,0.0,0.05,nominal,100,5,5,0.0,0.0,95,-82.0,0.20995930000208318,2,1,2
E3,2026-05-08,rho_z_eta_sweep,robust_pomcp,0.0,0.05,nominal,100,5,5,0.0,0.0,96,-181.0,0.22087190000456758,2,2,1
E3,2026-05-08,rho_z_eta_sweep,robust_pomcp,0.0,0.05,nominal,100,5,5,0.0,0.0,97,-181.0,0.21355570000014268,2,2,1
E3,2026-05-08,rho_z_eta_sweep,robust_pomcp,0.0,0.05,nominal,100,5,5,0.0,0.0,98,-93.0,0.21467610000399873,1,1,3
E3,2026-05-08,rho_z_eta_sweep,robust_pomcp,0.0,0.05,nominal,100,5,5,0.0,0.0,99,6.0,0.19974650000222027,1,0,4
E3,2026-05-08,rho_z_eta_sweep,robust_pomcp,0.0,0.05,nominal,100,5,5,0.0,0.0,100,-93.0,0.22757359998649918,1,1,3
E3,2026-05-08,rho_z_eta_sweep,robust_pomcp,0.0,0.05,nominal,100,5,5,0.00625,0.0,1,-82.0,0.23276159999659285,2,1,2
E3,2026-05-08,rho_z_eta_sweep,robust_pomcp,0.0,0.05,nominal,100,5,5,0.00625,0.0,2,-82.0,0.21453769999789074,2,1,2
E3,2026-05-08,rho_z_eta_sweep,robust_pomcp,0.0,0.05,nominal,100,5,5,0.00625,0.0,3,28.0,0.22784870001487434,3,0,2
E3,2026-05-08,rho_z_eta_sweep,robust_pomcp,0.0,0.05,nominal,100,5,5,0.00625,0.0,4,-71.0,0.21281319999252446,3,1,1
E3,2026-05-08,rho_z_eta_sweep,robust_pomcp,0.0,0.05,nominal,100,5,5,0.00625,0.0,5,-5.0,0.22931959998095408,0,0,5
E3,2026-05-08,rho_z_eta_sweep,robust_pomcp,0.0,0.05,nominal,100,5,5,0.00625,0.0,6,-82.0,0.22010400000726804,2,1,2
E3,2026-05-08,rho_z_eta_sweep,robust_pomcp,0.0,0.05,nominal,100,5,5,0.00625,0.0,7,-104.0,0.20014739999896847,0,1,4
E3,2026-05-08,rho_z_eta_sweep,robust_pomcp,0.0,0.05,nominal,100,5,5,0.00625,0.0,8,-104.0,0.20888669998385012,0,1,4
E3,2026-05-08,rho_z_eta_sweep,robust_pomcp,0.0,0.05,nominal,100,5,5,0.00625,0.0,9,6.0,0.21493249997729436,1,0,4
E3,2026-05-08,rho_z_eta_sweep,robust_pomcp,0.0,0.05,nominal,100,5,5,0.00625,0.0,10,-181.0,0.21343439997872338,2,2,1
E3,2026-05-08,rho_z_eta_sweep,robust_pomcp,0.0,0.05,nominal,100,5,5,0.00625,0.0,11,-5.0,0.1985409999906551,0,0,5
E3,2026-05-08,rho_z_eta_sweep,robust_pomcp,0.0,0.05,nominal,100,5,5,0.00625,0.0,12,-93.0,0.21567860001232475,1,1,3
E3,2026-05-08,rho_z_eta_sweep,robust_pomcp,0.0,0.05,nominal,100,5,5,0.00625,0.0,13,28.0,0.24268659998779185,3,0,2
E3,2026-05-08,rho_z_eta_sweep,robust_pomcp,0.0,0.05,nominal,100,5,5,0.00625,0.0,14,28.0,0.21440029999939725,3,0,2
E3,2026-05-08,rho_z_eta_sweep,robust_pomcp,0.0,0.05,nominal,100,5,5,0.00625,0.0,15,17.0,0.23228729999391362,2,0,3
E3,2026-05-08,rho_z_eta_sweep,robust_pomcp,0.0,0.05,nominal,100,5,5,0.00625,0.0,16,17.0,0.2193154999986291,2,0,3
E3,2026-05-08,rho_z_eta_sweep,robust_pomcp,0.0,0.05,nominal,100,5,5,0.00625,0.0,17,-5.0,0.21173629999975674,0,0,5
E3,2026-05-08,rho_z_eta_sweep,robust_pomcp,0.0,0.05,nominal,100,5,5,0.00625,0.0,18,-82.0,0.2452927999838721,2,1,2
E3,2026-05-08,rho_z_eta_sweep,robust_pomcp,0.0,0.05,nominal,100,5,5,0.00625,0.0,19,17.0,0.228776799980551,2,0,3
E3,2026-05-08,rho_z_eta_sweep,robust_pomcp,0.0,0.05,nominal,100,5,5,0.00625,0.0,20,17.0,0.23059989998000674,2,0,3
E3,2026-05-08,rho_z_eta_sweep,robust_pomcp,0.0,0.05,nominal,100,5,5,0.00625,0.0,21,17.0,0.23774070001672953,2,0,3
E3,2026-05-08,rho_z_eta_sweep,robust_pomcp,0.0,0.05,nominal,100,5,5,0.00625,0.0,22,17.0,0.23633799998788163,2,0,3
E3,2026-05-08,rho_z_eta_sweep,robust_pomcp,0.0,0.05,nominal,100,5,5,0.00625,0.0,23,6.0,0.21256759998505004,1,0,4
E3,2026-05-08,rho_z_eta_sweep,robust_pomcp,0.0,0.05,nominal,100,5,5,0.00625,0.0,24,6.0,0.2095168000087142,1,0,4
E3,2026-05-08,rho_z_eta_sweep,robust_pomcp,0.0,0.05,nominal,100,5,5,0.00625,0.0,25,-192.0,0.21138270001392812,1,2,2
E3,2026-05-08,rho_z_eta_sweep,robust_pomcp,0.0,0.05,nominal,100,5,5,0.00625,0.0,26,28.0,0.23715799997444265,3,0,2
E3,2026-05-08,rho_z_eta_sweep,robust_pomcp,0.0,0.05,nominal,100,5,5,0.00625,0.0,27,-5.0,0.21223370000370778,0,0,5
E3,2026-05-08,rho_z_eta_sweep,robust_pomcp,0.0,0.05,nominal,100,5,5,0.00625,0.0,28,-170.0,0.2177015999914147,3,2,0
E3,2026-05-08,rho_z_eta_sweep,robust_pomcp,0.0,0.05,nominal,100,5,5,0.00625,0.0,29,28.0,0.21448219998273998,3,0,2
E3,2026-05-08,rho_z_eta_sweep,robust_pomcp,0.0,0.05,nominal,100,5,5,0.00625,0.0,30,-93.0,0.21326250000856817,1,1,3
E3,2026-05-08,rho_z_eta_sweep,robust_pomcp,0.0,0.05,nominal,100,5,5,0.00625,0.0,31,-82.0,0.22077220000210218,2,1,2
E3,2026-05-08,rho_z_eta_sweep,robust_pomcp,0.0,0.05,nominal,100,5,5,0.00625,0.0,32,-82.0,0.23042780000832863,2,1,2
E3,2026-05-08,rho_z_eta_sweep,robust_pomcp,0.0,0.05,nominal,100,5,5,0.00625,0.0,33,-82.0,0.22930850001284853,2,1,2
E3,2026-05-08,rho_z_eta_sweep,robust_pomcp,0.0,0.05,nominal,100,5,5,0.00625,0.0,34,-82.0,0.22233849999611266,2,1,2
E3,2026-05-08,rho_z_eta_sweep,robust_pomcp,0.0,0.05,nominal,100,5,5,0.00625,0.0,35,-82.0,0.24194969999371096,2,1,2
E3,2026-05-08,rho_z_eta_sweep,robust_pomcp,0.0,0.05,nominal,100,5,5,0.00625,0.0,36,-82.0,0.25453960002050735,2,1,2
E3,2026-05-08,rho_z_eta_sweep,robust_pomcp,0.0,0.05,nominal,100,5,5,0.00625,0.0,37,-181.0,0.22716400001081638,2,2,1
E3,2026-05-08,rho_z_eta_sweep,robust_pomcp,0.0,0.05,nominal,100,5,5,0.00625,0.0,38,39.0,0.21892300000763498,4,0,1
E3,2026-05-08,rho_z_eta_sweep,robust_pomcp,0.0,0.05,nominal,100,5,5,0.00625,0.0,39,-302.0,0.2198670000070706,0,3,2
E3,2026-05-08,rho_z_eta_sweep,robust_pomcp,0.0,0.05,nominal,100,5,5,0.00625,0.0,40,-82.0,0.22248380002565682,2,1,2
E3,2026-05-08,rho_z_eta_sweep,robust_pomcp,0.0,0.05,nominal,100,5,5,0.00625,0.0,41,17.0,0.22237450000829995,2,0,3
E3,2026-05-08,rho_z_eta_sweep,robust_pomcp,0.0,0.05,nominal,100,5,5,0.00625,0.0,42,-5.0,0.21565349999582395,0,0,5
E3,2026-05-08,rho_z_eta_sweep,robust_pomcp,0.0,0.05,nominal,100,5,5,0.00625,0.0,43,17.0,0.2465327999962028,2,0,3
E3,2026-05-08,rho_z_eta_sweep,robust_pomcp,0.0,0.05,nominal,100,5,5,0.00625,0.0,44,28.0,0.2275571000063792,3,0,2
E3,2026-05-08,rho_z_eta_sweep,robust_pomcp,0.0,0.05,nominal,100,5,5,0.00625,0.0,45,-82.0,0.2024847000138834,2,1,2
E3,2026-05-08,rho_z_eta_sweep,robust_pomcp,0.0,0.05,nominal,100,5,5,0.00625,0.0,46,28.0,0.21568890000344254,3,0,2
E3,2026-05-08,rho_z_eta_sweep,robust_pomcp,0.0,0.05,nominal,100,5,5,0.00625,0.0,47,6.0,0.2248783000104595,1,0,4
E3,2026-05-08,rho_z_eta_sweep,robust_pomcp,0.0,0.05,nominal,100,5,5,0.00625,0.0,48,-93.0,0.21761950000654906,1,1,3
E3,2026-05-08,rho_z_eta_sweep,robust_pomcp,0.0,0.05,nominal,100,5,5,0.00625,0.0,49,17.0,0.20356320001883432,2,0,3
E3,2026-05-08,rho_z_eta_sweep,robust_pomcp,0.0,0.05,nominal,100,5,5,0.00625,0.0,50,-82.0,0.22328459998243488,2,1,2
E3,2026-05-08,rho_z_eta_sweep,robust_pomcp,0.0,0.05,nominal,100,5,5,0.00625,0.0,51,17.0,0.2102244999841787,2,0,3
E3,2026-05-08,rho_z_eta_sweep,robust_pomcp,0.0,0.05,nominal,100,5,5,0.00625,0.0,52,6.0,0.21072350000031292,1,0,4
E3,2026-05-08,rho_z_eta_sweep,robust_pomcp,0.0,0.05,nominal,100,5,5,0.00625,0.0,53,28.0,0.21955700000398792,3,0,2
E3,2026-05-08,rho_z_eta_sweep,robust_pomcp,0.0,0.05,nominal,100,5,5,0.00625,0.0,54,6.0,0.235164400015492,1,0,4
E3,2026-05-08,rho_z_eta_sweep,robust_pomcp,0.0,0.05,nominal,100,5,5,0.00625,0.0,55,17.0,0.217525400017621,2,0,3
E3,2026-05-08,rho_z_eta_sweep,robust_pomcp,0.0,0.05,nominal,100,5,5,0.00625,0.0,56,-82.0,0.2059878000000026,2,1,2
E3,2026-05-08,rho_z_eta_sweep,robust_pomcp,0.0,0.05,nominal,100,5,5,0.00625,0.0,57,-5.0,0.19679009998799302,0,0,5
E3,2026-05-08,rho_z_eta_sweep,robust_pomcp,0.0,0.05,nominal,100,5,5,0.00625,0.0,58,-192.0,0.22571749999769963,1,2,2
E3,2026-05-08,rho_z_eta_sweep,robust_pomcp,0.0,0.05,nominal,100,5,5,0.00625,0.0,59,-82.0,0.22079809999559075,2,1,2
E3,2026-05-08,rho_z_eta_sweep,robust_pomcp,0.0,0.05,nominal,100,5,5,0.00625,0.0,60,28.0,0.22119400001247413,3,0,2
E3,2026-05-08,rho_z_eta_sweep,robust_pomcp,0.0,0.05,nominal,100,5,5,0.00625,0.0,61,-93.0,0.24678979997406714,1,1,3
E3,2026-05-08,rho_z_eta_sweep,robust_pomcp,0.0,0.05,nominal,100,5,5,0.00625,0.0,62,28.0,0.23435720000998117,3,0,2
E3,2026-05-08,rho_z_eta_sweep,robust_pomcp,0.0,0.05,nominal,100,5,5,0.00625,0.0,63,39.0,0.2525442000187468,4,0,1
E3,2026-05-08,rho_z_eta_sweep,robust_pomcp,0.0,0.05,nominal,100,5,5,0.00625,0.0,64,-104.0,0.2148031999822706,0,1,4
E3,2026-05-08,rho_z_eta_sweep,robust_pomcp,0.0,0.05,nominal,100,5,5,0.00625,0.0,65,-82.0,0.2094848999986425,2,1,2
E3,2026-05-08,rho_z_eta_sweep,robust_pomcp,0.0,0.05,nominal,100,5,5,0.00625,0.0,66,6.0,0.22663330001523718,1,0,4
E3,2026-05-08,rho_z_eta_sweep,robust_pomcp,0.0,0.05,nominal,100,5,5,0.00625,0.0,67,-71.0,0.2306918999820482,3,1,1
E3,2026-05-08,rho_z_eta_sweep,robust_pomcp,0.0,0.05,nominal,100,5,5,0.00625,0.0,68,-181.0,0.21195140000781976,2,2,1
E3,2026-05-08,rho_z_eta_sweep,robust_pomcp,0.0,0.05,nominal,100,5,5,0.00625,0.0,69,6.0,0.2400105999840889,1,0,4
E3,2026-05-08,rho_z_eta_sweep,robust_pomcp,0.0,0.05,nominal,100,5,5,0.00625,0.0,70,39.0,0.21700699999928474,4,0,1
E3,2026-05-08,rho_z_eta_sweep,robust_pomcp,0.0,0.05,nominal,100,5,5,0.00625,0.0,71,39.0,0.22589329999755137,4,0,1
E3,2026-05-08,rho_z_eta_sweep,robust_pomcp,0.0,0.05,nominal,100,5,5,0.00625,0.0,72,50.0,0.2291311000008136,5,0,0
E3,2026-05-08,rho_z_eta_sweep,robust_pomcp,0.0,0.05,nominal,100,5,5,0.00625,0.0,73,39.0,0.23501130001386628,4,0,1
E3,2026-05-08,rho_z_eta_sweep,robust_pomcp,0.0,0.05,nominal,100,5,5,0.00625,0.0,74,28.0,0.21147780001047067,3,0,2
E3,2026-05-08,rho_z_eta_sweep,robust_pomcp,0.0,0.05,nominal,100,5,5,0.00625,0.0,75,28.0,0.22275419998914003,3,0,2
E3,2026-05-08,rho_z_eta_sweep,robust_pomcp,0.0,0.05,nominal,100,5,5,0.00625,0.0,76,-5.0,0.2090262999990955,0,0,5
E3,2026-05-08,rho_z_eta_sweep,robust_pomcp,0.0,0.05,nominal,100,5,5,0.00625,0.0,77,-82.0,0.21208609998575412,2,1,2
E3,2026-05-08,rho_z_eta_sweep,robust_pomcp,0.0,0.05,nominal,100,5,5,0.00625,0.0,78,17.0,0.2128157000115607,2,0,3
E3,2026-05-08,rho_z_eta_sweep,robust_pomcp,0.0,0.05,nominal,100,5,5,0.00625,0.0,79,-82.0,0.21181000000797212,2,1,2
E3,2026-05-08,rho_z_eta_sweep,robust_pomcp,0.0,0.05,nominal,100,5,5,0.00625,0.0,80,-82.0,0.22008100000675768,2,1,2
E3,2026-05-08,rho_z_eta_sweep,robust_pomcp,0.0,0.05,nominal,100,5,5,0.00625,0.0,81,28.0,0.21861449998687021,3,0,2
E3,2026-05-08,rho_z_eta_sweep,robust_pomcp,0.0,0.05,nominal,100,5,5,0.00625,0.0,82,17.0,0.2147017999959644,2,0,3
E3,2026-05-08,rho_z_eta_sweep,robust_pomcp,0.0,0.05,nominal,100,5,5,0.00625,0.0,83,17.0,0.2223797999904491,2,0,3
E3,2026-05-08,rho_z_eta_sweep,robust_pomcp,0.0,0.05,nominal,100,5,5,0.00625,0.0,84,-71.0,0.2135695000179112,3,1,1
E3,2026-05-08,rho_z_eta_sweep,robust_pomcp,0.0,0.05,nominal,100,5,5,0.00625,0.0,85,-93.0,0.2171237000147812,1,1,3
E3,2026-05-08,rho_z_eta_sweep,robust_pomcp,0.0,0.05,nominal,100,5,5,0.00625,0.0,86,-93.0,0.2205725999956485,1,1,3
E3,2026-05-08,rho_z_eta_sweep,robust_pomcp,0.0,0.05,nominal,100,5,5,0.00625,0.0,87,39.0,0.22400529999868013,4,0,1
E3,2026-05-08,rho_z_eta_sweep,robust_pomcp,0.0,0.05,nominal,100,5,5,0.00625,0.0,88,28.0,0.21777789999032393,3,0,2
E3,2026-05-08,rho_z_eta_sweep,robust_pomcp,0.0,0.05,nominal,100,5,5,0.00625,0.0,89,-82.0,0.21596879998105578,2,1,2
E3,2026-05-08,rho_z_eta_sweep,robust_pomcp,0.0,0.05,nominal,100,5,5,0.00625,0.0,90,17.0,0.2156420000246726,2,0,3
E3,2026-05-08,rho_z_eta_sweep,robust_pomcp,0.0,0.05,nominal,100,5,5,0.00625,0.0,91,39.0,0.22973540000384673,4,0,1
E3,2026-05-08,rho_z_eta_sweep,robust_pomcp,0.0,0.05,nominal,100,5,5,0.00625,0.0,92,28.0,0.2172842000145465,3,0,2
E3,2026-05-08,rho_z_eta_sweep,robust_pomcp,0.0,0.05,nominal,100,5,5,0.00625,0.0,93,-5.0,0.19434200000250712,0,0,5
E3,2026-05-08,rho_z_eta_sweep,robust_pomcp,0.0,0.05,nominal,100,5,5,0.00625,0.0,94,28.0,0.22796240000752732,3,0,2
E3,2026-05-08,rho_z_eta_sweep,robust_pomcp,0.0,0.05,nominal,100,5,5,0.00625,0.0,95,17.0,0.21394900002633221,2,0,3
E3,2026-05-08,rho_z_eta_sweep,robust_pomcp,0.0,0.05,nominal,100,5,5,0.00625,0.0,96,-71.0,0.2214951999776531,3,1,1
E3,2026-05-08,rho_z_eta_sweep,robust_pomcp,0.0,0.05,nominal,100,5,5,0.00625,0.0,97,-71.0,0.22555149998515844,3,1,1
E3,2026-05-08,rho_z_eta_sweep,robust_pomcp,0.0,0.05,nominal,100,5,5,0.00625,0.0,98,-71.0,0.23036700001102872,3,1,1
E3,2026-05-08,rho_z_eta_sweep,robust_pomcp,0.0,0.05,nominal,100,5,5,0.00625,0.0,99,17.0,0.2350387999904342,2,0,3
E3,2026-05-08,rho_z_eta_sweep,robust_pomcp,0.0,0.05,nominal,100,5,5,0.00625,0.0,100,-192.0,0.22523010001168586,1,2,2
E3,2026-05-08,rho_z_eta_sweep,robust_pomcp,0.0,0.05,nominal,100,5,5,0.0125,0.0,1,-82.0,0.21615530000417493,2,1,2
E3,2026-05-08,rho_z_eta_sweep,robust_pomcp,0.0,0.05,nominal,100,5,5,0.0125,0.0,2,17.0,0.22273039998253807,2,0,3
E3,2026-05-08,rho_z_eta_sweep,robust_pomcp,0.0,0.05,nominal,100,5,5,0.0125,0.0,3,-82.0,0.2392845999856945,2,1,2
E3,2026-05-08,rho_z_eta_sweep,robust_pomcp,0.0,0.05,nominal,100,5,5,0.0125,0.0,4,-82.0,0.2232128999894485,2,1,2
E3,2026-05-08,rho_z_eta_sweep,robust_pomcp,0.0,0.05,nominal,100,5,5,0.0125,0.0,5,-71.0,0.2383315000042785,3,1,1
E3,2026-05-08,rho_z_eta_sweep,robust_pomcp,0.0,0.05,nominal,100,5,5,0.0125,0.0,6,-82.0,0.2580988999980036,2,1,2
E3,2026-05-08,rho_z_eta_sweep,robust_pomcp,0.0,0.05,nominal,100,5,5,0.0125,0.0,7,-93.0,0.22251570000662468,1,1,3
E3,2026-05-08,rho_z_eta_sweep,robust_pomcp,0.0,0.05,nominal,100,5,5,0.0125,0.0,8,17.0,0.2222512000007555,2,0,3
E3,2026-05-08,rho_z_eta_sweep,robust_pomcp,0.0,0.05,nominal,100,5,5,0.0125,0.0,9,-93.0,0.2100882999948226,1,1,3
E3,2026-05-08,rho_z_eta_sweep,robust_pomcp,0.0,0.05,nominal,100,5,5,0.0125,0.0,10,28.0,0.22868230001768097,3,0,2
E3,2026-05-08,rho_z_eta_sweep,robust_pomcp,0.0,0.05,nominal,100,5,5,0.0125,0.0,11,17.0,0.23511390000930987,2,0,3
E3,2026-05-08,rho_z_eta_sweep,robust_pomcp,0.0,0.05,nominal,100,5,5,0.0125,0.0,12,17.0,0.22699520000605844,2,0,3
E3,2026-05-08,rho_z_eta_sweep,robust_pomcp,0.0,0.05,nominal,100,5,5,0.0125,0.0,13,-93.0,0.22480359999462962,1,1,3
E3,2026-05-08,rho_z_eta_sweep,robust_pomcp,0.0,0.05,nominal,100,5,5,0.0125,0.0,14,6.0,0.2221686000120826,1,0,4
E3,2026-05-08,rho_z_eta_sweep,robust_pomcp,0.0,0.05,nominal,100,5,5,0.0125,0.0,15,28.0,0.23136350000277162,3,0,2
E3,2026-05-08,rho_z_eta_sweep,robust_pomcp,0.0,0.05,nominal,100,5,5,0.0125,0.0,16,-93.0,0.22972630002186634,1,1,3
E3,2026-05-08,rho_z_eta_sweep,robust_pomcp,0.0,0.05,nominal,100,5,5,0.0125,0.0,17,-82.0,0.214855099999113,2,1,2
E3,2026-05-08,rho_z_eta_sweep,robust_pomcp,0.0,0.05,nominal,100,5,5,0.0125,0.0,18,17.0,0.22760649997508153,2,0,3
E3,2026-05-08,rho_z_eta_sweep,robust_pomcp,0.0,0.05,nominal,100,5,5,0.0125,0.0,19,28.0,0.2269434000190813,3,0,2
E3,2026-05-08,rho_z_eta_sweep,robust_pomcp,0.0,0.05,nominal,100,5,5,0.0125,0.0,20,28.0,0.21466480000526644,3,0,2
E3,2026-05-08,rho_z_eta_sweep,robust_pomcp,0.0,0.05,nominal,100,5,5,0.0125,0.0,21,-82.0,0.214395200018771,2,1,2
E3,2026-05-08,rho_z_eta_sweep,robust_pomcp,0.0,0.05,nominal,100,5,5,0.0125,0.0,22,17.0,0.23273889999836683,2,0,3
E3,2026-05-08,rho_z_eta_sweep,robust_pomcp,0.0,0.05,nominal,100,5,5,0.0125,0.0,23,28.0,0.21396190000814386,3,0,2
E3,2026-05-08,rho_z_eta_sweep,robust_pomcp,0.0,0.05,nominal,100,5,5,0.0125,0.0,24,-82.0,0.2137284000054933,2,1,2
E3,2026-05-08,rho_z_eta_sweep,robust_pomcp,0.0,0.05,nominal,100,5,5,0.0125,0.0,25,17.0,0.21536780000315048,2,0,3
E3,2026-05-08,rho_z_eta_sweep,robust_pomcp,0.0,0.05,nominal,100,5,5,0.0125,0.0,26,6.0,0.20837169999140315,1,0,4
E3,2026-05-08,rho_z_eta_sweep,robust_pomcp,0.0,0.05,nominal,100,5,5,0.0125,0.0,27,-82.0,0.22102969998377375,2,1,2
E3,2026-05-08,rho_z_eta_sweep,robust_pomcp,0.0,0.05,nominal,100,5,5,0.0125,0.0,28,6.0,0.22691269998904318,1,0,4
E3,2026-05-08,rho_z_eta_sweep,robust_pomcp,0.0,0.05,nominal,100,5,5,0.0125,0.0,29,17.0,0.21293920002062805,2,0,3
E3,2026-05-08,rho_z_eta_sweep,robust_pomcp,0.0,0.05,nominal,100,5,5,0.0125,0.0,30,6.0,0.23442680001608096,1,0,4
E3,2026-05-08,rho_z_eta_sweep,robust_pomcp,0.0,0.05,nominal,100,5,5,0.0125,0.0,31,6.0,0.21247289999155328,1,0,4
E3,2026-05-08,rho_z_eta_sweep,robust_pomcp,0.0,0.05,nominal,100,5,5,0.0125,0.0,32,6.0,0.20168890000786632,1,0,4
E3,2026-05-08,rho_z_eta_sweep,robust_pomcp,0.0,0.05,nominal,100,5,5,0.0125,0.0,33,-93.0,0.21907259998260997,1,1,3
E3,2026-05-08,rho_z_eta_sweep,robust_pomcp,0.0,0.05,nominal,100,5,5,0.0125,0.0,34,17.0,0.2344417999847792,2,0,3
E3,2026-05-08,rho_z_eta_sweep,robust_pomcp,0.0,0.05,nominal,100,5,5,0.0125,0.0,35,6.0,0.21661229999153875,1,0,4
E3,2026-05-08,rho_z_eta_sweep,robust_pomcp,0.0,0.05,nominal,100,5,5,0.0125,0.0,36,-93.0,0.20930679998127744,1,1,3
E3,2026-05-08,rho_z_eta_sweep,robust_pomcp,0.0,0.05,nominal,100,5,5,0.0125,0.0,37,-192.0,0.22152910000295378,1,2,2
E3,2026-05-08,rho_z_eta_sweep,robust_pomcp,0.0,0.05,nominal,100,5,5,0.0125,0.0,38,28.0,0.21516819999669679,3,0,2
E3,2026-05-08,rho_z_eta_sweep,robust_pomcp,0.0,0.05,nominal,100,5,5,0.0125,0.0,39,-500.0,0.22700429998803884,0,5,0
E3,2026-05-08,rho_z_eta_sweep,robust_pomcp,0.0,0.05,nominal,100,5,5,0.0125,0.0,40,6.0,0.22041660000104457,1,0,4
E3,2026-05-08,rho_z_eta_sweep,robust_pomcp,0.0,0.05,nominal,100,5,5,0.0125,0.0,41,-291.0,0.23684210001374595,1,3,1
E3,2026-05-08,rho_z_eta_sweep,robust_pomcp,0.0,0.05,nominal,100,5,5,0.0125,0.0,42,-93.0,0.2345797999878414,1,1,3
E3,2026-05-08,rho_z_eta_sweep,robust_pomcp,0.0,0.05,nominal,100,5,5,0.0125,0.0,43,39.0,0.2310402000148315,4,0,1
E3,2026-05-08,rho_z_eta_sweep,robust_pomcp,0.0,0.05,nominal,100,5,5,0.0125,0.0,44,28.0,0.22702369999024086,3,0,2
E3,2026-05-08,rho_z_eta_sweep,robust_pomcp,0.0,0.05,nominal,100,5,5,0.0125,0.0,45,-181.0,0.20883439999306574,2,2,1
E3,2026-05-08,rho_z_eta_sweep,robust_pomcp,0.0,0.05,nominal,100,5,5,0.0125,0.0,46,28.0,0.21443329998874106,3,0,2
E3,2026-05-08,rho_z_eta_sweep,robust_pomcp,0.0,0.05,nominal,100,5,5,0.0125,0.0,47,-71.0,0.21108239999739453,3,1,1
E3,2026-05-08,rho_z_eta_sweep,robust_pomcp,0.0,0.05,nominal,100,5,5,0.0125,0.0,48,28.0,0.21128389998921193,3,0,2
E3,2026-05-08,rho_z_eta_sweep,robust_pomcp,0.0,0.05,nominal,100,5,5,0.0125,0.0,49,-82.0,0.2151618999778293,2,1,2
E3,2026-05-08,rho_z_eta_sweep,robust_pomcp,0.0,0.05,nominal,100,5,5,0.0125,0.0,50,-71.0,0.21262839998234995,3,1,1
E3,2026-05-08,rho_z_eta_sweep,robust_pomcp,0.0,0.05,nominal,100,5,5,0.0125,0.0,51,28.0,0.2098295999749098,3,0,2
E3,2026-05-08,rho_z_eta_sweep,robust_pomcp,0.0,0.05,nominal,100,5,5,0.0125,0.0,52,-71.0,0.21209190000081435,3,1,1
E3,2026-05-08,rho_z_eta_sweep,robust_pomcp,0.0,0.05,nominal,100,5,5,0.0125,0.0,53,6.0,0.21635869998135604,1,0,4
E3,2026-05-08,rho_z_eta_sweep,robust_pomcp,0.0,0.05,nominal,100,5,5,0.0125,0.0,54,-82.0,0.22573320000083186,2,1,2
E3,2026-05-08,rho_z_eta_sweep,robust_pomcp,0.0,0.05,nominal,100,5,5,0.0125,0.0,55,-71.0,0.21003980000386946,3,1,1
E3,2026-05-08,rho_z_eta_sweep,robust_pomcp,0.0,0.05,nominal,100,5,5,0.0125,0.0,56,-192.0,0.2121837000013329,1,2,2
E3,2026-05-08,rho_z_eta_sweep,robust_pomcp,0.0,0.05,nominal,100,5,5,0.0125,0.0,57,-71.0,0.22654639999382198,3,1,1
E3,2026-05-08,rho_z_eta_sweep,robust_pomcp,0.0,0.05,nominal,100,5,5,0.0125,0.0,58,17.0,0.21849339999607764,2,0,3
E3,2026-05-08,rho_z_eta_sweep,robust_pomcp,0.0,0.05,nominal,100,5,5,0.0125,0.0,59,-5.0,0.2105100000044331,0,0,5
E3,2026-05-08,rho_z_eta_sweep,robust_pomcp,0.0,0.05,nominal,100,5,5,0.0125,0.0,60,17.0,0.21284260001266375,2,0,3
E3,2026-05-08,rho_z_eta_sweep,robust_pomcp,0.0,0.05,nominal,100,5,5,0.0125,0.0,61,28.0,0.2254778000060469,3,0,2
E3,2026-05-08,rho_z_eta_sweep,robust_pomcp,0.0,0.05,nominal,100,5,5,0.0125,0.0,62,-82.0,0.2236644999939017,2,1,2
E3,2026-05-08,rho_z_eta_sweep,robust_pomcp,0.0,0.05,nominal,100,5,5,0.0125,0.0,63,-71.0,0.21854929998517036,3,1,1
E3,2026-05-08,rho_z_eta_sweep,robust_pomcp,0.0,0.05,nominal,100,5,5,0.0125,0.0,64,-203.0,0.20849299998371862,0,2,3
E3,2026-05-08,rho_z_eta_sweep,robust_pomcp,0.0,0.05,nominal,100,5,5,0.0125,0.0,65,-5.0,0.20437359999050386,0,0,5
E3,2026-05-08,rho_z_eta_sweep,robust_pomcp,0.0,0.05,nominal,100,5,5,0.0125,0.0,66,-192.0,0.21510780000244267,1,2,2
E3,2026-05-08,rho_z_eta_sweep,robust_pomcp,0.0,0.05,nominal,100,5,5,0.0125,0.0,67,28.0,0.22595250001177192,3,0,2
E3,2026-05-08,rho_z_eta_sweep,robust_pomcp,0.0,0.05,nominal,100,5,5,0.0125,0.0,68,-5.0,0.2140724000055343,0,0,5
E3,2026-05-08,rho_z_eta_sweep,robust_pomcp,0.0,0.05,nominal,100,5,5,0.0125,0.0,69,17.0,0.21249980002176017,2,0,3
E3,2026-05-08,rho_z_eta_sweep,robust_pomcp,0.0,0.05,nominal,100,5,5,0.0125,0.0,70,28.0,0.22356159999617375,3,0,2
E3,2026-05-08,rho_z_eta_sweep,robust_pomcp,0.0,0.05,nominal,100,5,5,0.0125,0.0,71,-93.0,0.20043669998995028,1,1,3
E3,2026-05-08,rho_z_eta_sweep,robust_pomcp,0.0,0.05,nominal,100,5,5,0.0125,0.0,72,17.0,0.21520430000964552,2,0,3
E3,2026-05-08,rho_z_eta_sweep,robust_pomcp,0.0,0.05,nominal,100,5,5,0.0125,0.0,73,-82.0,0.21875600001658313,2,1,2
E3,2026-05-08,rho_z_eta_sweep,robust_pomcp,0.0,0.05,nominal,100,5,5,0.0125,0.0,74,17.0,0.22434570000041276,2,0,3
E3,2026-05-08,rho_z_eta_sweep,robust_pomcp,0.0,0.05,nominal,100,5,5,0.0125,0.0,75,-93.0,0.22943649999797344,1,1,3
E3,2026-05-08,rho_z_eta_sweep,robust_pomcp,0.0,0.05,nominal,100,5,5,0.0125,0.0,76,39.0,0.24181700000190176,4,0,1
E3,2026-05-08,rho_z_eta_sweep,robust_pomcp,0.0,0.05,nominal,100,5,5,0.0125,0.0,77,17.0,0.21511389999068342,2,0,3
E3,2026-05-08,rho_z_eta_sweep,robust_pomcp,0.0,0.05,nominal,100,5,5,0.0125,0.0,78,6.0,0.22567780001554638,1,0,4
E3,2026-05-08,rho_z_eta_sweep,robust_pomcp,0.0,0.05,nominal,100,5,5,0.0125,0.0,79,-93.0,0.23891240000375547,1,1,3
E3,2026-05-08,rho_z_eta_sweep,robust_pomcp,0.0,0.05,nominal,100,5,5,0.0125,0.0,80,-104.0,0.22483550000470132,0,1,4
E3,2026-05-08,rho_z_eta_sweep,robust_pomcp,0.0,0.05,nominal,100,5,5,0.0125,0.0,81,-71.0,0.22756820000358857,3,1,1
E3,2026-05-08,rho_z_eta_sweep,robust_pomcp,0.0,0.05,nominal,100,5,5,0.0125,0.0,82,-192.0,0.22463899999274872,1,2,2
E3,2026-05-08,rho_z_eta_sweep,robust_pomcp,0.0,0.05,nominal,100,5,5,0.0125,0.0,83,-181.0,0.23057169999810867,2,2,1
E3,2026-05-08,rho_z_eta_sweep,robust_pomcp,0.0,0.05,nominal,100,5,5,0.0125,0.0,84,17.0,0.2244248999923002,2,0,3
E3,2026-05-08,rho_z_eta_sweep,robust_pomcp,0.0,0.05,nominal,100,5,5,0.0125,0.0,85,-93.0,0.22643710000556894,1,1,3
E3,2026-05-08,rho_z_eta_sweep,robust_pomcp,0.0,0.05,nominal,100,5,5,0.0125,0.0,86,39.0,0.21386879999772646,4,0,1
E3,2026-05-08,rho_z_eta_sweep,robust_pomcp,0.0,0.05,nominal,100,5,5,0.0125,0.0,87,28.0,0.2148293000063859,3,0,2
E3,2026-05-08,rho_z_eta_sweep,robust_pomcp,0.0,0.05,nominal,100,5,5,0.0125,0.0,88,17.0,0.21662739999010228,2,0,3
E3,2026-05-08,rho_z_eta_sweep,robust_pomcp,0.0,0.05,nominal,100,5,5,0.0125,0.0,89,-181.0,0.21341739999479614,2,2,1
E3,2026-05-08,rho_z_eta_sweep,robust_pomcp,0.0,0.05,nominal,100,5,5,0.0125,0.0,90,17.0,0.22980010000173934,2,0,3
E3,2026-05-08,rho_z_eta_sweep,robust_pomcp,0.0,0.05,nominal,100,5,5,0.0125,0.0,91,-71.0,0.22030750001431443,3,1,1
E3,2026-05-08,rho_z_eta_sweep,robust_pomcp,0.0,0.05,nominal,100,5,5,0.0125,0.0,92,-104.0,0.2150160000019241,0,1,4
E3,2026-05-08,rho_z_eta_sweep,robust_pomcp,0.0,0.05,nominal,100,5,5,0.0125,0.0,93,-192.0,0.2284190999926068,1,2,2
E3,2026-05-08,rho_z_eta_sweep,robust_pomcp,0.0,0.05,nominal,100,5,5,0.0125,0.0,94,17.0,0.20851569998194464,2,0,3
E3,2026-05-08,rho_z_eta_sweep,robust_pomcp,0.0,0.05,nominal,100,5,5,0.0125,0.0,95,17.0,0.2082273999985773,2,0,3
E3,2026-05-08,rho_z_eta_sweep,robust_pomcp,0.0,0.05,nominal,100,5,5,0.0125,0.0,96,-93.0,0.2076130000059493,1,1,3
E3,2026-05-08,rho_z_eta_sweep,robust_pomcp,0.0,0.05,nominal,100,5,5,0.0125,0.0,97,39.0,0.22116499999538064,4,0,1
E3,2026-05-08,rho_z_eta_sweep,robust_pomcp,0.0,0.05,nominal,100,5,5,0.0125,0.0,98,-203.0,0.20195430002058856,0,2,3
E3,2026-05-08,rho_z_eta_sweep,robust_pomcp,0.0,0.05,nominal,100,5,5,0.0125,0.0,99,17.0,0.21043120001559146,2,0,3
E3,2026-05-08,rho_z_eta_sweep,robust_pomcp,0.0,0.05,nominal,100,5,5,0.0125,0.0,100,-93.0,0.22915709999506362,1,1,3
E3,2026-05-08,rho_z_eta_sweep,robust_pomcp,0.0,0.05,nominal,100,5,5,0.01875,0.0,1,-82.0,0.22275479999370873,2,1,2
E3,2026-05-08,rho_z_eta_sweep,robust_pomcp,0.0,0.05,nominal,100,5,5,0.01875,0.0,2,6.0,0.21934019998298027,1,0,4
E3,2026-05-08,rho_z_eta_sweep,robust_pomcp,0.0,0.05,nominal,100,5,5,0.01875,0.0,3,-5.0,0.19582300001638941,0,0,5
E3,2026-05-08,rho_z_eta_sweep,robust_pomcp,0.0,0.05,nominal,100,5,5,0.01875,0.0,4,-93.0,0.20598349999636412,1,1,3
E3,2026-05-08,rho_z_eta_sweep,robust_pomcp,0.0,0.05,nominal,100,5,5,0.01875,0.0,5,28.0,0.22306819999357685,3,0,2
E3,2026-05-08,rho_z_eta_sweep,robust_pomcp,0.0,0.05,nominal,100,5,5,0.01875,0.0,6,-82.0,0.20682079999824055,2,1,2
E3,2026-05-08,rho_z_eta_sweep,robust_pomcp,0.0,0.05,nominal,100,5,5,0.01875,0.0,7,6.0,0.23207500000717118,1,0,4
E3,2026-05-08,rho_z_eta_sweep,robust_pomcp,0.0,0.05,nominal,100,5,5,0.01875,0.0,8,17.0,0.21369740000227466,2,0,3
E3,2026-05-08,rho_z_eta_sweep,robust_pomcp,0.0,0.05,nominal,100,5,5,0.01875,0.0,9,17.0,0.21183149999706075,2,0,3
E3,2026-05-08,rho_z_eta_sweep,robust_pomcp,0.0,0.05,nominal,100,5,5,0.01875,0.0,10,-82.0,0.2165413000038825,2,1,2
E3,2026-05-08,rho_z_eta_sweep,robust_pomcp,0.0,0.05,nominal,100,5,5,0.01875,0.0,11,-82.0,0.20545249999850057,2,1,2
E3,2026-05-08,rho_z_eta_sweep,robust_pomcp,0.0,0.05,nominal,100,5,5,0.01875,0.0,12,6.0,0.2036769000114873,1,0,4
E3,2026-05-08,rho_z_eta_sweep,robust_pomcp,0.0,0.05,nominal,100,5,5,0.01875,0.0,13,-82.0,0.20886010001413524,2,1,2
E3,2026-05-08,rho_z_eta_sweep,robust_pomcp,0.0,0.05,nominal,100,5,5,0.01875,0.0,14,-82.0,0.21840159999555908,2,1,2
E3,2026-05-08,rho_z_eta_sweep,robust_pomcp,0.0,0.05,nominal,100,5,5,0.01875,0.0,15,17.0,0.21919760000309907,2,0,3
E3,2026-05-08,rho_z_eta_sweep,robust_pomcp,0.0,0.05,nominal,100,5,5,0.01875,0.0,16,-93.0,0.20674290001625195,1,1,3
E3,2026-05-08,rho_z_eta_sweep,robust_pomcp,0.0,0.05,nominal,100,5,5,0.01875,0.0,17,28.0,0.2055015999940224,3,0,2
E3,2026-05-08,rho_z_eta_sweep,robust_pomcp,0.0,0.05,nominal,100,5,5,0.01875,0.0,18,17.0,0.21057170000858605,2,0,3
E3,2026-05-08,rho_z_eta_sweep,robust_pomcp,0.0,0.05,nominal,100,5,5,0.01875,0.0,19,-71.0,0.23214780000853352,3,1,1
E3,2026-05-08,rho_z_eta_sweep,robust_pomcp,0.0,0.05,nominal,100,5,5,0.01875,0.0,20,17.0,0.21831369999563321,2,0,3
E3,2026-05-08,rho_z_eta_sweep,robust_pomcp,0.0,0.05,nominal,100,5,5,0.01875,0.0,21,28.0,0.22369280000566505,3,0,2
E3,2026-05-08,rho_z_eta_sweep,robust_pomcp,0.0,0.05,nominal,100,5,5,0.01875,0.0,22,-82.0,0.22641219999059103,2,1,2
E3,2026-05-08,rho_z_eta_sweep,robust_pomcp,0.0,0.05,nominal,100,5,5,0.01875,0.0,23,-93.0,0.21494439998059534,1,1,3
E3,2026-05-08,rho_z_eta_sweep,robust_pomcp,0.0,0.05,nominal,100,5,5,0.01875,0.0,24,-71.0,0.21031620001303963,3,1,1
E3,2026-05-08,rho_z_eta_sweep,robust_pomcp,0.0,0.05,nominal,100,5,5,0.01875,0.0,25,-5.0,0.2205555000109598,0,0,5
E3,2026-05-08,rho_z_eta_sweep,robust_pomcp,0.0,0.05,nominal,100,5,5,0.01875,0.0,26,-93.0,0.21240419999230653,1,1,3
E3,2026-05-08,rho_z_eta_sweep,robust_pomcp,0.0,0.05,nominal,100,5,5,0.01875,0.0,27,-192.0,0.21546419998048805,1,2,2
E3,2026-05-08,rho_z_eta_sweep,robust_pomcp,0.0,0.05,nominal,100,5,5,0.01875,0.0,28,-71.0,0.2340390000026673,3,1,1
E3,2026-05-08,rho_z_eta_sweep,robust_pomcp,0.0,0.05,nominal,100,5,5,0.01875,0.0,29,17.0,0.22779850001097657,2,0,3
E3,2026-05-08,rho_z_eta_sweep,robust_pomcp,0.0,0.05,nominal,100,5,5,0.01875,0.0,30,39.0,0.21438039999338798,4,0,1
E3,2026-05-08,rho_z_eta_sweep,robust_pomcp,0.0,0.05,nominal,100,5,5,0.01875,0.0,31,6.0,0.2203772999928333,1,0,4
E3,2026-05-08,rho_z_eta_sweep,robust_pomcp,0.0,0.05,nominal,100,5,5,0.01875,0.0,32,-71.0,0.21896779999951832,3,1,1
E3,2026-05-08,rho_z_eta_sweep,robust_pomcp,0.0,0.05,nominal,100,5,5,0.01875,0.0,33,39.0,0.2373518999957014,4,0,1
E3,2026-05-08,rho_z_eta_sweep,robust_pomcp,0.0,0.05,nominal,100,5,5,0.01875,0.0,34,28.0,0.2150995999982115,3,0,2
E3,2026-05-08,rho_z_eta_sweep,robust_pomcp,0.0,0.05,nominal,100,5,5,0.01875,0.0,35,-181.0,0.21095400000922382,2,2,1
E3,2026-05-08,rho_z_eta_sweep,robust_pomcp,0.0,0.05,nominal,100,5,5,0.01875,0.0,36,17.0,0.2186885999981314,2,0,3
E3,2026-05-08,rho_z_eta_sweep,robust_pomcp,0.0,0.05,nominal,100,5,5,0.01875,0.0,37,17.0,0.22727919998578727,2,0,3
E3,2026-05-08,rho_z_eta_sweep,robust_pomcp,0.0,0.05,nominal,100,5,5,0.01875,0.0,38,-170.0,0.2393218000070192,3,2,0
E3,2026-05-08,rho_z_eta_sweep,robust_pomcp,0.0,0.05,nominal,100,5,5,0.01875,0.0,39,-302.0,0.21714860000065528,0,3,2
E3,2026-05-08,rho_z_eta_sweep,robust_pomcp,0.0,0.05,nominal,100,5,5,0.01875,0.0,40,17.0,0.2056159000203479,2,0,3
E3,2026-05-08,rho_z_eta_sweep,robust_pomcp,0.0,0.05,nominal,100,5,5,0.01875,0.0,41,17.0,0.23584969999501482,2,0,3
E3,2026-05-08,rho_z_eta_sweep,robust_pomcp,0.0,0.05,nominal,100,5,5,0.01875,0.0,42,-82.0,0.21311299997614697,2,1,2
E3,2026-05-08,rho_z_eta_sweep,robust_pomcp,0.0,0.05,nominal,100,5,5,0.01875,0.0,43,-93.0,0.22106360000907443,1,1,3
E3,2026-05-08,rho_z_eta_sweep,robust_pomcp,0.0,0.05,nominal,100,5,5,0.01875,0.0,44,6.0,0.20850810001138598,1,0,4
E3,2026-05-08,rho_z_eta_sweep,robust_pomcp,0.0,0.05,nominal,100,5,5,0.01875,0.0,45,-104.0,0.20837360000587068,0,1,4
E3,2026-05-08,rho_z_eta_sweep,robust_pomcp,0.0,0.05,nominal,100,5,5,0.01875,0.0,46,6.0,0.2187895999813918,1,0,4
E3,2026-05-08,rho_z_eta_sweep,robust_pomcp,0.0,0.05,nominal,100,5,5,0.01875,0.0,47,-93.0,0.20252749999053776,1,1,3
E3,2026-05-08,rho_z_eta_sweep,robust_pomcp,0.0,0.05,nominal,100,5,5,0.01875,0.0,48,28.0,0.2126496999990195,3,0,2
E3,2026-05-08,rho_z_eta_sweep,robust_pomcp,0.0,0.05,nominal,100,5,5,0.01875,0.0,49,-82.0,0.21760620002169162,2,1,2
E3,2026-05-08,rho_z_eta_sweep,robust_pomcp,0.0,0.05,nominal,100,5,5,0.01875,0.0,50,-82.0,0.22001640000962652,2,1,2
E3,2026-05-08,rho_z_eta_sweep,robust_pomcp,0.0,0.05,nominal,100,5,5,0.01875,0.0,51,-82.0,0.20710669999243692,2,1,2
E3,2026-05-08,rho_z_eta_sweep,robust_pomcp,0.0,0.05,nominal,100,5,5,0.01875,0.0,52,-71.0,0.21682299999520183,3,1,1
E3,2026-05-08,rho_z_eta_sweep,robust_pomcp,0.0,0.05,nominal,100,5,5,0.01875,0.0,53,6.0,0.20443430001614615,1,0,4
E3,2026-05-08,rho_z_eta_sweep,robust_pomcp,0.0,0.05,nominal,100,5,5,0.01875,0.0,54,6.0,0.2029016999877058,1,0,4
E3,2026-05-08,rho_z_eta_sweep,robust_pomcp,0.0,0.05,nominal,100,5,5,0.01875,0.0,55,-93.0,0.21136149999802,1,1,3
E3,2026-05-08,rho_z_eta_sweep,robust_pomcp,0.0,0.05,nominal,100,5,5,0.01875,0.0,56,6.0,0.21659339999314398,1,0,4
E3,2026-05-08,rho_z_eta_sweep,robust_pomcp,0.0,0.05,nominal,100,5,5,0.01875,0.0,57,39.0,0.22622169999522157,4,0,1
E3,2026-05-08,rho_z_eta_sweep,robust_pomcp,0.0,0.05,nominal,100,5,5,0.01875,0.0,58,6.0,0.21070489997509867,1,0,4
E3,2026-05-08,rho_z_eta_sweep,robust_pomcp,0.0,0.05,nominal,100,5,5,0.01875,0.0,59,-93.0,0.21884200000204146,1,1,3
E3,2026-05-08,rho_z_eta_sweep,robust_pomcp,0.0,0.05,nominal,100,5,5,0.01875,0.0,60,6.0,0.21209790001739748,1,0,4
E3,2026-05-08,rho_z_eta_sweep,robust_pomcp,0.0,0.05,nominal,100,5,5,0.01875,0.0,61,6.0,0.21053750001010485,1,0,4
E3,2026-05-08,rho_z_eta_sweep,robust_pomcp,0.0,0.05,nominal,100,5,5,0.01875,0.0,62,-82.0,0.2271065999811981,2,1,2
E3,2026-05-08,rho_z_eta_sweep,robust_pomcp,0.0,0.05,nominal,100,5,5,0.01875,0.0,63,28.0,0.21071159999701194,3,0,2
E3,2026-05-08,rho_z_eta_sweep,robust_pomcp,0.0,0.05,nominal,100,5,5,0.01875,0.0,64,-401.0,0.222378700011177,0,4,1
E3,2026-05-08,rho_z_eta_sweep,robust_pomcp,0.0,0.05,nominal,100,5,5,0.01875,0.0,65,-280.0,0.2193793999904301,2,3,0
E3,2026-05-08,rho_z_eta_sweep,robust_pomcp,0.0,0.05,nominal,100,5,5,0.01875,0.0,66,-192.0,0.21844039999996312,1,2,2
E3,2026-05-08,rho_z_eta_sweep,robust_pomcp,0.0,0.05,nominal,100,5,5,0.01875,0.0,67,28.0,0.2144863000139594,3,0,2
E3,2026-05-08,rho_z_eta_sweep,robust_pomcp,0.0,0.05,nominal,100,5,5,0.01875,0.0,68,17.0,0.22177890001330525,2,0,3
E3,2026-05-08,rho_z_eta_sweep,robust_pomcp,0.0,0.05,nominal,100,5,5,0.01875,0.0,69,28.0,0.21355380001477897,3,0,2
E3,2026-05-08,rho_z_eta_sweep,robust_pomcp,0.0,0.05,nominal,100,5,5,0.01875,0.0,70,28.0,0.216843100002734,3,0,2
E3,2026-05-08,rho_z_eta_sweep,robust_pomcp,0.0,0.05,nominal,100,5,5,0.01875,0.0,71,17.0,0.22694500000216067,2,0,3
E3,2026-05-08,rho_z_eta_sweep,robust_pomcp,0.0,0.05,nominal,100,5,5,0.01875,0.0,72,-71.0,0.21721339999930933,3,1,1
E3,2026-05-08,rho_z_eta_sweep,robust_pomcp,0.0,0.05,nominal,100,5,5,0.01875,0.0,73,-181.0,0.22439389998908155,2,2,1
E3,2026-05-08,rho_z_eta_sweep,robust_pomcp,0.0,0.05,nominal,100,5,5,0.01875,0.0,74,-60.0,0.2182576999766752,4,1,0
E3,2026-05-08,rho_z_eta_sweep,robust_pomcp,0.0,0.05,nominal,100,5,5,0.01875,0.0,75,-82.0,0.21888610001769848,2,1,2
E3,2026-05-08,rho_z_eta_sweep,robust_pomcp,0.0,0.05,nominal,100,5,5,0.01875,0.0,76,-71.0,0.21797530000912957,3,1,1
E3,2026-05-08,rho_z_eta_sweep,robust_pomcp,0.0,0.05,nominal,100,5,5,0.01875,0.0,77,-60.0,0.22927669997443445,4,1,0
E3,2026-05-08,rho_z_eta_sweep,robust_pomcp,0.0,0.05,nominal,100,5,5,0.01875,0.0,78,17.0,0.22264900000300258,2,0,3
E3,2026-05-08,rho_z_eta_sweep,robust_pomcp,0.0,0.05,nominal,100,5,5,0.01875,0.0,79,17.0,0.227280699997209,2,0,3
E3,2026-05-08,rho_z_eta_sweep,robust_pomcp,0.0,0.05,nominal,100,5,5,0.01875,0.0,80,-93.0,0.20663170001353137,1,1,3
E3,2026-05-08,rho_z_eta_sweep,robust_pomcp,0.0,0.05,nominal,100,5,5,0.01875,0.0,81,-71.0,0.21702769998228177,3,1,1
E3,2026-05-08,rho_z_eta_sweep,robust_pomcp,0.0,0.05,nominal,100,5,5,0.01875,0.0,82,17.0,0.21439699997426942,2,0,3
E3,2026-05-08,rho_z_eta_sweep,robust_pomcp,0.0,0.05,nominal,100,5,5,0.01875,0.0,83,-71.0,0.214105599996401,3,1,1
E3,2026-05-08,rho_z_eta_sweep,robust_pomcp,0.0,0.05,nominal,100,5,5,0.01875,0.0,84,-71.0,0.2128087000164669,3,1,1
E3,2026-05-08,rho_z_eta_sweep,robust_pomcp,0.0,0.05,nominal,100,5,5,0.01875,0.0,85,-93.0,0.21713590002036653,1,1,3
E3,2026-05-08,rho_z_eta_sweep,robust_pomcp,0.0,0.05,nominal,100,5,5,0.01875,0.0,86,28.0,0.21929899998940527,3,0,2
E3,2026-05-08,rho_z_eta_sweep,robust_pomcp,0.0,0.05,nominal,100,5,5,0.01875,0.0,87,-71.0,0.22308520000660792,3,1,1
E3,2026-05-08,rho_z_eta_sweep,robust_pomcp,0.0,0.05,nominal,100,5,5,0.01875,0.0,88,-104.0,0.20871669999905862,0,1,4
E3,2026-05-08,rho_z_eta_sweep,robust_pomcp,0.0,0.05,nominal,100,5,5,0.01875,0.0,89,17.0,0.22585590000380762,2,0,3
E3,2026-05-08,rho_z_eta_sweep,robust_pomcp,0.0,0.05,nominal,100,5,5,0.01875,0.0,90,6.0,0.20577369999955408,1,0,4
E3,2026-05-08,rho_z_eta_sweep,robust_pomcp,0.0,0.05,nominal,100,5,5,0.01875,0.0,91,17.0,0.22157599998172373,2,0,3
E3,2026-05-08,rho_z_eta_sweep,robust_pomcp,0.0,0.05,nominal,100,5,5,0.01875,0.0,92,17.0,0.20671699999365956,2,0,3
E3,2026-05-08,rho_z_eta_sweep,robust_pomcp,0.0,0.05,nominal,100,5,5,0.01875,0.0,93,6.0,0.21401260001584888,1,0,4
E3,2026-05-08,rho_z_eta_sweep,robust_pomcp,0.0,0.05,nominal,100,5,5,0.01875,0.0,94,28.0,0.20971160000772215,3,0,2
E3,2026-05-08,rho_z_eta_sweep,robust_pomcp,0.0,0.05,nominal,100,5,5,0.01875,0.0,95,28.0,0.2348679999995511,3,0,2
E3,2026-05-08,rho_z_eta_sweep,robust_pomcp,0.0,0.05,nominal,100,5,5,0.01875,0.0,96,-60.0,0.23664210000424646,4,1,0
E3,2026-05-08,rho_z_eta_sweep,robust_pomcp,0.0,0.05,nominal,100,5,5,0.01875,0.0,97,-93.0,0.22336850001011044,1,1,3
E3,2026-05-08,rho_z_eta_sweep,robust_pomcp,0.0,0.05,nominal,100,5,5,0.01875,0.0,98,-181.0,0.21462459999020211,2,2,1
E3,2026-05-08,rho_z_eta_sweep,robust_pomcp,0.0,0.05,nominal,100,5,5,0.01875,0.0,99,28.0,0.21312230001785792,3,0,2
E3,2026-05-08,rho_z_eta_sweep,robust_pomcp,0.0,0.05,nominal,100,5,5,0.01875,0.0,100,6.0,0.2089323999825865,1,0,4
E3,2026-05-08,rho_z_eta_sweep,robust_pomcp,0.0,0.05,nominal,100,5,5,0.025,0.0,1,17.0,0.22363580000819638,2,0,3
E3,2026-05-08,rho_z_eta_sweep,robust_pomcp,0.0,0.05,nominal,100,5,5,0.025,0.0,2,17.0,0.20895309999468736,2,0,3
E3,2026-05-08,rho_z_eta_sweep,robust_pomcp,0.0,0.05,nominal,100,5,5,0.025,0.0,3,6.0,0.205801199976122,1,0,4
E3,2026-05-08,rho_z_eta_sweep,robust_pomcp,0.0,0.05,nominal,100,5,5,0.025,0.0,4,-82.0,0.2204669000057038,2,1,2
E3,2026-05-08,rho_z_eta_sweep,robust_pomcp,0.0,0.05,nominal,100,5,5,0.025,0.0,5,-71.0,0.21878650001599453,3,1,1
E3,2026-05-08,rho_z_eta_sweep,robust_pomcp,0.0,0.05,nominal,100,5,5,0.025,0.0,6,17.0,0.2139618000073824,2,0,3
E3,2026-05-08,rho_z_eta_sweep,robust_pomcp,0.0,0.05,nominal,100,5,5,0.025,0.0,7,28.0,0.21734930001548491,3,0,2
E3,2026-05-08,rho_z_eta_sweep,robust_pomcp,0.0,0.05,nominal,100,5,5,0.025,0.0,8,28.0,0.21742589998757467,3,0,2
E3,2026-05-08,rho_z_eta_sweep,robust_pomcp,0.0,0.05,nominal,100,5,5,0.025,0.0,9,-93.0,0.21137760000419803,1,1,3
E3,2026-05-08,rho_z_eta_sweep,robust_pomcp,0.0,0.05,nominal,100,5,5,0.025,0.0,10,17.0,0.21652210000320338,2,0,3
E3,2026-05-08,rho_z_eta_sweep,robust_pomcp,0.0,0.05,nominal,100,5,5,0.025,0.0,11,17.0,0.20813620000262745,2,0,3
E3,2026-05-08,rho_z_eta_sweep,robust_pomcp,0.0,0.05,nominal,100,5,5,0.025,0.0,12,-82.0,0.2154001999879256,2,1,2
E3,2026-05-08,rho_z_eta_sweep,robust_pomcp,0.0,0.05,nominal,100,5,5,0.025,0.0,13,-93.0,0.2163873999961652,1,1,3
E3,2026-05-08,rho_z_eta_sweep,robust_pomcp,0.0,0.05,nominal,100,5,5,0.025,0.0,14,17.0,0.1997939999855589,2,0,3
E3,2026-05-08,rho_z_eta_sweep,robust_pomcp,0.0,0.05,nominal,100,5,5,0.025,0.0,15,17.0,0.21400000000721775,2,0,3
E3,2026-05-08,rho_z_eta_sweep,robust_pomcp,0.0,0.05,nominal,100,5,5,0.025,0.0,16,-93.0,0.22467130000586621,1,1,3
E3,2026-05-08,rho_z_eta_sweep,robust_pomcp,0.0,0.05,nominal,100,5,5,0.025,0.0,17,28.0,0.2155276999983471,3,0,2
E3,2026-05-08,rho_z_eta_sweep,robust_pomcp,0.0,0.05,nominal,100,5,5,0.025,0.0,18,-71.0,0.22821990001830272,3,1,1
E3,2026-05-08,rho_z_eta_sweep,robust_pomcp,0.0,0.05,nominal,100,5,5,0.025,0.0,19,39.0,0.21355549999861978,4,0,1
E3,2026-05-08,rho_z_eta_sweep,robust_pomcp,0.0,0.05,nominal,100,5,5,0.025,0.0,20,28.0,0.2178544000198599,3,0,2
E3,2026-05-08,rho_z_eta_sweep,robust_pomcp,0.0,0.05,nominal,100,5,5,0.025,0.0,21,6.0,0.215300899988506,1,0,4
E3,2026-05-08,rho_z_eta_sweep,robust_pomcp,0.0,0.05,nominal,100,5,5,0.025,0.0,22,-71.0,0.21257219999097288,3,1,1
E3,2026-05-08,rho_z_eta_sweep,robust_pomcp,0.0,0.05,nominal,100,5,5,0.025,0.0,23,6.0,0.21302389999618754,1,0,4
E3,2026-05-08,rho_z_eta_sweep,robust_pomcp,0.0,0.05,nominal,100,5,5,0.025,0.0,24,6.0,0.22048489999724552,1,0,4
E3,2026-05-08,rho_z_eta_sweep,robust_pomcp,0.0,0.05,nominal,100,5,5,0.025,0.0,25,-181.0,0.21974060000502504,2,2,1
E3,2026-05-08,rho_z_eta_sweep,robust_pomcp,0.0,0.05,nominal,100,5,5,0.025,0.0,26,50.0,0.23218530000303872,5,0,0
E3,2026-05-08,rho_z_eta_sweep,robust_pomcp,0.0,0.05,nominal,100,5,5,0.025,0.0,27,-93.0,0.21699489999446087,1,1,3
E3,2026-05-08,rho_z_eta_sweep,robust_pomcp,0.0,0.05,nominal,100,5,5,0.025,0.0,28,-5.0,0.20280790000106208,0,0,5
E3,2026-05-08,rho_z_eta_sweep,robust_pomcp,0.0,0.05,nominal,100,5,5,0.025,0.0,29,28.0,0.23228409999865107,3,0,2
E3,2026-05-08,rho_z_eta_sweep,robust_pomcp,0.0,0.05,nominal,100,5,5,0.025,0.0,30,28.0,0.21214729998609982,3,0,2
E3,2026-05-08,rho_z_eta_sweep,robust_pomcp,0.0,0.05,nominal,100,5,5,0.025,0.0,31,50.0,0.22028019998106174,5,0,0
E3,2026-05-08,rho_z_eta_sweep,robust_pomcp,0.0,0.05,nominal,100,5,5,0.025,0.0,32,-5.0,0.21278960001654923,0,0,5
E3,2026-05-08,rho_z_eta_sweep,robust_pomcp,0.0,0.05,nominal,100,5,5,0.025,0.0,33,-93.0,0.22513519998756237,1,1,3
E3,2026-05-08,rho_z_eta_sweep,robust_pomcp,0.0,0.05,nominal,100,5,5,0.025,0.0,34,17.0,0.2221090000239201,2,0,3
E3,2026-05-08,rho_z_eta_sweep,robust_pomcp,0.0,0.05,nominal,100,5,5,0.025,0.0,35,17.0,0.23334919998887926,2,0,3
E3,2026-05-08,rho_z_eta_sweep,robust_pomcp,0.0,0.05,nominal,100,5,5,0.025,0.0,36,-203.0,0.23065300000598654,0,2,3
E3,2026-05-08,rho_z_eta_sweep,robust_pomcp,0.0,0.05,nominal,100,5,5,0.025,0.0,37,-93.0,0.23137100000167266,1,1,3
E3,2026-05-08,rho_z_eta_sweep,robust_pomcp,0.0,0.05,nominal,100,5,5,0.025,0.0,38,-192.0,0.22373510000761598,1,2,2
E3,2026-05-08,rho_z_eta_sweep,robust_pomcp,0.0,0.05,nominal,100,5,5,0.025,0.0,39,-181.0,0.2286055999866221,2,2,1
E3,2026-05-08,rho_z_eta_sweep,robust_pomcp,0.0,0.05,nominal,100,5,5,0.025,0.0,40,17.0,0.21763980001560412,2,0,3
E3,2026-05-08,rho_z_eta_sweep,robust_pomcp,0.0,0.05,nominal,100,5,5,0.025,0.0,41,17.0,0.2151562999933958,2,0,3
E3,2026-05-08,rho_z_eta_sweep,robust_pomcp,0.0,0.05,nominal,100,5,5,0.025,0.0,42,-5.0,0.23519340000348166,0,0,5
E3,2026-05-08,rho_z_eta_sweep,robust_pomcp,0.0,0.05,nominal,100,5,5,0.025,0.0,43,-104.0,0.21854189998703077,0,1,4
E3,2026-05-08,rho_z_eta_sweep,robust_pomcp,0.0,0.05,nominal,100,5,5,0.025,0.0,44,-82.0,0.23627619998296723,2,1,2
E3,2026-05-08,rho_z_eta_sweep,robust_pomcp,0.0,0.05,nominal,100,5,5,0.025,0.0,45,-104.0,0.19735110001056455,0,1,4
E3,2026-05-08,rho_z_eta_sweep,robust_pomcp,0.0,0.05,nominal,100,5,5,0.025,0.0,46,17.0,0.2266366999829188,2,0,3
E3,2026-05-08,rho_z_eta_sweep,robust_pomcp,0.0,0.05,nominal,100,5,5,0.025,0.0,47,-82.0,0.21491780001088046,2,1,2
E3,2026-05-08,rho_z_eta_sweep,robust_pomcp,0.0,0.05,nominal,100,5,5,0.025,0.0,48,17.0,0.23236130000441335,2,0,3
E3,2026-05-08,rho_z_eta_sweep,robust_pomcp,0.0,0.05,nominal,100,5,5,0.025,0.0,49,-60.0,0.22706669999752194,4,1,0
E3,2026-05-08,rho_z_eta_sweep,robust_pomcp,0.0,0.05,nominal,100,5,5,0.025,0.0,50,17.0,0.2028207000112161,2,0,3
E3,2026-05-08,rho_z_eta_sweep,robust_pomcp,0.0,0.05,nominal,100,5,5,0.025,0.0,51,39.0,0.22442370001226664,4,0,1
E3,2026-05-08,rho_z_eta_sweep,robust_pomcp,0.0,0.05,nominal,100,5,5,0.025,0.0,52,28.0,0.2166099999740254,3,0,2
E3,2026-05-08,rho_z_eta_sweep,robust_pomcp,0.0,0.05,nominal,100,5,5,0.025,0.0,53,-181.0,0.2282627000240609,2,2,1
E3,2026-05-08,rho_z_eta_sweep,robust_pomcp,0.0,0.05,nominal,100,5,5,0.025,0.0,54,6.0,0.21894170000450686,1,0,4
E3,2026-05-08,rho_z_eta_sweep,robust_pomcp,0.0,0.05,nominal,100,5,5,0.025,0.0,55,6.0,0.2101832999906037,1,0,4
E3,2026-05-08,rho_z_eta_sweep,robust_pomcp,0.0,0.05,nominal,100,5,5,0.025,0.0,56,-71.0,0.2268000000040047,3,1,1
E3,2026-05-08,rho_z_eta_sweep,robust_pomcp,0.0,0.05,nominal,100,5,5,0.025,0.0,57,-60.0,0.21889940000255592,4,1,0
E3,2026-05-08,rho_z_eta_sweep,robust_pomcp,0.0,0.05,nominal,100,5,5,0.025,0.0,58,-192.0,0.21816210000542924,1,2,2
E3,2026-05-08,rho_z_eta_sweep,robust_pomcp,0.0,0.05,nominal,100,5,5,0.025,0.0,59,-192.0,0.23587609999231063,1,2,2
E3,2026-05-08,rho_z_eta_sweep,robust_pomcp,0.0,0.05,nominal,100,5,5,0.025,0.0,60,17.0,0.21662969997851178,2,0,3
E3,2026-05-08,rho_z_eta_sweep,robust_pomcp,0.0,0.05,nominal,100,5,5,0.025,0.0,61,28.0,0.20987140000215732,3,0,2
E3,2026-05-08,rho_z_eta_sweep,robust_pomcp,0.0,0.05,nominal,100,5,5,0.025,0.0,62,17.0,0.20571579999523237,2,0,3
E3,2026-05-08,rho_z_eta_sweep,robust_pomcp,0.0,0.05,nominal,100,5,5,0.025,0.0,63,39.0,0.22485389999928884,4,0,1
E3,2026-05-08,rho_z_eta_sweep,robust_pomcp,0.0,0.05,nominal,100,5,5,0.025,0.0,64,-203.0,0.2190746000269428,0,2,3
E3,2026-05-08,rho_z_eta_sweep,robust_pomcp,0.0,0.05,nominal,100,5,5,0.025,0.0,65,-5.0,0.21986499999184161,0,0,5
E3,2026-05-08,rho_z_eta_sweep,robust_pomcp,0.0,0.05,nominal,100,5,5,0.025,0.0,66,-203.0,0.22738279998884536,0,2,3
E3,2026-05-08,rho_z_eta_sweep,robust_pomcp,0.0,0.05,nominal,100,5,5,0.025,0.0,67,6.0,0.19881739999982528,1,0,4
E3,2026-05-08,rho_z_eta_sweep,robust_pomcp,0.0,0.05,nominal,100,5,5,0.025,0.0,68,-181.0,0.2247209000051953,2,2,1
E3,2026-05-08,rho_z_eta_sweep,robust_pomcp,0.0,0.05,nominal,100,5,5,0.025,0.0,69,17.0,0.21109110000543296,2,0,3
E3,2026-05-08,rho_z_eta_sweep,robust_pomcp,0.0,0.05,nominal,100,5,5,0.025,0.0,70,6.0,0.2112609000178054,1,0,4
E3,2026-05-08,rho_z_eta_sweep,robust_pomcp,0.0,0.05,nominal,100,5,5,0.025,0.0,71,17.0,0.21312200001557358,2,0,3
E3,2026-05-08,rho_z_eta_sweep,robust_pomcp,0.0,0.05,nominal,100,5,5,0.025,0.0,72,39.0,0.21846170001663268,4,0,1
E3,2026-05-08,rho_z_eta_sweep,robust_pomcp,0.0,0.05,nominal,100,5,5,0.025,0.0,73,-192.0,0.21154220000607893,1,2,2
E3,2026-05-08,rho_z_eta_sweep,robust_pomcp,0.0,0.05,nominal,100,5,5,0.025,0.0,74,-192.0,0.21662270001252182,1,2,2
E3,2026-05-08,rho_z_eta_sweep,robust_pomcp,0.0,0.05,nominal,100,5,5,0.025,0.0,75,39.0,0.21569700000691228,4,0,1
E3,2026-05-08,rho_z_eta_sweep,robust_pomcp,0.0,0.05,nominal,100,5,5,0.025,0.0,76,17.0,0.2111062000039965,2,0,3
E3,2026-05-08,rho_z_eta_sweep,robust_pomcp,0.0,0.05,nominal,100,5,5,0.025,0.0,77,28.0,0.2170814999844879,3,0,2
E3,2026-05-08,rho_z_eta_sweep,robust_pomcp,0.0,0.05,nominal,100,5,5,0.025,0.0,78,28.0,0.21432869997806847,3,0,2
E3,2026-05-08,rho_z_eta_sweep,robust_pomcp,0.0,0.05,nominal,100,5,5,0.025,0.0,79,17.0,0.21030679999967106,2,0,3
E3,2026-05-08,rho_z_eta_sweep,robust_pomcp,0.0,0.05,nominal,100,5,5,0.025,0.0,80,-104.0,0.20972849999088794,0,1,4
E3,2026-05-08,rho_z_eta_sweep,robust_pomcp,0.0,0.05,nominal,100,5,5,0.025,0.0,81,-192.0,0.21853270000428893,1,2,2
E3,2026-05-08,rho_z_eta_sweep,robust_pomcp,0.0,0.05,nominal,100,5,5,0.025,0.0,82,-82.0,0.23083729998324998,2,1,2
E3,2026-05-08,rho_z_eta_sweep,robust_pomcp,0.0,0.05,nominal,100,5,5,0.025,0.0,83,-71.0,0.21786400000564754,3,1,1
E3,2026-05-08,rho_z_eta_sweep,robust_pomcp,0.0,0.05,nominal,100,5,5,0.025,0.0,84,-5.0,0.2053468999802135,0,0,5
E3,2026-05-08,rho_z_eta_sweep,robust_pomcp,0.0,0.05,nominal,100,5,5,0.025,0.0,85,-82.0,0.21317760000238195,2,1,2
E3,2026-05-08,rho_z_eta_sweep,robust_pomcp,0.0,0.05,nominal,100,5,5,0.025,0.0,86,28.0,0.2250488999998197,3,0,2
E3,2026-05-08,rho_z_eta_sweep,robust_pomcp,0.0,0.05,nominal,100,5,5,0.025,0.0,87,17.0,0.23475269999471493,2,0,3
E3,2026-05-08,rho_z_eta_sweep,robust_pomcp,0.0,0.05,nominal,100,5,5,0.025,0.0,88,-93.0,0.21809089998714626,1,1,3
E3,2026-05-08,rho_z_eta_sweep,robust_pomcp,0.0,0.05,nominal,100,5,5,0.025,0.0,89,28.0,0.21799090001150034,3,0,2
E3,2026-05-08,rho_z_eta_sweep,robust_pomcp,0.0,0.05,nominal,100,5,5,0.025,0.0,90,28.0,0.21561539999675006,3,0,2
E3,2026-05-08,rho_z_eta_sweep,robust_pomcp,0.0,0.05,nominal,100,5,5,0.025,0.0,91,-93.0,0.21854530001292005,1,1,3
E3,2026-05-08,rho_z_eta_sweep,robust_pomcp,0.0,0.05,nominal,100,5,5,0.025,0.0,92,-93.0,0.21741249997285195,1,1,3
E3,2026-05-08,rho_z_eta_sweep,robust_pomcp,0.0,0.05,nominal,100,5,5,0.025,0.0,93,28.0,0.21975759998895228,3,0,2
E3,2026-05-08,rho_z_eta_sweep,robust_pomcp,0.0,0.05,nominal,100,5,5,0.025,0.0,94,-71.0,0.22228759998688474,3,1,1
E3,2026-05-08,rho_z_eta_sweep,robust_pomcp,0.0,0.05,nominal,100,5,5,0.025,0.0,95,28.0,0.21525690000271425,3,0,2
E3,2026-05-08,rho_z_eta_sweep,robust_pomcp,0.0,0.05,nominal,100,5,5,0.025,0.0,96,-71.0,0.22189509999589063,3,1,1
E3,2026-05-08,rho_z_eta_sweep,robust_pomcp,0.0,0.05,nominal,100,5,5,0.025,0.0,97,17.0,0.22340179997263476,2,0,3
E3,2026-05-08,rho_z_eta_sweep,robust_pomcp,0.0,0.05,nominal,100,5,5,0.025,0.0,98,-82.0,0.203327299997909,2,1,2
E3,2026-05-08,rho_z_eta_sweep,robust_pomcp,0.0,0.05,nominal,100,5,5,0.025,0.0,99,17.0,0.22122209999361075,2,0,3
E3,2026-05-08,rho_z_eta_sweep,robust_pomcp,0.0,0.05,nominal,100,5,5,0.025,0.0,100,17.0,0.22760059998836368,2,0,3
E3,2026-05-08,rho_z_eta_sweep,robust_pomcp,0.0,0.1,nominal,100,5,5,0.0,0.0,1,-93.0,0.2149619999981951,1,1,3
E3,2026-05-08,rho_z_eta_sweep,robust_pomcp,0.0,0.1,nominal,100,5,5,0.0,0.0,2,17.0,0.21421480001299642,2,0,3
E3,2026-05-08,rho_z_eta_sweep,robust_pomcp,0.0,0.1,nominal,100,5,5,0.0,0.0,3,17.0,0.2140619000128936,2,0,3
E3,2026-05-08,rho_z_eta_sweep,robust_pomcp,0.0,0.1,nominal,100,5,5,0.0,0.0,4,-104.0,0.19802660000277683,0,1,4
E3,2026-05-08,rho_z_eta_sweep,robust_pomcp,0.0,0.1,nominal,100,5,5,0.0,0.0,5,28.0,0.23781150000286289,3,0,2
E3,2026-05-08,rho_z_eta_sweep,robust_pomcp,0.0,0.1,nominal,100,5,5,0.0,0.0,6,17.0,0.21696689998498186,2,0,3
E3,2026-05-08,rho_z_eta_sweep,robust_pomcp,0.0,0.1,nominal,100,5,5,0.0,0.0,7,17.0,0.22669340000720695,2,0,3
E3,2026-05-08,rho_z_eta_sweep,robust_pomcp,0.0,0.1,nominal,100,5,5,0.0,0.0,8,6.0,0.21693900000536814,1,0,4
E3,2026-05-08,rho_z_eta_sweep,robust_pomcp,0.0,0.1,nominal,100,5,5,0.0,0.0,9,-82.0,0.21625860000494868,2,1,2
E3,2026-05-08,rho_z_eta_sweep,robust_pomcp,0.0,0.1,nominal,100,5,5,0.0,0.0,10,-93.0,0.20178719999967143,1,1,3
E3,2026-05-08,rho_z_eta_sweep,robust_pomcp,0.0,0.1,nominal,100,5,5,0.0,0.0,11,6.0,0.21646779999719,1,0,4
E3,2026-05-08,rho_z_eta_sweep,robust_pomcp,0.0,0.1,nominal,100,5,5,0.0,0.0,12,-5.0,0.2079987000033725,0,0,5
E3,2026-05-08,rho_z_eta_sweep,robust_pomcp,0.0,0.1,nominal,100,5,5,0.0,0.0,13,17.0,0.2114243000105489,2,0,3
E3,2026-05-08,rho_z_eta_sweep,robust_pomcp,0.0,0.1,nominal,100,5,5,0.0,0.0,14,17.0,0.2099828000064008,2,0,3
E3,2026-05-08,rho_z_eta_sweep,robust_pomcp,0.0,0.1,nominal,100,5,5,0.0,0.0,15,6.0,0.2141923000162933,1,0,4
E3,2026-05-08,rho_z_eta_sweep,robust_pomcp,0.0,0.1,nominal,100,5,5,0.0,0.0,16,-280.0,0.21286400000099093,2,3,0
E3,2026-05-08,rho_z_eta_sweep,robust_pomcp,0.0,0.1,nominal,100,5,5,0.0,0.0,17,-181.0,0.21649050002451986,2,2,1
E3,2026-05-08,rho_z_eta_sweep,robust_pomcp,0.0,0.1,nominal,100,5,5,0.0,0.0,18,6.0,0.19909589999588206,1,0,4
E3,2026-05-08,rho_z_eta_sweep,robust_pomcp,0.0,0.1,nominal,100,5,5,0.0,0.0,19,17.0,0.21071159999701194,2,0,3
E3,2026-05-08,rho_z_eta_sweep,robust_pomcp,0.0,0.1,nominal,100,5,5,0.0,0.0,20,17.0,0.20858090001274832,2,0,3
E3,2026-05-08,rho_z_eta_sweep,robust_pomcp,0.0,0.1,nominal,100,5,5,0.0,0.0,21,17.0,0.21352079999633133,2,0,3
E3,2026-05-08,rho_z_eta_sweep,robust_pomcp,0.0,0.1,nominal,100,5,5,0.0,0.0,22,6.0,0.21042920000036247,1,0,4
E3,2026-05-08,rho_z_eta_sweep,robust_pomcp,0.0,0.1,nominal,100,5,5,0.0,0.0,23,-82.0,0.21651609998662025,2,1,2
E3,2026-05-08,rho_z_eta_sweep,robust_pomcp,0.0,0.1,nominal,100,5,5,0.0,0.0,24,28.0,0.22244740001042373,3,0,2
E3,2026-05-08,rho_z_eta_sweep,robust_pomcp,0.0,0.1,nominal,100,5,5,0.0,0.0,25,-82.0,0.20669940000516362,2,1,2
E3,2026-05-08,rho_z_eta_sweep,robust_pomcp,0.0,0.1,nominal,100,5,5,0.0,0.0,26,-82.0,0.2225734000094235,2,1,2
E3,2026-05-08,rho_z_eta_sweep,robust_pomcp,0.0,0.1,nominal,100,5,5,0.0,0.0,27,-203.0,0.21842480002669618,0,2,3
E3,2026-05-08,rho_z_eta_sweep,robust_pomcp,0.0,0.1,nominal,100,5,5,0.0,0.0,28,6.0,0.21808180000516586,1,0,4
E3,2026-05-08,rho_z_eta_sweep,robust_pomcp,0.0,0.1,nominal,100,5,5,0.0,0.0,29,-5.0,0.22610930001246743,0,0,5
E3,2026-05-08,rho_z_eta_sweep,robust_pomcp,0.0,0.1,nominal,100,5,5,0.0,0.0,30,28.0,0.21188759998767637,3,0,2
E3,2026-05-08,rho_z_eta_sweep,robust_pomcp,0.0,0.1,nominal,100,5,5,0.0,0.0,31,39.0,0.22064179999870248,4,0,1
E3,2026-05-08,rho_z_eta_sweep,robust_pomcp,0.0,0.1,nominal,100,5,5,0.0,0.0,32,17.0,0.21054269999149255,2,0,3
E3,2026-05-08,rho_z_eta_sweep,robust_pomcp,0.0,0.1,nominal,100,5,5,0.0,0.0,33,17.0,0.2332104000088293,2,0,3
E3,2026-05-08,rho_z_eta_sweep,robust_pomcp,0.0,0.1,nominal,100,5,5,0.0,0.0,34,28.0,0.21940950001589954,3,0,2
E3,2026-05-08,rho_z_eta_sweep,robust_pomcp,0.0,0.1,nominal,100,5,5,0.0,0.0,35,17.0,0.22395389998564497,2,0,3
E3,2026-05-08,rho_z_eta_sweep,robust_pomcp,0.0,0.1,nominal,100,5,5,0.0,0.0,36,6.0,0.2064531999931205,1,0,4
E3,2026-05-08,rho_z_eta_sweep,robust_pomcp,0.0,0.1,nominal,100,5,5,0.0,0.0,37,6.0,0.21957680000923574,1,0,4
E3,2026-05-08,rho_z_eta_sweep,robust_pomcp,0.0,0.1,nominal,100,5,5,0.0,0.0,38,-93.0,0.24781679999432527,1,1,3
E3,2026-05-08,rho_z_eta_sweep,robust_pomcp,0.0,0.1,nominal,100,5,5,0.0,0.0,39,-93.0,0.21721010000328533,1,1,3
E3,2026-05-08,rho_z_eta_sweep,robust_pomcp,0.0,0.1,nominal,100,5,5,0.0,0.0,40,17.0,0.21175069999299012,2,0,3
E3,2026-05-08,rho_z_eta_sweep,robust_pomcp,0.0,0.1,nominal,100,5,5,0.0,0.0,41,17.0,0.22774530001333915,2,0,3
E3,2026-05-08,rho_z_eta_sweep,robust_pomcp,0.0,0.1,nominal,100,5,5,0.0,0.0,42,-181.0,0.2207979999948293,2,2,1
E3,2026-05-08,rho_z_eta_sweep,robust_pomcp,0.0,0.1,nominal,100,5,5,0.0,0.0,43,-104.0,0.20923480001511052,0,1,4
E3,2026-05-08,rho_z_eta_sweep,robust_pomcp,0.0,0.1,nominal,100,5,5,0.0,0.0,44,17.0,0.21662030002335086,2,0,3
E3,2026-05-08,rho_z_eta_sweep,robust_pomcp,0.0,0.1,nominal,100,5,5,0.0,0.0,45,17.0,0.21517869998933747,2,0,3
E3,2026-05-08,rho_z_eta_sweep,robust_pomcp,0.0,0.1,nominal,100,5,5,0.0,0.0,46,-82.0,0.225107600010233,2,1,2
E3,2026-05-08,rho_z_eta_sweep,robust_pomcp,0.0,0.1,nominal,100,5,5,0.0,0.0,47,-82.0,0.21973379998235032,2,1,2
E3,2026-05-08,rho_z_eta_sweep,robust_pomcp,0.0,0.1,nominal,100,5,5,0.0,0.0,48,17.0,0.21201509999809787,2,0,3
E3,2026-05-08,rho_z_eta_sweep,robust_pomcp,0.0,0.1,nominal,100,5,5,0.0,0.0,49,-93.0,0.21647590000065975,1,1,3
E3,2026-05-08,rho_z_eta_sweep,robust_pomcp,0.0,0.1,nominal,100,5,5,0.0,0.0,50,-5.0,0.20289120002416894,0,0,5
E3,2026-05-08,rho_z_eta_sweep,robust_pomcp,0.0,0.1,nominal,100,5,5,0.0,0.0,51,-82.0,0.22217539997654967,2,1,2
E3,2026-05-08,rho_z_eta_sweep,robust_pomcp,0.0,0.1,nominal,100,5,5,0.0,0.0,52,28.0,0.22220089999609627,3,0,2
E3,2026-05-08,rho_z_eta_sweep,robust_pomcp,0.0,0.1,nominal,100,5,5,0.0,0.0,53,-82.0,0.2232077999797184,2,1,2
E3,2026-05-08,rho_z_eta_sweep,robust_pomcp,0.0,0.1,nominal,100,5,5,0.0,0.0,54,6.0,0.20855939999455586,1,0,4
E3,2026-05-08,rho_z_eta_sweep,robust_pomcp,0.0,0.1,nominal,100,5,5,0.0,0.0,55,-93.0,0.20900500001152977,1,1,3
E3,2026-05-08,rho_z_eta_sweep,robust_pomcp,0.0,0.1,nominal,100,5,5,0.0,0.0,56,17.0,0.21615079999901354,2,0,3
E3,2026-05-08,rho_z_eta_sweep,robust_pomcp,0.0,0.1,nominal,100,5,5,0.0,0.0,57,6.0,0.2075294000096619,1,0,4
E3,2026-05-08,rho_z_eta_sweep,robust_pomcp,0.0,0.1,nominal,100,5,5,0.0,0.0,58,6.0,0.20168709999416023,1,0,4
E3,2026-05-08,rho_z_eta_sweep,robust_pomcp,0.0,0.1,nominal,100,5,5,0.0,0.0,59,-302.0,0.21843519998947158,0,3,2
E3,2026-05-08,rho_z_eta_sweep,robust_pomcp,0.0,0.1,nominal,100,5,5,0.0,0.0,60,17.0,0.2184250999998767,2,0,3
E3,2026-05-08,rho_z_eta_sweep,robust_pomcp,0.0,0.1,nominal,100,5,5,0.0,0.0,61,17.0,0.20546130000730045,2,0,3
E3,2026-05-08,rho_z_eta_sweep,robust_pomcp,0.0,0.1,nominal,100,5,5,0.0,0.0,62,28.0,0.21956920000957325,3,0,2
E3,2026-05-08,rho_z_eta_sweep,robust_pomcp,0.0,0.1,nominal,100,5,5,0.0,0.0,63,28.0,0.20990050002001226,3,0,2
E3,2026-05-08,rho_z_eta_sweep,robust_pomcp,0.0,0.1,nominal,100,5,5,0.0,0.0,64,-192.0,0.2198498999932781,1,2,2
E3,2026-05-08,rho_z_eta_sweep,robust_pomcp,0.0,0.1,nominal,100,5,5,0.0,0.0,65,17.0,0.20934400000260212,2,0,3
E3,2026-05-08,rho_z_eta_sweep,robust_pomcp,0.0,0.1,nominal,100,5,5,0.0,0.0,66,6.0,0.22555579998879693,1,0,4
E3,2026-05-08,rho_z_eta_sweep,robust_pomcp,0.0,0.1,nominal,100,5,5,0.0,0.0,67,17.0,0.20123289999901317,2,0,3
E3,2026-05-08,rho_z_eta_sweep,robust_pomcp,0.0,0.1,nominal,100,5,5,0.0,0.0,68,6.0,0.21303789998637512,1,0,4
E3,2026-05-08,rho_z_eta_sweep,robust_pomcp,0.0,0.1,nominal,100,5,5,0.0,0.0,69,-82.0,0.21905630000401288,2,1,2
E3,2026-05-08,rho_z_eta_sweep,robust_pomcp,0.0,0.1,nominal,100,5,5,0.0,0.0,70,17.0,0.20877099997596815,2,0,3
E3,2026-05-08,rho_z_eta_sweep,robust_pomcp,0.0,0.1,nominal,100,5,5,0.0,0.0,71,-82.0,0.23303100001066923,2,1,2
E3,2026-05-08,rho_z_eta_sweep,robust_pomcp,0.0,0.1,nominal,100,5,5,0.0,0.0,72,28.0,0.21151369999279268,3,0,2
E3,2026-05-08,rho_z_eta_sweep,robust_pomcp,0.0,0.1,nominal,100,5,5,0.0,0.0,73,28.0,0.21563270001206547,3,0,2
E3,2026-05-08,rho_z_eta_sweep,robust_pomcp,0.0,0.1,nominal,100,5,5,0.0,0.0,74,-5.0,0.20570910000242293,0,0,5
E3,2026-05-08,rho_z_eta_sweep,robust_pomcp,0.0,0.1,nominal,100,5,5,0.0,0.0,75,28.0,0.22517799999332055,3,0,2
E3,2026-05-08,rho_z_eta_sweep,robust_pomcp,0.0,0.1,nominal,100,5,5,0.0,0.0,76,-82.0,0.2308441000059247,2,1,2
E3,2026-05-08,rho_z_eta_sweep,robust_pomcp,0.0,0.1,nominal,100,5,5,0.0,0.0,77,6.0,0.20791440000175498,1,0,4
E3,2026-05-08,rho_z_eta_sweep,robust_pomcp,0.0,0.1,nominal,100,5,5,0.0,0.0,78,17.0,0.22614069998962805,2,0,3
E3,2026-05-08,rho_z_eta_sweep,robust_pomcp,0.0,0.1,nominal,100,5,5,0.0,0.0,79,-5.0,0.2223748000105843,0,0,5
E3,2026-05-08,rho_z_eta_sweep,robust_pomcp,0.0,0.1,nominal,100,5,5,0.0,0.0,80,-71.0,0.22000600001774728,3,1,1
E3,2026-05-08,rho_z_eta_sweep,robust_pomcp,0.0,0.1,nominal,100,5,5,0.0,0.0,81,17.0,0.2312487000017427,2,0,3
E3,2026-05-08,rho_z_eta_sweep,robust_pomcp,0.0,0.1,nominal,100,5,5,0.0,0.0,82,28.0,0.21223830000963062,3,0,2
E3,2026-05-08,rho_z_eta_sweep,robust_pomcp,0.0,0.1,nominal,100,5,5,0.0,0.0,83,-93.0,0.217265099985525,1,1,3
E3,2026-05-08,rho_z_eta_sweep,robust_pomcp,0.0,0.1,nominal,100,5,5,0.0,0.0,84,-71.0,0.22124119999352843,3,1,1
E3,2026-05-08,rho_z_eta_sweep,robust_pomcp,0.0,0.1,nominal,100,5,5,0.0,0.0,85,17.0,0.2180201000010129,2,0,3
E3,2026-05-08,rho_z_eta_sweep,robust_pomcp,0.0,0.1,nominal,100,5,5,0.0,0.0,86,-82.0,0.21341970001230948,2,1,2
E3,2026-05-08,rho_z_eta_sweep,robust_pomcp,0.0,0.1,nominal,100,5,5,0.0,0.0,87,28.0,0.2118622999987565,3,0,2
E3,2026-05-08,rho_z_eta_sweep,robust_pomcp,0.0,0.1,nominal,100,5,5,0.0,0.0,88,39.0,0.20836489999783225,4,0,1
E3,2026-05-08,rho_z_eta_sweep,robust_pomcp,0.0,0.1,nominal,100,5,5,0.0,0.0,89,17.0,0.218782599986298,2,0,3
E3,2026-05-08,rho_z_eta_sweep,robust_pomcp,0.0,0.1,nominal,100,5,5,0.0,0.0,90,28.0,0.21998429999803193,3,0,2
E3,2026-05-08,rho_z_eta_sweep,robust_pomcp,0.0,0.1,nominal,100,5,5,0.0,0.0,91,17.0,0.21310079999966547,2,0,3
E3,2026-05-08,rho_z_eta_sweep,robust_pomcp,0.0,0.1,nominal,100,5,5,0.0,0.0,92,28.0,0.21962819999316707,3,0,2
E3,2026-05-08,rho_z_eta_sweep,robust_pomcp,0.0,0.1,nominal,100,5,5,0.0,0.0,93,17.0,0.2215309999883175,2,0,3
E3,2026-05-08,rho_z_eta_sweep,robust_pomcp,0.0,0.1,nominal,100,5,5,0.0,0.0,94,28.0,0.21523899998283014,3,0,2
E3,2026-05-08,rho_z_eta_sweep,robust_pomcp,0.0,0.1,nominal,100,5,5,0.0,0.0,95,-5.0,0.2017708000203129,0,0,5
E3,2026-05-08,rho_z_eta_sweep,robust_pomcp,0.0,0.1,nominal,100,5,5,0.0,0.0,96,-5.0,0.22232260002056137,0,0,5
E3,2026-05-08,rho_z_eta_sweep,robust_pomcp,0.0,0.1,nominal,100,5,5,0.0,0.0,97,28.0,0.2378383000032045,3,0,2
E3,2026-05-08,rho_z_eta_sweep,robust_pomcp,0.0,0.1,nominal,100,5,5,0.0,0.0,98,-60.0,0.22020519999205135,4,1,0
E3,2026-05-08,rho_z_eta_sweep,robust_pomcp,0.0,0.1,nominal,100,5,5,0.0,0.0,99,17.0,0.2049191999831237,2,0,3
E3,2026-05-08,rho_z_eta_sweep,robust_pomcp,0.0,0.1,nominal,100,5,5,0.0,0.0,100,28.0,0.22207109999726526,3,0,2
E3,2026-05-08,rho_z_eta_sweep,robust_pomcp,0.0,0.1,nominal,100,5,5,0.0125,0.0,1,17.0,0.22651529998984188,2,0,3
E3,2026-05-08,rho_z_eta_sweep,robust_pomcp,0.0,0.1,nominal,100,5,5,0.0125,0.0,2,-82.0,0.2119675999856554,2,1,2
E3,2026-05-08,rho_z_eta_sweep,robust_pomcp,0.0,0.1,nominal,100,5,5,0.0125,0.0,3,17.0,0.2256045000103768,2,0,3
E3,2026-05-08,rho_z_eta_sweep,robust_pomcp,0.0,0.1,nominal,100,5,5,0.0125,0.0,4,-82.0,0.2220685000065714,2,1,2
E3,2026-05-08,rho_z_eta_sweep,robust_pomcp,0.0,0.1,nominal,100,5,5,0.0125,0.0,5,28.0,0.22094010000000708,3,0,2
E3,2026-05-08,rho_z_eta_sweep,robust_pomcp,0.0,0.1,nominal,100,5,5,0.0125,0.0,6,6.0,0.20284780001384206,1,0,4
E3,2026-05-08,rho_z_eta_sweep,robust_pomcp,0.0,0.1,nominal,100,5,5,0.0125,0.0,7,-93.0,0.2138963000033982,1,1,3
E3,2026-05-08,rho_z_eta_sweep,robust_pomcp,0.0,0.1,nominal,100,5,5,0.0125,0.0,8,-71.0,0.2274835999996867,3,1,1
E3,2026-05-08,rho_z_eta_sweep,robust_pomcp,0.0,0.1,nominal,100,5,5,0.0125,0.0,9,-82.0,0.20995630000834353,2,1,2
E3,2026-05-08,rho_z_eta_sweep,robust_pomcp,0.0,0.1,nominal,100,5,5,0.0125,0.0,10,-71.0,0.22697489999700338,3,1,1
E3,2026-05-08,rho_z_eta_sweep,robust_pomcp,0.0,0.1,nominal,100,5,5,0.0125,0.0,11,-291.0,0.21369800000684336,1,3,1
E3,2026-05-08,rho_z_eta_sweep,robust_pomcp,0.0,0.1,nominal,100,5,5,0.0125,0.0,12,-82.0,0.22490359999937937,2,1,2
E3,2026-05-08,rho_z_eta_sweep,robust_pomcp,0.0,0.1,nominal,100,5,5,0.0125,0.0,13,-82.0,0.23112690000561997,2,1,2
E3,2026-05-08,rho_z_eta_sweep,robust_pomcp,0.0,0.1,nominal,100,5,5,0.0125,0.0,14,28.0,0.22118890000274405,3,0,2
E3,2026-05-08,rho_z_eta_sweep,robust_pomcp,0.0,0.1,nominal,100,5,5,0.0125,0.0,15,17.0,0.21128970000427216,2,0,3
E3,2026-05-08,rho_z_eta_sweep,robust_pomcp,0.0,0.1,nominal,100,5,5,0.0125,0.0,16,17.0,0.2176679999975022,2,0,3
E3,2026-05-08,rho_z_eta_sweep,robust_pomcp,0.0,0.1,nominal,100,5,5,0.0125,0.0,17,6.0,0.23915119998855516,1,0,4
E3,2026-05-08,rho_z_eta_sweep,robust_pomcp,0.0,0.1,nominal,100,5,5,0.0125,0.0,18,6.0,0.23253729997668415,1,0,4
E3,2026-05-08,rho_z_eta_sweep,robust_pomcp,0.0,0.1,nominal,100,5,5,0.0125,0.0,19,17.0,0.21646289998898283,2,0,3
E3,2026-05-08,rho_z_eta_sweep,robust_pomcp,0.0,0.1,nominal,100,5,5,0.0125,0.0,20,17.0,0.20990759998676367,2,0,3
E3,2026-05-08,rho_z_eta_sweep,robust_pomcp,0.0,0.1,nominal,100,5,5,0.0125,0.0,21,-71.0,0.22338069998659194,3,1,1
E3,2026-05-08,rho_z_eta_sweep,robust_pomcp,0.0,0.1,nominal,100,5,5,0.0125,0.0,22,28.0,0.22048590000486,3,0,2
E3,2026-05-08,rho_z_eta_sweep,robust_pomcp,0.0,0.1,nominal,100,5,5,0.0125,0.0,23,-93.0,0.2137475999770686,1,1,3
E3,2026-05-08,rho_z_eta_sweep,robust_pomcp,0.0,0.1,nominal,100,5,5,0.0125,0.0,24,28.0,0.21649150000303052,3,0,2
E3,2026-05-08,rho_z_eta_sweep,robust_pomcp,0.0,0.1,nominal,100,5,5,0.0125,0.0,25,-82.0,0.21752099998411722,2,1,2
E3,2026-05-08,rho_z_eta_sweep,robust_pomcp,0.0,0.1,nominal,100,5,5,0.0125,0.0,26,17.0,0.2150676999881398,2,0,3
E3,2026-05-08,rho_z_eta_sweep,robust_pomcp,0.0,0.1,nominal,100,5,5,0.0125,0.0,27,28.0,0.22597769999993034,3,0,2
E3,2026-05-08,rho_z_eta_sweep,robust_pomcp,0.0,0.1,nominal,100,5,5,0.0125,0.0,28,-181.0,0.23448390001431108,2,2,1
E3,2026-05-08,rho_z_eta_sweep,robust_pomcp,0.0,0.1,nominal,100,5,5,0.0125,0.0,29,6.0,0.20827139998436905,1,0,4
E3,2026-05-08,rho_z_eta_sweep,robust_pomcp,0.0,0.1,nominal,100,5,5,0.0125,0.0,30,39.0,0.2185468999959994,4,0,1
E3,2026-05-08,rho_z_eta_sweep,robust_pomcp,0.0,0.1,nominal,100,5,5,0.0125,0.0,31,17.0,0.22128779999911785,2,0,3
E3,2026-05-08,rho_z_eta_sweep,robust_pomcp,0.0,0.1,nominal,100,5,5,0.0125,0.0,32,28.0,0.21934840001631528,3,0,2
E3,2026-05-08,rho_z_eta_sweep,robust_pomcp,0.0,0.1,nominal,100,5,5,0.0125,0.0,33,-93.0,0.20869950001360849,1,1,3
E3,2026-05-08,rho_z_eta_sweep,robust_pomcp,0.0,0.1,nominal,100,5,5,0.0125,0.0,34,6.0,0.21878289998858236,1,0,4
E3,2026-05-08,rho_z_eta_sweep,robust_pomcp,0.0,0.1,nominal,100,5,5,0.0125,0.0,35,-82.0,0.22233160000178032,2,1,2
E3,2026-05-08,rho_z_eta_sweep,robust_pomcp,0.0,0.1,nominal,100,5,5,0.0125,0.0,36,-82.0,0.23083469999255612,2,1,2
E3,2026-05-08,rho_z_eta_sweep,robust_pomcp,0.0,0.1,nominal,100,5,5,0.0125,0.0,37,-93.0,0.2159232999838423,1,1,3
E3,2026-05-08,rho_z_eta_sweep,robust_pomcp,0.0,0.1,nominal,100,5,5,0.0125,0.0,38,17.0,0.20912139999563806,2,0,3
E3,2026-05-08,rho_z_eta_sweep,robust_pomcp,0.0,0.1,nominal,100,5,5,0.0125,0.0,39,-93.0,0.2252988000109326,1,1,3
E3,2026-05-08,rho_z_eta_sweep,robust_pomcp,0.0,0.1,nominal,100,5,5,0.0125,0.0,40,17.0,0.2261133999854792,2,0,3
E3,2026-05-08,rho_z_eta_sweep,robust_pomcp,0.0,0.1,nominal,100,5,5,0.0125,0.0,41,-181.0,0.23330600000917912,2,2,1
E3,2026-05-08,rho_z_eta_sweep,robust_pomcp,0.0,0.1,nominal,100,5,5,0.0125,0.0,42,-104.0,0.24323179997736588,0,1,4
E3,2026-05-08,rho_z_eta_sweep,robust_pomcp,0.0,0.1,nominal,100,5,5,0.0125,0.0,43,-104.0,0.20491820000461303,0,1,4
E3,2026-05-08,rho_z_eta_sweep,robust_pomcp,0.0,0.1,nominal,100,5,5,0.0125,0.0,44,-71.0,0.23499580001225695,3,1,1
E3,2026-05-08,rho_z_eta_sweep,robust_pomcp,0.0,0.1,nominal,100,5,5,0.0125,0.0,45,17.0,0.2166422000154853,2,0,3
E3,2026-05-08,rho_z_eta_sweep,robust_pomcp,0.0,0.1,nominal,100,5,5,0.0125,0.0,46,17.0,0.22852740000234917,2,0,3
E3,2026-05-08,rho_z_eta_sweep,robust_pomcp,0.0,0.1,nominal,100,5,5,0.0125,0.0,47,-82.0,0.2167149999877438,2,1,2
E3,2026-05-08,rho_z_eta_sweep,robust_pomcp,0.0,0.1,nominal,100,5,5,0.0125,0.0,48,-93.0,0.2331152000115253,1,1,3
E3,2026-05-08,rho_z_eta_sweep,robust_pomcp,0.0,0.1,nominal,100,5,5,0.0125,0.0,49,-71.0,0.24105430001509376,3,1,1
E3,2026-05-08,rho_z_eta_sweep,robust_pomcp,0.0,0.1,nominal,100,5,5,0.0125,0.0,50,-93.0,0.23290539998561144,1,1,3
E3,2026-05-08,rho_z_eta_sweep,robust_pomcp,0.0,0.1,nominal,100,5,5,0.0125,0.0,51,28.0,0.2449561000103131,3,0,2
E3,2026-05-08,rho_z_eta_sweep,robust_pomcp,0.0,0.1,nominal,100,5,5,0.0125,0.0,52,28.0,0.2102082000055816,3,0,2
E3,2026-05-08,rho_z_eta_sweep,robust_pomcp,0.0,0.1,nominal,100,5,5,0.0125,0.0,53,17.0,0.21978650000528432,2,0,3
E3,2026-05-08,rho_z_eta_sweep,robust_pomcp,0.0,0.1,nominal,100,5,5,0.0125,0.0,54,17.0,0.22271450000698678,2,0,3
E3,2026-05-08,rho_z_eta_sweep,robust_pomcp,0.0,0.1,nominal,100,5,5,0.0125,0.0,55,17.0,0.20920089998980984,2,0,3
E3,2026-05-08,rho_z_eta_sweep,robust_pomcp,0.0,0.1,nominal,100,5,5,0.0125,0.0,56,28.0,0.2261988999962341,3,0,2
E3,2026-05-08,rho_z_eta_sweep,robust_pomcp,0.0,0.1,nominal,100,5,5,0.0125,0.0,57,17.0,0.2229640000150539,2,0,3
E3,2026-05-08,rho_z_eta_sweep,robust_pomcp,0.0,0.1,nominal,100,5,5,0.0125,0.0,58,-71.0,0.21656459997757338,3,1,1
E3,2026-05-08,rho_z_eta_sweep,robust_pomcp,0.0,0.1,nominal,100,5,5,0.0125,0.0,59,17.0,0.22030390001600608,2,0,3
E3,2026-05-08,rho_z_eta_sweep,robust_pomcp,0.0,0.1,nominal,100,5,5,0.0125,0.0,60,-93.0,0.20588459999999031,1,1,3
E3,2026-05-08,rho_z_eta_sweep,robust_pomcp,0.0,0.1,nominal,100,5,5,0.0125,0.0,61,28.0,0.22235729999374598,3,0,2
E3,2026-05-08,rho_z_eta_sweep,robust_pomcp,0.0,0.1,nominal,100,5,5,0.0125,0.0,62,17.0,0.20872870000312105,2,0,3
E3,2026-05-08,rho_z_eta_sweep,robust_pomcp,0.0,0.1,nominal,100,5,5,0.0125,0.0,63,39.0,0.22313970001414418,4,0,1
E3,2026-05-08,rho_z_eta_sweep,robust_pomcp,0.0,0.1,nominal,100,5,5,0.0125,0.0,64,-82.0,0.2267633999872487,2,1,2
E3,2026-05-08,rho_z_eta_sweep,robust_pomcp,0.0,0.1,nominal,100,5,5,0.0125,0.0,65,-192.0,0.21339839999563992,1,2,2
E3,2026-05-08,rho_z_eta_sweep,robust_pomcp,0.0,0.1,nominal,100,5,5,0.0125,0.0,66,-203.0,0.22553830000106245,0,2,3
E3,2026-05-08,rho_z_eta_sweep,robust_pomcp,0.0,0.1,nominal,100,5,5,0.0125,0.0,67,17.0,0.21606710000196472,2,0,3
E3,2026-05-08,rho_z_eta_sweep,robust_pomcp,0.0,0.1,nominal,100,5,5,0.0125,0.0,68,6.0,0.2318983000004664,1,0,4
E3,2026-05-08,rho_z_eta_sweep,robust_pomcp,0.0,0.1,nominal,100,5,5,0.0125,0.0,69,-82.0,0.21948749999864958,2,1,2
E3,2026-05-08,rho_z_eta_sweep,robust_pomcp,0.0,0.1,nominal,100,5,5,0.0125,0.0,70,6.0,0.21787819999735802,1,0,4
E3,2026-05-08,rho_z_eta_sweep,robust_pomcp,0.0,0.1,nominal,100,5,5,0.0125,0.0,71,39.0,0.22551300001214258,4,0,1
E3,2026-05-08,rho_z_eta_sweep,robust_pomcp,0.0,0.1,nominal,100,5,5,0.0125,0.0,72,17.0,0.22127989999717101,2,0,3
E3,2026-05-08,rho_z_eta_sweep,robust_pomcp,0.0,0.1,nominal,100,5,5,0.0125,0.0,73,6.0,0.23793930001556873,1,0,4
E3,2026-05-08,rho_z_eta_sweep,robust_pomcp,0.0,0.1,nominal,100,5,5,0.0125,0.0,74,17.0,0.2179177000070922,2,0,3
E3,2026-05-08,rho_z_eta_sweep,robust_pomcp,0.0,0.1,nominal,100,5,5,0.0125,0.0,75,-104.0,0.20955590001540259,0,1,4
E3,2026-05-08,rho_z_eta_sweep,robust_pomcp,0.0,0.1,nominal,100,5,5,0.0125,0.0,76,-280.0,0.22213410001131706,2,3,0
E3,2026-05-08,rho_z_eta_sweep,robust_pomcp,0.0,0.1,nominal,100,5,5,0.0125,0.0,77,-5.0,0.20828019999316894,0,0,5
E3,2026-05-08,rho_z_eta_sweep,robust_pomcp,0.0,0.1,nominal,100,5,5,0.0125,0.0,78,17.0,0.2018079999834299,2,0,3
E3,2026-05-08,rho_z_eta_sweep,robust_pomcp,0.0,0.1,nominal,100,5,5,0.0125,0.0,79,28.0,0.22094319999450818,3,0,2
E3,2026-05-08,rho_z_eta_sweep,robust_pomcp,0.0,0.1,nominal,100,5,5,0.0125,0.0,80,17.0,0.2245002999843564,2,0,3
E3,2026-05-08,rho_z_eta_sweep,robust_pomcp,0.0,0.1,nominal,100,5,5,0.0125,0.0,81,-71.0,0.2146190000057686,3,1,1
E3,2026-05-08,rho_z_eta_sweep,robust_pomcp,0.0,0.1,nominal,100,5,5,0.0125,0.0,82,-82.0,0.21812199999112636,2,1,2
E3,2026-05-08,rho_z_eta_sweep,robust_pomcp,0.0,0.1,nominal,100,5,5,0.0125,0.0,83,17.0,0.21474080000189133,2,0,3
E3,2026-05-08,rho_z_eta_sweep,robust_pomcp,0.0,0.1,nominal,100,5,5,0.0125,0.0,84,28.0,0.21230130002368242,3,0,2
E3,2026-05-08,rho_z_eta_sweep,robust_pomcp,0.0,0.1,nominal,100,5,5,0.0125,0.0,85,-104.0,0.21223810000810772,0,1,4
E3,2026-05-08,rho_z_eta_sweep,robust_pomcp,0.0,0.1,nominal,100,5,5,0.0125,0.0,86,17.0,0.225351100001717,2,0,3
E3,2026-05-08,rho_z_eta_sweep,robust_pomcp,0.0,0.1,nominal,100,5,5,0.0125,0.0,87,39.0,0.2270058999711182,4,0,1
E3,2026-05-08,rho_z_eta_sweep,robust_pomcp,0.0,0.1,nominal,100,5,5,0.0125,0.0,88,17.0,0.2291554000112228,2,0,3
E3,2026-05-08,rho_z_eta_sweep,robust_pomcp,0.0,0.1,nominal,100,5,5,0.0125,0.0,89,28.0,0.22289720000117086,3,0,2
E3,2026-05-08,rho_z_eta_sweep,robust_pomcp,0.0,0.1,nominal,100,5,5,0.0125,0.0,90,-71.0,0.2221156999876257,3,1,1
E3,2026-05-08,rho_z_eta_sweep,robust_pomcp,0.0,0.1,nominal,100,5,5,0.0125,0.0,91,-82.0,0.22255360000417568,2,1,2
E3,2026-05-08,rho_z_eta_sweep,robust_pomcp,0.0,0.1,nominal,100,5,5,0.0125,0.0,92,17.0,0.21787630001199432,2,0,3
E3,2026-05-08,rho_z_eta_sweep,robust_pomcp,0.0,0.1,nominal,100,5,5,0.0125,0.0,93,-82.0,0.2121614000061527,2,1,2
E3,2026-05-08,rho_z_eta_sweep,robust_pomcp,0.0,0.1,nominal,100,5,5,0.0125,0.0,94,28.0,0.22026930001447909,3,0,2
E3,2026-05-08,rho_z_eta_sweep,robust_pomcp,0.0,0.1,nominal,100,5,5,0.0125,0.0,95,17.0,0.2291024999867659,2,0,3
E3,2026-05-08,rho_z_eta_sweep,robust_pomcp,0.0,0.1,nominal,100,5,5,0.0125,0.0,96,6.0,0.210802399989916,1,0,4
E3,2026-05-08,rho_z_eta_sweep,robust_pomcp,0.0,0.1,nominal,100,5,5,0.0125,0.0,97,-60.0,0.2679393000144046,4,1,0
E3,2026-05-08,rho_z_eta_sweep,robust_pomcp,0.0,0.1,nominal,100,5,5,0.0125,0.0,98,-170.0,0.21476120001170784,3,2,0
E3,2026-05-08,rho_z_eta_sweep,robust_pomcp,0.0,0.1,nominal,100,5,5,0.0125,0.0,99,-181.0,0.23071019997587427,2,2,1
E3,2026-05-08,rho_z_eta_sweep,robust_pomcp,0.0,0.1,nominal,100,5,5,0.0125,0.0,100,28.0,0.22401299999910407,3,0,2
E3,2026-05-08,rho_z_eta_sweep,robust_pomcp,0.0,0.1,nominal,100,5,5,0.025,0.0,1,-93.0,0.2322584000066854,1,1,3
E3,2026-05-08,rho_z_eta_sweep,robust_pomcp,0.0,0.1,nominal,100,5,5,0.025,0.0,2,-82.0,0.21628920000512153,2,1,2
E3,2026-05-08,rho_z_eta_sweep,robust_pomcp,0.0,0.1,nominal,100,5,5,0.025,0.0,3,-82.0,0.24017810000805184,2,1,2
E3,2026-05-08,rho_z_eta_sweep,robust_pomcp,0.0,0.1,nominal,100,5,5,0.025,0.0,4,6.0,0.21049619998666458,1,0,4
E3,2026-05-08,rho_z_eta_sweep,robust_pomcp,0.0,0.1,nominal,100,5,5,0.025,0.0,5,17.0,0.23253310000291094,2,0,3
E3,2026-05-08,rho_z_eta_sweep,robust_pomcp,0.0,0.1,nominal,100,5,5,0.025,0.0,6,-93.0,0.22551940000266768,1,1,3
E3,2026-05-08,rho_z_eta_sweep,robust_pomcp,0.0,0.1,nominal,100,5,5,0.025,0.0,7,-203.0,0.24196600000141189,0,2,3
E3,2026-05-08,rho_z_eta_sweep,robust_pomcp,0.0,0.1,nominal,100,5,5,0.025,0.0,8,-93.0,0.22520019998773932,1,1,3
E3,2026-05-08,rho_z_eta_sweep,robust_pomcp,0.0,0.1,nominal,100,5,5,0.025,0.0,9,-71.0,0.23738310000044294,3,1,1
E3,2026-05-08,rho_z_eta_sweep,robust_pomcp,0.0,0.1,nominal,100,5,5,0.025,0.0,10,17.0,0.22116729998379014,2,0,3
E3,2026-05-08,rho_z_eta_sweep,robust_pomcp,0.0,0.1,nominal,100,5,5,0.025,0.0,11,-82.0,0.2409431999840308,2,1,2
E3,2026-05-08,rho_z_eta_sweep,robust_pomcp,0.0,0.1,nominal,100,5,5,0.025,0.0,12,-71.0,0.23745950000011362,3,1,1
E3,2026-05-08,rho_z_eta_sweep,robust_pomcp,0.0,0.1,nominal,100,5,5,0.025,0.0,13,-192.0,0.22716599999694154,1,2,2
E3,2026-05-08,rho_z_eta_sweep,robust_pomcp,0.0,0.1,nominal,100,5,5,0.025,0.0,14,-71.0,0.21909790000063367,3,1,1
E3,2026-05-08,rho_z_eta_sweep,robust_pomcp,0.0,0.1,nominal,100,5,5,0.025,0.0,15,28.0,0.22420379999675788,3,0,2
E3,2026-05-08,rho_z_eta_sweep,robust_pomcp,0.0,0.1,nominal,100,5,5,0.025,0.0,16,-302.0,0.23076979999314062,0,3,2
E3,2026-05-08,rho_z_eta_sweep,robust_pomcp,0.0,0.1,nominal,100,5,5,0.025,0.0,17,39.0,0.23445690001244657,4,0,1
E3,2026-05-08,rho_z_eta_sweep,robust_pomcp,0.0,0.1,nominal,100,5,5,0.025,0.0,18,39.0,0.2299345999781508,4,0,1
E3,2026-05-08,rho_z_eta_sweep,robust_pomcp,0.0,0.1,nominal,100,5,5,0.025,0.0,19,17.0,0.25111719997948967,2,0,3
E3,2026-05-08,rho_z_eta_sweep,robust_pomcp,0.0,0.1,nominal,100,5,5,0.025,0.0,20,17.0,0.2242056999821216,2,0,3
E3,2026-05-08,rho_z_eta_sweep,robust_pomcp,0.0,0.1,nominal,100,5,5,0.025,0.0,21,39.0,0.21712630000547506,4,0,1
E3,2026-05-08,rho_z_eta_sweep,robust_pomcp,0.0,0.1,nominal,100,5,5,0.025,0.0,22,17.0,0.21079199999803677,2,0,3
E3,2026-05-08,rho_z_eta_sweep,robust_pomcp,0.0,0.1,nominal,100,5,5,0.025,0.0,23,-82.0,0.23012950000702403,2,1,2
E3,2026-05-08,rho_z_eta_sweep,robust_pomcp,0.0,0.1,nominal,100,5,5,0.025,0.0,24,17.0,0.21651970001403242,2,0,3
E3,2026-05-08,rho_z_eta_sweep,robust_pomcp,0.0,0.1,nominal,100,5,5,0.025,0.0,25,-93.0,0.25754609997966327,1,1,3
E3,2026-05-08,rho_z_eta_sweep,robust_pomcp,0.0,0.1,nominal,100,5,5,0.025,0.0,26,-93.0,0.20635259998380207,1,1,3
E3,2026-05-08,rho_z_eta_sweep,robust_pomcp,0.0,0.1,nominal,100,5,5,0.025,0.0,27,-104.0,0.21590129999094643,0,1,4
E3,2026-05-08,rho_z_eta_sweep,robust_pomcp,0.0,0.1,nominal,100,5,5,0.025,0.0,28,6.0,0.22248289998969994,1,0,4
E3,2026-05-08,rho_z_eta_sweep,robust_pomcp,0.0,0.1,nominal,100,5,5,0.025,0.0,29,6.0,0.20654640000429936,1,0,4
E3,2026-05-08,rho_z_eta_sweep,robust_pomcp,0.0,0.1,nominal,100,5,5,0.025,0.0,30,6.0,0.2307765000150539,1,0,4
E3,2026-05-08,rho_z_eta_sweep,robust_pomcp,0.0,0.1,nominal,100,5,5,0.025,0.0,31,6.0,0.2325340999814216,1,0,4
E3,2026-05-08,rho_z_eta_sweep,robust_pomcp,0.0,0.1,nominal,100,5,5,0.025,0.0,32,17.0,0.22988040000200272,2,0,3
E3,2026-05-08,rho_z_eta_sweep,robust_pomcp,0.0,0.1,nominal,100,5,5,0.025,0.0,33,-93.0,0.2433401999878697,1,1,3
E3,2026-05-08,rho_z_eta_sweep,robust_pomcp,0.0,0.1,nominal,100,5,5,0.025,0.0,34,6.0,0.22143569999025203,1,0,4
E3,2026-05-08,rho_z_eta_sweep,robust_pomcp,0.0,0.1,nominal,100,5,5,0.025,0.0,35,-82.0,0.2159850999887567,2,1,2
E3,2026-05-08,rho_z_eta_sweep,robust_pomcp,0.0,0.1,nominal,100,5,5,0.025,0.0,36,-5.0,0.2138995999994222,0,0,5
E3,2026-05-08,rho_z_eta_sweep,robust_pomcp,0.0,0.1,nominal,100,5,5,0.025,0.0,37,-181.0,0.21846659999573603,2,2,1
E3,2026-05-08,rho_z_eta_sweep,robust_pomcp,0.0,0.1,nominal,100,5,5,0.025,0.0,38,-203.0,0.22553870000410825,0,2,3
E3,2026-05-08,rho_z_eta_sweep,robust_pomcp,0.0,0.1,nominal,100,5,5,0.025,0.0,39,-302.0,0.21111740000196733,0,3,2
E3,2026-05-08,rho_z_eta_sweep,robust_pomcp,0.0,0.1,nominal,100,5,5,0.025,0.0,40,28.0,0.21344399999361485,3,0,2
E3,2026-05-08,rho_z_eta_sweep,robust_pomcp,0.0,0.1,nominal,100,5,5,0.025,0.0,41,-82.0,0.21935540001140907,2,1,2
E3,2026-05-08,rho_z_eta_sweep,robust_pomcp,0.0,0.1,nominal,100,5,5,0.025,0.0,42,6.0,0.22110670001711696,1,0,4
E3,2026-05-08,rho_z_eta_sweep,robust_pomcp,0.0,0.1,nominal,100,5,5,0.025,0.0,43,-93.0,0.21876980000524782,1,1,3
E3,2026-05-08,rho_z_eta_sweep,robust_pomcp,0.0,0.1,nominal,100,5,5,0.025,0.0,44,-71.0,0.20871219999389723,3,1,1
E3,2026-05-08,rho_z_eta_sweep,robust_pomcp,0.0,0.1,nominal,100,5,5,0.025,0.0,45,17.0,0.23087879997910932,2,0,3
E3,2026-05-08,rho_z_eta_sweep,robust_pomcp,0.0,0.1,nominal,100,5,5,0.025,0.0,46,-71.0,0.2430068000103347,3,1,1
E3,2026-05-08,rho_z_eta_sweep,robust_pomcp,0.0,0.1,nominal,100,5,5,0.025,0.0,47,-93.0,0.2123534000129439,1,1,3
E3,2026-05-08,rho_z_eta_sweep,robust_pomcp,0.0,0.1,nominal,100,5,5,0.025,0.0,48,6.0,0.20392719999654219,1,0,4
E3,2026-05-08,rho_z_eta_sweep,robust_pomcp,0.0,0.1,nominal,100,5,5,0.025,0.0,49,-82.0,0.23402139998506755,2,1,2
E3,2026-05-08,rho_z_eta_sweep,robust_pomcp,0.0,0.1,nominal,100,5,5,0.025,0.0,50,-93.0,0.22662930001388304,1,1,3
E3,2026-05-08,rho_z_eta_sweep,robust_pomcp,0.0,0.1,nominal,100,5,5,0.025,0.0,51,28.0,0.22068890000809915,3,0,2
E3,2026-05-08,rho_z_eta_sweep,robust_pomcp,0.0,0.1,nominal,100,5,5,0.025,0.0,52,39.0,0.2319677000050433,4,0,1
E3,2026-05-08,rho_z_eta_sweep,robust_pomcp,0.0,0.1,nominal,100,5,5,0.025,0.0,53,-181.0,0.23749139998108149,2,2,1
E3,2026-05-08,rho_z_eta_sweep,robust_pomcp,0.0,0.1,nominal,100,5,5,0.025,0.0,54,-93.0,0.23853189998771995,1,1,3
E3,2026-05-08,rho_z_eta_sweep,robust_pomcp,0.0,0.1,nominal,100,5,5,0.025,0.0,55,17.0,0.21536180001567118,2,0,3
E3,2026-05-08,rho_z_eta_sweep,robust_pomcp,0.0,0.1,nominal,100,5,5,0.025,0.0,56,17.0,0.21828940001432784,2,0,3
E3,2026-05-08,rho_z_eta_sweep,robust_pomcp,0.0,0.1,nominal,100,5,5,0.025,0.0,57,-82.0,0.2209521000040695,2,1,2
E3,2026-05-08,rho_z_eta_sweep,robust_pomcp,0.0,0.1,nominal,100,5,5,0.025,0.0,58,-93.0,0.2105788000044413,1,1,3
E3,2026-05-08,rho_z_eta_sweep,robust_pomcp,0.0,0.1,nominal,100,5,5,0.025,0.0,59,-82.0,0.233120399992913,2,1,2
E3,2026-05-08,rho_z_eta_sweep,robust_pomcp,0.0,0.1,nominal,100,5,5,0.025,0.0,60,28.0,0.23217669999576174,3,0,2
E3,2026-05-08,rho_z_eta_sweep,robust_pomcp,0.0,0.1,nominal,100,5,5,0.025,0.0,61,17.0,0.22275980000267737,2,0,3
E3,2026-05-08,rho_z_eta_sweep,robust_pomcp,0.0,0.1,nominal,100,5,5,0.025,0.0,62,17.0,0.2130440000037197,2,0,3
E3,2026-05-08,rho_z_eta_sweep,robust_pomcp,0.0,0.1,nominal,100,5,5,0.025,0.0,63,28.0,0.22272530000191182,3,0,2
E3,2026-05-08,rho_z_eta_sweep,robust_pomcp,0.0,0.1,nominal,100,5,5,0.025,0.0,64,-192.0,0.22381290001794696,1,2,2
E3,2026-05-08,rho_z_eta_sweep,robust_pomcp,0.0,0.1,nominal,100,5,5,0.025,0.0,65,-93.0,0.2100120999966748,1,1,3
E3,2026-05-08,rho_z_eta_sweep,robust_pomcp,0.0,0.1,nominal,100,5,5,0.025,0.0,66,-93.0,0.22327840002253652,1,1,3
E3,2026-05-08,rho_z_eta_sweep,robust_pomcp,0.0,0.1,nominal,100,5,5,0.025,0.0,67,28.0,0.21343489998253062,3,0,2
E3,2026-05-08,rho_z_eta_sweep,robust_pomcp,0.0,0.1,nominal,100,5,5,0.025,0.0,68,17.0,0.2237287999887485,2,0,3
E3,2026-05-08,rho_z_eta_sweep,robust_pomcp,0.0,0.1,nominal,100,5,5,0.025,0.0,69,6.0,0.21690150001086295,1,0,4
E3,2026-05-08,rho_z_eta_sweep,robust_pomcp,0.0,0.1,nominal,100,5,5,0.025,0.0,70,-82.0,0.21515760000329465,2,1,2
E3,2026-05-08,rho_z_eta_sweep,robust_pomcp,0.0,0.1,nominal,100,5,5,0.025,0.0,71,28.0,0.22321669998927973,3,0,2
E3,2026-05-08,rho_z_eta_sweep,robust_pomcp,0.0,0.1,nominal,100,5,5,0.025,0.0,72,6.0,0.22481430001789704,1,0,4
E3,2026-05-08,rho_z_eta_sweep,robust_pomcp,0.0,0.1,nominal,100,5,5,0.025,0.0,73,17.0,0.209722800005693,2,0,3
E3,2026-05-08,rho_z_eta_sweep,robust_pomcp,0.0,0.1,nominal,100,5,5,0.025,0.0,74,-93.0,0.20998419998795725,1,1,3
E3,2026-05-08,rho_z_eta_sweep,robust_pomcp,0.0,0.1,nominal,100,5,5,0.025,0.0,75,17.0,0.2136447999801021,2,0,3
E3,2026-05-08,rho_z_eta_sweep,robust_pomcp,0.0,0.1,nominal,100,5,5,0.025,0.0,76,28.0,0.21068770001875237,3,0,2
E3,2026-05-08,rho_z_eta_sweep,robust_pomcp,0.0,0.1,nominal,100,5,5,0.025,0.0,77,17.0,0.24084340000990778,2,0,3
E3,2026-05-08,rho_z_eta_sweep,robust_pomcp,0.0,0.1,nominal,100,5,5,0.025,0.0,78,39.0,0.21864749997621402,4,0,1
E3,2026-05-08,rho_z_eta_sweep,robust_pomcp,0.0,0.1,nominal,100,5,5,0.025,0.0,79,-71.0,0.22617259999969974,3,1,1
E3,2026-05-08,rho_z_eta_sweep,robust_pomcp,0.0,0.1,nominal,100,5,5,0.025,0.0,80,-93.0,0.22172699999646284,1,1,3
E3,2026-05-08,rho_z_eta_sweep,robust_pomcp,0.0,0.1,nominal,100,5,5,0.025,0.0,81,-71.0,0.22419259999878705,3,1,1
E3,2026-05-08,rho_z_eta_sweep,robust_pomcp,0.0,0.1,nominal,100,5,5,0.025,0.0,82,-71.0,0.22197089999099262,3,1,1
E3,2026-05-08,rho_z_eta_sweep,robust_pomcp,0.0,0.1,nominal,100,5,5,0.025,0.0,83,28.0,0.21024169999873266,3,0,2
E3,2026-05-08,rho_z_eta_sweep,robust_pomcp,0.0,0.1,nominal,100,5,5,0.025,0.0,84,17.0,0.2150954999960959,2,0,3
E3,2026-05-08,rho_z_eta_sweep,robust_pomcp,0.0,0.1,nominal,100,5,5,0.025,0.0,85,-82.0,0.21234610001556575,2,1,2
E3,2026-05-08,rho_z_eta_sweep,robust_pomcp,0.0,0.1,nominal,100,5,5,0.025,0.0,86,-5.0,0.1980018000176642,0,0,5
E3,2026-05-08,rho_z_eta_sweep,robust_pomcp,0.0,0.1,nominal,100,5,5,0.025,0.0,87,-82.0,0.2110359000216704,2,1,2
E3,2026-05-08,rho_z_eta_sweep,robust_pomcp,0.0,0.1,nominal,100,5,5,0.025,0.0,88,-93.0,0.2162127000046894,1,1,3
E3,2026-05-08,rho_z_eta_sweep,robust_pomcp,0.0,0.1,nominal,100,5,5,0.025,0.0,89,28.0,0.21564229999785312,3,0,2
E3,2026-05-08,rho_z_eta_sweep,robust_pomcp,0.0,0.1,nominal,100,5,5,0.025,0.0,90,17.0,0.211550600011833,2,0,3
E3,2026-05-08,rho_z_eta_sweep,robust_pomcp,0.0,0.1,nominal,100,5,5,0.025,0.0,91,6.0,0.2126464000029955,1,0,4
E3,2026-05-08,rho_z_eta_sweep,robust_pomcp,0.0,0.1,nominal,100,5,5,0.025,0.0,92,-104.0,0.21928309998475015,0,1,4
E3,2026-05-08,rho_z_eta_sweep,robust_pomcp,0.0,0.1,nominal,100,5,5,0.025,0.0,93,17.0,0.21745629998622462,2,0,3
E3,2026-05-08,rho_z_eta_sweep,robust_pomcp,0.0,0.1,nominal,100,5,5,0.025,0.0,94,39.0,0.22241850002319552,4,0,1
E3,2026-05-08,rho_z_eta_sweep,robust_pomcp,0.0,0.1,nominal,100,5,5,0.025,0.0,95,-82.0,0.207349999982398,2,1,2
E3,2026-05-08,rho_z_eta_sweep,robust_pomcp,0.0,0.1,nominal,100,5,5,0.025,0.0,96,-93.0,0.21914649999234825,1,1,3
E3,2026-05-08,rho_z_eta_sweep,robust_pomcp,0.0,0.1,nominal,100,5,5,0.025,0.0,97,6.0,0.21698210001341067,1,0,4
E3,2026-05-08,rho_z_eta_sweep,robust_pomcp,0.0,0.1,nominal,100,5,5,0.025,0.0,98,-203.0,0.20674139997572638,0,2,3
E3,2026-05-08,rho_z_eta_sweep,robust_pomcp,0.0,0.1,nominal,100,5,5,0.025,0.0,99,28.0,0.2133402999897953,3,0,2
E3,2026-05-08,rho_z_eta_sweep,robust_pomcp,0.0,0.1,nominal,100,5,5,0.025,0.0,100,39.0,0.21552640001755208,4,0,1
E3,2026-05-08,rho_z_eta_sweep,robust_pomcp,0.0,0.1,nominal,100,5,5,0.0375,0.0,1,-192.0,0.22368000002461486,1,2,2
E3,2026-05-08,rho_z_eta_sweep,robust_pomcp,0.0,0.1,nominal,100,5,5,0.0375,0.0,2,6.0,0.2300855000212323,1,0,4
E3,2026-05-08,rho_z_eta_sweep,robust_pomcp,0.0,0.1,nominal,100,5,5,0.0375,0.0,3,-93.0,0.2316430000064429,1,1,3
E3,2026-05-08,rho_z_eta_sweep,robust_pomcp,0.0,0.1,nominal,100,5,5,0.0375,0.0,4,17.0,0.2145128999836743,2,0,3
E3,2026-05-08,rho_z_eta_sweep,robust_pomcp,0.0,0.1,nominal,100,5,5,0.0375,0.0,5,39.0,0.23089820001041517,4,0,1
E3,2026-05-08,rho_z_eta_sweep,robust_pomcp,0.0,0.1,nominal,100,5,5,0.0375,0.0,6,6.0,0.2184756000060588,1,0,4
E3,2026-05-08,rho_z_eta_sweep,robust_pomcp,0.0,0.1,nominal,100,5,5,0.0375,0.0,7,-82.0,0.22360820000176318,2,1,2
E3,2026-05-08,rho_z_eta_sweep,robust_pomcp,0.0,0.1,nominal,100,5,5,0.0375,0.0,8,28.0,0.2368138000019826,3,0,2
E3,2026-05-08,rho_z_eta_sweep,robust_pomcp,0.0,0.1,nominal,100,5,5,0.0375,0.0,9,28.0,0.21137710000039078,3,0,2
E3,2026-05-08,rho_z_eta_sweep,robust_pomcp,0.0,0.1,nominal,100,5,5,0.0375,0.0,10,-181.0,0.2185227999871131,2,2,1
E3,2026-05-08,rho_z_eta_sweep,robust_pomcp,0.0,0.1,nominal,100,5,5,0.0375,0.0,11,6.0,0.2169931000098586,1,0,4
E3,2026-05-08,rho_z_eta_sweep,robust_pomcp,0.0,0.1,nominal,100,5,5,0.0375,0.0,12,-93.0,0.2146872000012081,1,1,3
E3,2026-05-08,rho_z_eta_sweep,robust_pomcp,0.0,0.1,nominal,100,5,5,0.0375,0.0,13,17.0,0.21161779999965802,2,0,3
E3,2026-05-08,rho_z_eta_sweep,robust_pomcp,0.0,0.1,nominal,100,5,5,0.0375,0.0,14,28.0,0.21478989999741316,3,0,2
E3,2026-05-08,rho_z_eta_sweep,robust_pomcp,0.0,0.1,nominal,100,5,5,0.0375,0.0,15,28.0,0.21424400000250898,3,0,2
E3,2026-05-08,rho_z_eta_sweep,robust_pomcp,0.0,0.1,nominal,100,5,5,0.0375,0.0,16,-93.0,0.22146150001208298,1,1,3
E3,2026-05-08,rho_z_eta_sweep,robust_pomcp,0.0,0.1,nominal,100,5,5,0.0375,0.0,17,39.0,0.22687079999013804,4,0,1
E3,2026-05-08,rho_z_eta_sweep,robust_pomcp,0.0,0.1,nominal,100,5,5,0.0375,0.0,18,-93.0,0.22574980001081713,1,1,3
E3,2026-05-08,rho_z_eta_sweep,robust_pomcp,0.0,0.1,nominal,100,5,5,0.0375,0.0,19,6.0,0.22799859999213368,1,0,4
E3,2026-05-08,rho_z_eta_sweep,robust_pomcp,0.0,0.1,nominal,100,5,5,0.0375,0.0,20,-71.0,0.23070469999220222,3,1,1
E3,2026-05-08,rho_z_eta_sweep,robust_pomcp,0.0,0.1,nominal,100,5,5,0.0375,0.0,21,6.0,0.20271449998836033,1,0,4
E3,2026-05-08,rho_z_eta_sweep,robust_pomcp,0.0,0.1,nominal,100,5,5,0.0375,0.0,22,-82.0,0.22620780000579543,2,1,2
E3,2026-05-08,rho_z_eta_sweep,robust_pomcp,0.0,0.1,nominal,100,5,5,0.0375,0.0,23,-82.0,0.20871569999144413,2,1,2
E3,2026-05-08,rho_z_eta_sweep,robust_pomcp,0.0,0.1,nominal,100,5,5,0.0375,0.0,24,17.0,0.22321509997709654,2,0,3
E3,2026-05-08,rho_z_eta_sweep,robust_pomcp,0.0,0.1,nominal,100,5,5,0.0375,0.0,25,6.0,0.22596909999265336,1,0,4
E3,2026-05-08,rho_z_eta_sweep,robust_pomcp,0.0,0.1,nominal,100,5,5,0.0375,0.0,26,17.0,0.20421779999742284,2,0,3
E3,2026-05-08,rho_z_eta_sweep,robust_pomcp,0.0,0.1,nominal,100,5,5,0.0375,0.0,27,-302.0,0.21297490000142716,0,3,2
E3,2026-05-08,rho_z_eta_sweep,robust_pomcp,0.0,0.1,nominal,100,5,5,0.0375,0.0,28,6.0,0.23045920001459308,1,0,4
E3,2026-05-08,rho_z_eta_sweep,robust_pomcp,0.0,0.1,nominal,100,5,5,0.0375,0.0,29,-82.0,0.24311400001170114,2,1,2
E3,2026-05-08,rho_z_eta_sweep,robust_pomcp,0.0,0.1,nominal,100,5,5,0.0375,0.0,30,6.0,0.21152760001132265,1,0,4
E3,2026-05-08,rho_z_eta_sweep,robust_pomcp,0.0,0.1,nominal,100,5,5,0.0375,0.0,31,-5.0,0.20613370000501163,0,0,5
E3,2026-05-08,rho_z_eta_sweep,robust_pomcp,0.0,0.1,nominal,100,5,5,0.0375,0.0,32,6.0,0.20840990002034232,1,0,4
E3,2026-05-08,rho_z_eta_sweep,robust_pomcp,0.0,0.1,nominal,100,5,5,0.0375,0.0,33,-5.0,0.22448269999586046,0,0,5
E3,2026-05-08,rho_z_eta_sweep,robust_pomcp,0.0,0.1,nominal,100,5,5,0.0375,0.0,34,-82.0,0.21529640001244843,2,1,2
E3,2026-05-08,rho_z_eta_sweep,robust_pomcp,0.0,0.1,nominal,100,5,5,0.0375,0.0,35,17.0,0.21643719999701716,2,0,3
E3,2026-05-08,rho_z_eta_sweep,robust_pomcp,0.0,0.1,nominal,100,5,5,0.0375,0.0,36,-104.0,0.19933879998279735,0,1,4
E3,2026-05-08,rho_z_eta_sweep,robust_pomcp,0.0,0.1,nominal,100,5,5,0.0375,0.0,37,-302.0,0.21886560000712052,0,3,2
E3,2026-05-08,rho_z_eta_sweep,robust_pomcp,0.0,0.1,nominal,100,5,5,0.0375,0.0,38,-93.0,0.22121750001679175,1,1,3
E3,2026-05-08,rho_z_eta_sweep,robust_pomcp,0.0,0.1,nominal,100,5,5,0.0375,0.0,39,-104.0,0.20905689999926835,0,1,4
E3,2026-05-08,rho_z_eta_sweep,robust_pomcp,0.0,0.1,nominal,100,5,5,0.0375,0.0,40,39.0,0.23541299998760223,4,0,1
E3,2026-05-08,rho_z_eta_sweep,robust_pomcp,0.0,0.1,nominal,100,5,5,0.0375,0.0,41,-60.0,0.2192911999882199,4,1,0
E3,2026-05-08,rho_z_eta_sweep,robust_pomcp,0.0,0.1,nominal,100,5,5,0.0375,0.0,42,-5.0,0.21851540001807734,0,0,5
E3,2026-05-08,rho_z_eta_sweep,robust_pomcp,0.0,0.1,nominal,100,5,5,0.0375,0.0,43,17.0,0.20594559999881312,2,0,3
E3,2026-05-08,rho_z_eta_sweep,robust_pomcp,0.0,0.1,nominal,100,5,5,0.0375,0.0,44,-192.0,0.21642109999083914,1,2,2
E3,2026-05-08,rho_z_eta_sweep,robust_pomcp,0.0,0.1,nominal,100,5,5,0.0375,0.0,45,17.0,0.2163732000044547,2,0,3
E3,2026-05-08,rho_z_eta_sweep,robust_pomcp,0.0,0.1,nominal,100,5,5,0.0375,0.0,46,17.0,0.20363010000437498,2,0,3
E3,2026-05-08,rho_z_eta_sweep,robust_pomcp,0.0,0.1,nominal,100,5,5,0.0375,0.0,47,17.0,0.2222792000102345,2,0,3
E3,2026-05-08,rho_z_eta_sweep,robust_pomcp,0.0,0.1,nominal,100,5,5,0.0375,0.0,48,17.0,0.21227889999863692,2,0,3
E3,2026-05-08,rho_z_eta_sweep,robust_pomcp,0.0,0.1,nominal,100,5,5,0.0375,0.0,49,17.0,0.20280739999725483,2,0,3
E3,2026-05-08,rho_z_eta_sweep,robust_pomcp,0.0,0.1,nominal,100,5,5,0.0375,0.0,50,-104.0,0.20709660000284202,0,1,4
E3,2026-05-08,rho_z_eta_sweep,robust_pomcp,0.0,0.1,nominal,100,5,5,0.0375,0.0,51,17.0,0.2153497000108473,2,0,3
E3,2026-05-08,rho_z_eta_sweep,robust_pomcp,0.0,0.1,nominal,100,5,5,0.0375,0.0,52,6.0,0.21118130002287216,1,0,4
E3,2026-05-08,rho_z_eta_sweep,robust_pomcp,0.0,0.1,nominal,100,5,5,0.0375,0.0,53,-93.0,0.22198810000554658,1,1,3
E3,2026-05-08,rho_z_eta_sweep,robust_pomcp,0.0,0.1,nominal,100,5,5,0.0375,0.0,54,17.0,0.2186750000109896,2,0,3
E3,2026-05-08,rho_z_eta_sweep,robust_pomcp,0.0,0.1,nominal,100,5,5,0.0375,0.0,55,-82.0,0.21806350001133978,2,1,2
E3,2026-05-08,rho_z_eta_sweep,robust_pomcp,0.0,0.1,nominal,100,5,5,0.0375,0.0,56,-82.0,0.2200955000007525,2,1,2
E3,2026-05-08,rho_z_eta_sweep,robust_pomcp,0.0,0.1,nominal,100,5,5,0.0375,0.0,57,6.0,0.23030180000932887,1,0,4
E3,2026-05-08,rho_z_eta_sweep,robust_pomcp,0.0,0.1,nominal,100,5,5,0.0375,0.0,58,-181.0,0.2164595000213012,2,2,1
E3,2026-05-08,rho_z_eta_sweep,robust_pomcp,0.0,0.1,nominal,100,5,5,0.0375,0.0,59,-192.0,0.21815040000365116,1,2,2
E3,2026-05-08,rho_z_eta_sweep,robust_pomcp,0.0,0.1,nominal,100,5,5,0.0375,0.0,60,28.0,0.22709690002375282,3,0,2
E3,2026-05-08,rho_z_eta_sweep,robust_pomcp,0.0,0.1,nominal,100,5,5,0.0375,0.0,61,28.0,0.22594240002217703,3,0,2
E3,2026-05-08,rho_z_eta_sweep,robust_pomcp,0.0,0.1,nominal,100,5,5,0.0375,0.0,62,-82.0,0.21899819999816827,2,1,2
E3,2026-05-08,rho_z_eta_sweep,robust_pomcp,0.0,0.1,nominal,100,5,5,0.0375,0.0,63,28.0,0.24128300001029857,3,0,2
E3,2026-05-08,rho_z_eta_sweep,robust_pomcp,0.0,0.1,nominal,100,5,5,0.0375,0.0,64,-104.0,0.20908619998954237,0,1,4
E3,2026-05-08,rho_z_eta_sweep,robust_pomcp,0.0,0.1,nominal,100,5,5,0.0375,0.0,65,-93.0,0.2177969999902416,1,1,3
E3,2026-05-08,rho_z_eta_sweep,robust_pomcp,0.0,0.1,nominal,100,5,5,0.0375,0.0,66,-192.0,0.22214149998035282,1,2,2
E3,2026-05-08,rho_z_eta_sweep,robust_pomcp,0.0,0.1,nominal,100,5,5,0.0375,0.0,67,6.0,0.21095969999441877,1,0,4
E3,2026-05-08,rho_z_eta_sweep,robust_pomcp,0.0,0.1,nominal,100,5,5,0.0375,0.0,68,-192.0,0.22624910000013188,1,2,2
E3,2026-05-08,rho_z_eta_sweep,robust_pomcp,0.0,0.1,nominal,100,5,5,0.0375,0.0,69,28.0,0.2196698999905493,3,0,2
E3,2026-05-08,rho_z_eta_sweep,robust_pomcp,0.0,0.1,nominal,100,5,5,0.0375,0.0,70,6.0,0.2151706999866292,1,0,4
E3,2026-05-08,rho_z_eta_sweep,robust_pomcp,0.0,0.1,nominal,100,5,5,0.0375,0.0,71,17.0,0.22370800000499003,2,0,3
E3,2026-05-08,rho_z_eta_sweep,robust_pomcp,0.0,0.1,nominal,100,5,5,0.0375,0.0,72,28.0,0.2181136000144761,3,0,2
E3,2026-05-08,rho_z_eta_sweep,robust_pomcp,0.0,0.1,nominal,100,5,5,0.0375,0.0,73,-71.0,0.21816519999993034,3,1,1
E3,2026-05-08,rho_z_eta_sweep,robust_pomcp,0.0,0.1,nominal,100,5,5,0.0375,0.0,74,-192.0,0.21621529999538325,1,2,2
E3,2026-05-08,rho_z_eta_sweep,robust_pomcp,0.0,0.1,nominal,100,5,5,0.0375,0.0,75,28.0,0.21595529999467544,3,0,2
E3,2026-05-08,rho_z_eta_sweep,robust_pomcp,0.0,0.1,nominal,100,5,5,0.0375,0.0,76,-93.0,0.2044987000117544,1,1,3
E3,2026-05-08,rho_z_eta_sweep,robust_pomcp,0.0,0.1,nominal,100,5,5,0.0375,0.0,77,17.0,0.21114689999376424,2,0,3
E3,2026-05-08,rho_z_eta_sweep,robust_pomcp,0.0,0.1,nominal,100,5,5,0.0375,0.0,78,-93.0,0.21610180000425316,1,1,3
E3,2026-05-08,rho_z_eta_sweep,robust_pomcp,0.0,0.1,nominal,100,5,5,0.0375,0.0,79,17.0,0.2116593999962788,2,0,3
E3,2026-05-08,rho_z_eta_sweep,robust_pomcp,0.0,0.1,nominal,100,5,5,0.0375,0.0,80,-93.0,0.22417609998956323,1,1,3
E3,2026-05-08,rho_z_eta_sweep,robust_pomcp,0.0,0.1,nominal,100,5,5,0.0375,0.0,81,-5.0,0.21690030000172555,0,0,5
E3,2026-05-08,rho_z_eta_sweep,robust_pomcp,0.0,0.1,nominal,100,5,5,0.0375,0.0,82,17.0,0.21098370000254363,2,0,3
E3,2026-05-08,rho_z_eta_sweep,robust_pomcp,0.0,0.1,nominal,100,5,5,0.0375,0.0,83,-82.0,0.214206100004958,2,1,2
E3,2026-05-08,rho_z_eta_sweep,robust_pomcp,0.0,0.1,nominal,100,5,5,0.0375,0.0,84,39.0,0.2160950999823399,4,0,1
E3,2026-05-08,rho_z_eta_sweep,robust_pomcp,0.0,0.1,nominal,100,5,5,0.0375,0.0,85,-93.0,0.22196500000427477,1,1,3
E3,2026-05-08,rho_z_eta_sweep,robust_pomcp,0.0,0.1,nominal,100,5,5,0.0375,0.0,86,17.0,0.2199345999979414,2,0,3
E3,2026-05-08,rho_z_eta_sweep,robust_pomcp,0.0,0.1,nominal,100,5,5,0.0375,0.0,87,-60.0,0.22955829999409616,4,1,0
E3,2026-05-08,rho_z_eta_sweep,robust_pomcp,0.0,0.1,nominal,100,5,5,0.0375,0.0,88,28.0,0.21499409998068586,3,0,2
E3,2026-05-08,rho_z_eta_sweep,robust_pomcp,0.0,0.1,nominal,100,5,5,0.0375,0.0,89,-93.0,0.20673380000516772,1,1,3
E3,2026-05-08,rho_z_eta_sweep,robust_pomcp,0.0,0.1,nominal,100,5,5,0.0375,0.0,90,17.0,0.20712450001155958,2,0,3
E3,2026-05-08,rho_z_eta_sweep,robust_pomcp,0.0,0.1,nominal,100,5,5,0.0375,0.0,91,-93.0,0.19990649999817833,1,1,3
E3,2026-05-08,rho_z_eta_sweep,robust_pomcp,0.0,0.1,nominal,100,5,5,0.0375,0.0,92,-5.0,0.20389580001938157,0,0,5
E3,2026-05-08,rho_z_eta_sweep,robust_pomcp,0.0,0.1,nominal,100,5,5,0.0375,0.0,93,28.0,0.21387560002040118,3,0,2
E3,2026-05-08,rho_z_eta_sweep,robust_pomcp,0.0,0.1,nominal,100,5,5,0.0375,0.0,94,-82.0,0.22089930000947788,2,1,2
E3,2026-05-08,rho_z_eta_sweep,robust_pomcp,0.0,0.1,nominal,100,5,5,0.0375,0.0,95,28.0,0.20869800000218675,3,0,2
E3,2026-05-08,rho_z_eta_sweep,robust_pomcp,0.0,0.1,nominal,100,5,5,0.0375,0.0,96,17.0,0.21754690000670962,2,0,3
E3,2026-05-08,rho_z_eta_sweep,robust_pomcp,0.0,0.1,nominal,100,5,5,0.0375,0.0,97,-93.0,0.2354909999994561,1,1,3
E3,2026-05-08,rho_z_eta_sweep,robust_pomcp,0.0,0.1,nominal,100,5,5,0.0375,0.0,98,-82.0,0.2224098999868147,2,1,2
E3,2026-05-08,rho_z_eta_sweep,robust_pomcp,0.0,0.1,nominal,100,5,5,0.0375,0.0,99,17.0,0.20436819997848943,2,0,3
E3,2026-05-08,rho_z_eta_sweep,robust_pomcp,0.0,0.1,nominal,100,5,5,0.0375,0.0,100,6.0,0.2131019000080414,1,0,4
E3,2026-05-08,rho_z_eta_sweep,robust_pomcp,0.0,0.1,nominal,100,5,5,0.05,0.0,1,-5.0,0.2172914000111632,0,0,5
E3,2026-05-08,rho_z_eta_sweep,robust_pomcp,0.0,0.1,nominal,100,5,5,0.05,0.0,2,17.0,0.213434800010873,2,0,3
E3,2026-05-08,rho_z_eta_sweep,robust_pomcp,0.0,0.1,nominal,100,5,5,0.05,0.0,3,17.0,0.21662870000000112,2,0,3
E3,2026-05-08,rho_z_eta_sweep,robust_pomcp,0.0,0.1,nominal,100,5,5,0.05,0.0,4,-181.0,0.22512999997707084,2,2,1
E3,2026-05-08,rho_z_eta_sweep,robust_pomcp,0.0,0.1,nominal,100,5,5,0.05,0.0,5,6.0,0.23653120000381023,1,0,4
E3,2026-05-08,rho_z_eta_sweep,robust_pomcp,0.0,0.1,nominal,100,5,5,0.05,0.0,6,6.0,0.21291370000108145,1,0,4
E3,2026-05-08,rho_z_eta_sweep,robust_pomcp,0.0,0.1,nominal,100,5,5,0.05,0.0,7,17.0,0.21480889999656938,2,0,3
E3,2026-05-08,rho_z_eta_sweep,robust_pomcp,0.0,0.1,nominal,100,5,5,0.05,0.0,8,17.0,0.22356800001580268,2,0,3
E3,2026-05-08,rho_z_eta_sweep,robust_pomcp,0.0,0.1,nominal,100,5,5,0.05,0.0,9,-192.0,0.21738349998486228,1,2,2
E3,2026-05-08,rho_z_eta_sweep,robust_pomcp,0.0,0.1,nominal,100,5,5,0.05,0.0,10,17.0,0.20661640001344495,2,0,3
E3,2026-05-08,rho_z_eta_sweep,robust_pomcp,0.0,0.1,nominal,100,5,5,0.05,0.0,11,-82.0,0.22158699997817166,2,1,2
E3,2026-05-08,rho_z_eta_sweep,robust_pomcp,0.0,0.1,nominal,100,5,5,0.05,0.0,12,-82.0,0.21774749999167398,2,1,2
E3,2026-05-08,rho_z_eta_sweep,robust_pomcp,0.0,0.1,nominal,100,5,5,0.05,0.0,13,-5.0,0.20228820000193082,0,0,5
E3,2026-05-08,rho_z_eta_sweep,robust_pomcp,0.0,0.1,nominal,100,5,5,0.05,0.0,14,17.0,0.22318870000890456,2,0,3
E3,2026-05-08,rho_z_eta_sweep,robust_pomcp,0.0,0.1,nominal,100,5,5,0.05,0.0,15,17.0,0.23125340000842698,2,0,3
E3,2026-05-08,rho_z_eta_sweep,robust_pomcp,0.0,0.1,nominal,100,5,5,0.05,0.0,16,6.0,0.2109939000220038,1,0,4
E3,2026-05-08,rho_z_eta_sweep,robust_pomcp,0.0,0.1,nominal,100,5,5,0.05,0.0,17,17.0,0.2172773999918718,2,0,3
E3,2026-05-08,rho_z_eta_sweep,robust_pomcp,0.0,0.1,nominal,100,5,5,0.05,0.0,18,-93.0,0.225019000004977,1,1,3
E3,2026-05-08,rho_z_eta_sweep,robust_pomcp,0.0,0.1,nominal,100,5,5,0.05,0.0,19,17.0,0.21765040000900626,2,0,3
E3,2026-05-08,rho_z_eta_sweep,robust_pomcp,0.0,0.1,nominal,100,5,5,0.05,0.0,20,28.0,0.22145179999643005,3,0,2
E3,2026-05-08,rho_z_eta_sweep,robust_pomcp,0.0,0.1,nominal,100,5,5,0.05,0.0,21,17.0,0.21689640000113286,2,0,3
E3,2026-05-08,rho_z_eta_sweep,robust_pomcp,0.0,0.1,nominal,100,5,5,0.05,0.0,22,-82.0,0.21365709998644888,2,1,2
E3,2026-05-08,rho_z_eta_sweep,robust_pomcp,0.0,0.1,nominal,100,5,5,0.05,0.0,23,-93.0,0.21970540002803318,1,1,3
E3,2026-05-08,rho_z_eta_sweep,robust_pomcp,0.0,0.1,nominal,100,5,5,0.05,0.0,24,28.0,0.2130751000076998,3,0,2
E3,2026-05-08,rho_z_eta_sweep,robust_pomcp,0.0,0.1,nominal,100,5,5,0.05,0.0,25,6.0,0.21449199999915436,1,0,4
E3,2026-05-08,rho_z_eta_sweep,robust_pomcp,0.0,0.1,nominal,100,5,5,0.05,0.0,26,50.0,0.21379929999238811,5,0,0
E3,2026-05-08,rho_z_eta_sweep,robust_pomcp,0.0,0.1,nominal,100,5,5,0.05,0.0,27,-291.0,0.23598609998589382,1,3,1
E3,2026-05-08,rho_z_eta_sweep,robust_pomcp,0.0,0.1,nominal,100,5,5,0.05,0.0,28,-82.0,0.21621569999842905,2,1,2
E3,2026-05-08,rho_z_eta_sweep,robust_pomcp,0.0,0.1,nominal,100,5,5,0.05,0.0,29,17.0,0.2135126999928616,2,0,3
E3,2026-05-08,rho_z_eta_sweep,robust_pomcp,0.0,0.1,nominal,100,5,5,0.05,0.0,30,-82.0,0.231435199995758,2,1,2
E3,2026-05-08,rho_z_eta_sweep,robust_pomcp,0.0,0.1,nominal,100,5,5,0.05,0.0,31,28.0,0.22411390001070686,3,0,2
E3,2026-05-08,rho_z_eta_sweep,robust_pomcp,0.0,0.1,nominal,100,5,5,0.05,0.0,32,-93.0,0.22467739999410696,1,1,3
E3,2026-05-08,rho_z_eta_sweep,robust_pomcp,0.0,0.1,nominal,100,5,5,0.05,0.0,33,6.0,0.22768790001282468,1,0,4
E3,2026-05-08,rho_z_eta_sweep,robust_pomcp,0.0,0.1,nominal,100,5,5,0.05,0.0,34,-93.0,0.23080239997943863,1,1,3
E3,2026-05-08,rho_z_eta_sweep,robust_pomcp,0.0,0.1,nominal,100,5,5,0.05,0.0,35,28.0,0.256271000020206,3,0,2
E3,2026-05-08,rho_z_eta_sweep,robust_pomcp,0.0,0.1,nominal,100,5,5,0.05,0.0,36,-93.0,0.21035320000373758,1,1,3
E3,2026-05-08,rho_z_eta_sweep,robust_pomcp,0.0,0.1,nominal,100,5,5,0.05,0.0,37,-93.0,0.22108690001186915,1,1,3
E3,2026-05-08,rho_z_eta_sweep,robust_pomcp,0.0,0.1,nominal,100,5,5,0.05,0.0,38,-5.0,0.2135032000078354,0,0,5
E3,2026-05-08,rho_z_eta_sweep,robust_pomcp,0.0,0.1,nominal,100,5,5,0.05,0.0,39,6.0,0.22847480000928044,1,0,4
E3,2026-05-08,rho_z_eta_sweep,robust_pomcp,0.0,0.1,nominal,100,5,5,0.05,0.0,40,17.0,0.2081602000107523,2,0,3
E3,2026-05-08,rho_z_eta_sweep,robust_pomcp,0.0,0.1,nominal,100,5,5,0.05,0.0,41,-93.0,0.2099962000211235,1,1,3
E3,2026-05-08,rho_z_eta_sweep,robust_pomcp,0.0,0.1,nominal,100,5,5,0.05,0.0,42,-390.0,0.21405529999174178,1,4,0
E3,2026-05-08,rho_z_eta_sweep,robust_pomcp,0.0,0.1,nominal,100,5,5,0.05,0.0,43,17.0,0.22295729999314062,2,0,3
E3,2026-05-08,rho_z_eta_sweep,robust_pomcp,0.0,0.1,nominal,100,5,5,0.05,0.0,44,-82.0,0.22111339998082258,2,1,2
E3,2026-05-08,rho_z_eta_sweep,robust_pomcp,0.0,0.1,nominal,100,5,5,0.05,0.0,45,17.0,0.21627159998752177,2,0,3
E3,2026-05-08,rho_z_eta_sweep,robust_pomcp,0.0,0.1,nominal,100,5,5,0.05,0.0,46,28.0,0.21425650001037866,3,0,2
E3,2026-05-08,rho_z_eta_sweep,robust_pomcp,0.0,0.1,nominal,100,5,5,0.05,0.0,47,-93.0,0.2177566000027582,1,1,3
E3,2026-05-08,rho_z_eta_sweep,robust_pomcp,0.0,0.1,nominal,100,5,5,0.05,0.0,48,28.0,0.2129348000162281,3,0,2
E3,2026-05-08,rho_z_eta_sweep,robust_pomcp,0.0,0.1,nominal,100,5,5,0.05,0.0,49,28.0,0.21524479999789037,3,0,2
E3,2026-05-08,rho_z_eta_sweep,robust_pomcp,0.0,0.1,nominal,100,5,5,0.05,0.0,50,6.0,0.21368869999423623,1,0,4
E3,2026-05-08,rho_z_eta_sweep,robust_pomcp,0.0,0.1,nominal,100,5,5,0.05,0.0,51,6.0,0.2099558999761939,1,0,4
E3,2026-05-08,rho_z_eta_sweep,robust_pomcp,0.0,0.1,nominal,100,5,5,0.05,0.0,52,17.0,0.20903570001246408,2,0,3
E3,2026-05-08,rho_z_eta_sweep,robust_pomcp,0.0,0.1,nominal,100,5,5,0.05,0.0,53,-203.0,0.2092451000062283,0,2,3
E3,2026-05-08,rho_z_eta_sweep,robust_pomcp,0.0,0.1,nominal,100,5,5,0.05,0.0,54,6.0,0.2145948999968823,1,0,4
E3,2026-05-08,rho_z_eta_sweep,robust_pomcp,0.0,0.1,nominal,100,5,5,0.05,0.0,55,-5.0,0.19499519999953918,0,0,5
E3,2026-05-08,rho_z_eta_sweep,robust_pomcp,0.0,0.1,nominal,100,5,5,0.05,0.0,56,6.0,0.20600649999687448,1,0,4
E3,2026-05-08,rho_z_eta_sweep,robust_pomcp,0.0,0.1,nominal,100,5,5,0.05,0.0,57,28.0,0.2117632000008598,3,0,2
E3,2026-05-08,rho_z_eta_sweep,robust_pomcp,0.0,0.1,nominal,100,5,5,0.05,0.0,58,17.0,0.22365050000371411,2,0,3
E3,2026-05-08,rho_z_eta_sweep,robust_pomcp,0.0,0.1,nominal,100,5,5,0.05,0.0,59,-82.0,0.22503159998450428,2,1,2
E3,2026-05-08,rho_z_eta_sweep,robust_pomcp,0.0,0.1,nominal,100,5,5,0.05,0.0,60,-93.0,0.21048520001932047,1,1,3
E3,2026-05-08,rho_z_eta_sweep,robust_pomcp,0.0,0.1,nominal,100,5,5,0.05,0.0,61,17.0,0.20473189998301677,2,0,3
E3,2026-05-08,rho_z_eta_sweep,robust_pomcp,0.0,0.1,nominal,100,5,5,0.05,0.0,62,-82.0,0.20768220000900328,2,1,2
E3,2026-05-08,rho_z_eta_sweep,robust_pomcp,0.0,0.1,nominal,100,5,5,0.05,0.0,63,-71.0,0.22115510000730865,3,1,1
E3,2026-05-08,rho_z_eta_sweep,robust_pomcp,0.0,0.1,nominal,100,5,5,0.05,0.0,64,-302.0,0.23536939997575246,0,3,2
E3,2026-05-08,rho_z_eta_sweep,robust_pomcp,0.0,0.1,nominal,100,5,5,0.05,0.0,65,-192.0,0.2252079999889247,1,2,2
E3,2026-05-08,rho_z_eta_sweep,robust_pomcp,0.0,0.1,nominal,100,5,5,0.05,0.0,66,-192.0,0.21166930001345463,1,2,2
E3,2026-05-08,rho_z_eta_sweep,robust_pomcp,0.0,0.1,nominal,100,5,5,0.05,0.0,67,39.0,0.23291409999364987,4,0,1
E3,2026-05-08,rho_z_eta_sweep,robust_pomcp,0.0,0.1,nominal,100,5,5,0.05,0.0,68,17.0,0.21872679999796674,2,0,3
E3,2026-05-08,rho_z_eta_sweep,robust_pomcp,0.0,0.1,nominal,100,5,5,0.05,0.0,69,-5.0,0.20637229998828843,0,0,5
E3,2026-05-08,rho_z_eta_sweep,robust_pomcp,0.0,0.1,nominal,100,5,5,0.05,0.0,70,28.0,0.2112796999863349,3,0,2
E3,2026-05-08,rho_z_eta_sweep,robust_pomcp,0.0,0.1,nominal,100,5,5,0.05,0.0,71,-93.0,0.2160128999967128,1,1,3
E3,2026-05-08,rho_z_eta_sweep,robust_pomcp,0.0,0.1,nominal,100,5,5,0.05,0.0,72,17.0,0.21292869999888353,2,0,3
E3,2026-05-08,rho_z_eta_sweep,robust_pomcp,0.0,0.1,nominal,100,5,5,0.05,0.0,73,-192.0,0.22172860000864603,1,2,2
E3,2026-05-08,rho_z_eta_sweep,robust_pomcp,0.0,0.1,nominal,100,5,5,0.05,0.0,74,-71.0,0.22814049999578856,3,1,1
E3,2026-05-08,rho_z_eta_sweep,robust_pomcp,0.0,0.1,nominal,100,5,5,0.05,0.0,75,6.0,0.21750020000035875,1,0,4
E3,2026-05-08,rho_z_eta_sweep,robust_pomcp,0.0,0.1,nominal,100,5,5,0.05,0.0,76,-82.0,0.2148248000012245,2,1,2
E3,2026-05-08,rho_z_eta_sweep,robust_pomcp,0.0,0.1,nominal,100,5,5,0.05,0.0,77,-71.0,0.22200680000241846,3,1,1
E3,2026-05-08,rho_z_eta_sweep,robust_pomcp,0.0,0.1,nominal,100,5,5,0.05,0.0,78,28.0,0.2153231000120286,3,0,2
E3,2026-05-08,rho_z_eta_sweep,robust_pomcp,0.0,0.1,nominal,100,5,5,0.05,0.0,79,-181.0,0.2367163000162691,2,2,1
E3,2026-05-08,rho_z_eta_sweep,robust_pomcp,0.0,0.1,nominal,100,5,5,0.05,0.0,80,28.0,0.2176622999832034,3,0,2
E3,2026-05-08,rho_z_eta_sweep,robust_pomcp,0.0,0.1,nominal,100,5,5,0.05,0.0,81,-93.0,0.22471219999715686,1,1,3
E3,2026-05-08,rho_z_eta_sweep,robust_pomcp,0.0,0.1,nominal,100,5,5,0.05,0.0,82,-93.0,0.2343109999783337,1,1,3
E3,2026-05-08,rho_z_eta_sweep,robust_pomcp,0.0,0.1,nominal,100,5,5,0.05,0.0,83,-93.0,0.22901929999352433,1,1,3
E3,2026-05-08,rho_z_eta_sweep,robust_pomcp,0.0,0.1,nominal,100,5,5,0.05,0.0,84,28.0,0.24843540001893416,3,0,2
E3,2026-05-08,rho_z_eta_sweep,robust_pomcp,0.0,0.1,nominal,100,5,5,0.05,0.0,85,-181.0,0.22475379999377765,2,2,1
E3,2026-05-08,rho_z_eta_sweep,robust_pomcp,0.0,0.1,nominal,100,5,5,0.05,0.0,86,-71.0,0.2289605000114534,3,1,1
E3,2026-05-08,rho_z_eta_sweep,robust_pomcp,0.0,0.1,nominal,100,5,5,0.05,0.0,87,-93.0,0.21744279999984428,1,1,3
E3,2026-05-08,rho_z_eta_sweep,robust_pomcp,0.0,0.1,nominal,100,5,5,0.05,0.0,88,17.0,0.2136754999810364,2,0,3
E3,2026-05-08,rho_z_eta_sweep,robust_pomcp,0.0,0.1,nominal,100,5,5,0.05,0.0,89,-93.0,0.19810920002055354,1,1,3
E3,2026-05-08,rho_z_eta_sweep,robust_pomcp,0.0,0.1,nominal,100,5,5,0.05,0.0,90,28.0,0.20996050001122057,3,0,2
E3,2026-05-08,rho_z_eta_sweep,robust_pomcp,0.0,0.1,nominal,100,5,5,0.05,0.0,91,-104.0,0.21286870000767522,0,1,4
E3,2026-05-08,rho_z_eta_sweep,robust_pomcp,0.0,0.1,nominal,100,5,5,0.05,0.0,92,-104.0,0.2357962999958545,0,1,4
E3,2026-05-08,rho_z_eta_sweep,robust_pomcp,0.0,0.1,nominal,100,5,5,0.05,0.0,93,17.0,0.21358350000809878,2,0,3
E3,2026-05-08,rho_z_eta_sweep,robust_pomcp,0.0,0.1,nominal,100,5,5,0.05,0.0,94,28.0,0.21659479997470044,3,0,2
E3,2026-05-08,rho_z_eta_sweep,robust_pomcp,0.0,0.1,nominal,100,5,5,0.05,0.0,95,17.0,0.21090689999982715,2,0,3
E3,2026-05-08,rho_z_eta_sweep,robust_pomcp,0.0,0.1,nominal,100,5,5,0.05,0.0,96,-93.0,0.21860299998661503,1,1,3
E3,2026-05-08,rho_z_eta_sweep,robust_pomcp,0.0,0.1,nominal,100,5,5,0.05,0.0,97,-71.0,0.2244422000076156,3,1,1
E3,2026-05-08,rho_z_eta_sweep,robust_pomcp,0.0,0.1,nominal,100,5,5,0.05,0.0,98,-104.0,0.21524580000550486,0,1,4
E3,2026-05-08,rho_z_eta_sweep,robust_pomcp,0.0,0.1,nominal,100,5,5,0.05,0.0,99,6.0,0.21914030000334606,1,0,4
E3,2026-05-08,rho_z_eta_sweep,robust_pomcp,0.0,0.1,nominal,100,5,5,0.05,0.0,100,-181.0,0.2284914000192657,2,2,1
E3,2026-05-08,rho_z_eta_sweep,robust_pomcp,0.0,0.2,nominal,100,5,5,0.0,0.0,1,17.0,0.2149691999948118,2,0,3
E3,2026-05-08,rho_z_eta_sweep,robust_pomcp,0.0,0.2,nominal,100,5,5,0.0,0.0,2,28.0,0.22441490000346676,3,0,2
E3,2026-05-08,rho_z_eta_sweep,robust_pomcp,0.0,0.2,nominal,100,5,5,0.0,0.0,3,-93.0,0.2164935000182595,1,1,3
E3,2026-05-08,rho_z_eta_sweep,robust_pomcp,0.0,0.2,nominal,100,5,5,0.0,0.0,4,17.0,0.19769619998987764,2,0,3
E3,2026-05-08,rho_z_eta_sweep,robust_pomcp,0.0,0.2,nominal,100,5,5,0.0,0.0,5,-104.0,0.21208029999979772,0,1,4
E3,2026-05-08,rho_z_eta_sweep,robust_pomcp,0.0,0.2,nominal,100,5,5,0.0,0.0,6,17.0,0.20920929999556392,2,0,3
E3,2026-05-08,rho_z_eta_sweep,robust_pomcp,0.0,0.2,nominal,100,5,5,0.0,0.0,7,-82.0,0.22486789998947643,2,1,2
E3,2026-05-08,rho_z_eta_sweep,robust_pomcp,0.0,0.2,nominal,100,5,5,0.0,0.0,8,-104.0,0.22160960000474006,0,1,4
E3,2026-05-08,rho_z_eta_sweep,robust_pomcp,0.0,0.2,nominal,100,5,5,0.0,0.0,9,28.0,0.22871419999864884,3,0,2
E3,2026-05-08,rho_z_eta_sweep,robust_pomcp,0.0,0.2,nominal,100,5,5,0.0,0.0,10,28.0,0.22127149999141693,3,0,2
E3,2026-05-08,rho_z_eta_sweep,robust_pomcp,0.0,0.2,nominal,100,5,5,0.0,0.0,11,17.0,0.21427900000708178,2,0,3
E3,2026-05-08,rho_z_eta_sweep,robust_pomcp,0.0,0.2,nominal,100,5,5,0.0,0.0,12,-93.0,0.22076220001326874,1,1,3
E3,2026-05-08,rho_z_eta_sweep,robust_pomcp,0.0,0.2,nominal,100,5,5,0.0,0.0,13,6.0,0.20272790000308305,1,0,4
E3,2026-05-08,rho_z_eta_sweep,robust_pomcp,0.0,0.2,nominal,100,5,5,0.0,0.0,14,-82.0,0.22698259999742731,2,1,2
E3,2026-05-08,rho_z_eta_sweep,robust_pomcp,0.0,0.2,nominal,100,5,5,0.0,0.0,15,28.0,0.24013459999696352,3,0,2
E3,2026-05-08,rho_z_eta_sweep,robust_pomcp,0.0,0.2,nominal,100,5,5,0.0,0.0,16,-93.0,0.24545359998592176,1,1,3
E3,2026-05-08,rho_z_eta_sweep,robust_pomcp,0.0,0.2,nominal,100,5,5,0.0,0.0,17,-71.0,0.2248010999755934,3,1,1
E3,2026-05-08,rho_z_eta_sweep,robust_pomcp,0.0,0.2,nominal,100,5,5,0.0,0.0,18,28.0,0.22011329999077134,3,0,2
E3,2026-05-08,rho_z_eta_sweep,robust_pomcp,0.0,0.2,nominal,100,5,5,0.0,0.0,19,39.0,0.23537840001517907,4,0,1
E3,2026-05-08,rho_z_eta_sweep,robust_pomcp,0.0,0.2,nominal,100,5,5,0.0,0.0,20,17.0,0.22608330001821741,2,0,3
E3,2026-05-08,rho_z_eta_sweep,robust_pomcp,0.0,0.2,nominal,100,5,5,0.0,0.0,21,6.0,0.23167629999807104,1,0,4
E3,2026-05-08,rho_z_eta_sweep,robust_pomcp,0.0,0.2,nominal,100,5,5,0.0,0.0,22,-93.0,0.24299480000627227,1,1,3
E3,2026-05-08,rho_z_eta_sweep,robust_pomcp,0.0,0.2,nominal,100,5,5,0.0,0.0,23,-71.0,0.22857780000776984,3,1,1
E3,2026-05-08,rho_z_eta_sweep,robust_pomcp,0.0,0.2,nominal,100,5,5,0.0,0.0,24,6.0,0.2083827000169549,1,0,4
E3,2026-05-08,rho_z_eta_sweep,robust_pomcp,0.0,0.2,nominal,100,5,5,0.0,0.0,25,17.0,0.22339160001138225,2,0,3
E3,2026-05-08,rho_z_eta_sweep,robust_pomcp,0.0,0.2,nominal,100,5,5,0.0,0.0,26,17.0,0.21590310000465252,2,0,3
E3,2026-05-08,rho_z_eta_sweep,robust_pomcp,0.0,0.2,nominal,100,5,5,0.0,0.0,27,-93.0,0.22606280000763945,1,1,3
E3,2026-05-08,rho_z_eta_sweep,robust_pomcp,0.0,0.2,nominal,100,5,5,0.0,0.0,28,-71.0,0.2279446999891661,3,1,1
E3,2026-05-08,rho_z_eta_sweep,robust_pomcp,0.0,0.2,nominal,100,5,5,0.0,0.0,29,17.0,0.21987300002365373,2,0,3
E3,2026-05-08,rho_z_eta_sweep,robust_pomcp,0.0,0.2,nominal,100,5,5,0.0,0.0,30,-82.0,0.21756719998666085,2,1,2
E3,2026-05-08,rho_z_eta_sweep,robust_pomcp,0.0,0.2,nominal,100,5,5,0.0,0.0,31,-93.0,0.21509539999533445,1,1,3
E3,2026-05-08,rho_z_eta_sweep,robust_pomcp,0.0,0.2,nominal,100,5,5,0.0,0.0,32,28.0,0.2115011000132654,3,0,2
E3,2026-05-08,rho_z_eta_sweep,robust_pomcp,0.0,0.2,nominal,100,5,5,0.0,0.0,33,-71.0,0.21600279997801408,3,1,1
E3,2026-05-08,rho_z_eta_sweep,robust_pomcp,0.0,0.2,nominal,100,5,5,0.0,0.0,34,6.0,0.20823220000602305,1,0,4
E3,2026-05-08,rho_z_eta_sweep,robust_pomcp,0.0,0.2,nominal,100,5,5,0.0,0.0,35,-93.0,0.21395849998225458,1,1,3
E3,2026-05-08,rho_z_eta_sweep,robust_pomcp,0.0,0.2,nominal,100,5,5,0.0,0.0,36,17.0,0.2191430999955628,2,0,3
E3,2026-05-08,rho_z_eta_sweep,robust_pomcp,0.0,0.2,nominal,100,5,5,0.0,0.0,37,-93.0,0.21543309997650795,1,1,3
E3,2026-05-08,rho_z_eta_sweep,robust_pomcp,0.0,0.2,nominal,100,5,5,0.0,0.0,38,17.0,0.21863059999304824,2,0,3
E3,2026-05-08,rho_z_eta_sweep,robust_pomcp,0.0,0.2,nominal,100,5,5,0.0,0.0,39,-104.0,0.2081465999945067,0,1,4
E3,2026-05-08,rho_z_eta_sweep,robust_pomcp,0.0,0.2,nominal,100,5,5,0.0,0.0,40,28.0,0.21246700000483543,3,0,2
E3,2026-05-08,rho_z_eta_sweep,robust_pomcp,0.0,0.2,nominal,100,5,5,0.0,0.0,41,17.0,0.21332790001179092,2,0,3
E3,2026-05-08,rho_z_eta_sweep,robust_pomcp,0.0,0.2,nominal,100,5,5,0.0,0.0,42,28.0,0.21557170001324266,3,0,2
E3,2026-05-08,rho_z_eta_sweep,robust_pomcp,0.0,0.2,nominal,100,5,5,0.0,0.0,43,17.0,0.21087599999736995,2,0,3
E3,2026-05-08,rho_z_eta_sweep,robust_pomcp,0.0,0.2,nominal,100,5,5,0.0,0.0,44,17.0,0.22087099999771453,2,0,3
E3,2026-05-08,rho_z_eta_sweep,robust_pomcp,0.0,0.2,nominal,100,5,5,0.0,0.0,45,17.0,0.21434430000954308,2,0,3
E3,2026-05-08,rho_z_eta_sweep,robust_pomcp,0.0,0.2,nominal,100,5,5,0.0,0.0,46,17.0,0.20956789999036118,2,0,3
E3,2026-05-08,rho_z_eta_sweep,robust_pomcp,0.0,0.2,nominal,100,5,5,0.0,0.0,47,17.0,0.22088540002005175,2,0,3
E3,2026-05-08,rho_z_eta_sweep,robust_pomcp,0.0,0.2,nominal,100,5,5,0.0,0.0,48,-71.0,0.21833420000621118,3,1,1
E3,2026-05-08,rho_z_eta_sweep,robust_pomcp,0.0,0.2,nominal,100,5,5,0.0,0.0,49,28.0,0.21178490002057515,3,0,2
E3,2026-05-08,rho_z_eta_sweep,robust_pomcp,0.0,0.2,nominal,100,5,5,0.0,0.0,50,17.0,0.20903709999402054,2,0,3
E3,2026-05-08,rho_z_eta_sweep,robust_pomcp,0.0,0.2,nominal,100,5,5,0.0,0.0,51,-71.0,0.21941469999728724,3,1,1
E3,2026-05-08,rho_z_eta_sweep,robust_pomcp,0.0,0.2,nominal,100,5,5,0.0,0.0,52,-93.0,0.2218449000210967,1,1,3
E3,2026-05-08,rho_z_eta_sweep,robust_pomcp,0.0,0.2,nominal,100,5,5,0.0,0.0,53,-181.0,0.2107129999785684,2,2,1
E3,2026-05-08,rho_z_eta_sweep,robust_pomcp,0.0,0.2,nominal,100,5,5,0.0,0.0,54,28.0,0.22760049998760223,3,0,2
E3,2026-05-08,rho_z_eta_sweep,robust_pomcp,0.0,0.2,nominal,100,5,5,0.0,0.0,55,-82.0,0.2142050999973435,2,1,2
E3,2026-05-08,rho_z_eta_sweep,robust_pomcp,0.0,0.2,nominal,100,5,5,0.0,0.0,56,-181.0,0.22424000001046807,2,2,1
E3,2026-05-08,rho_z_eta_sweep,robust_pomcp,0.0,0.2,nominal,100,5,5,0.0,0.0,57,28.0,0.22130500001367182,3,0,2
E3,2026-05-08,rho_z_eta_sweep,robust_pomcp,0.0,0.2,nominal,100,5,5,0.0,0.0,58,28.0,0.21567199999117292,3,0,2
E3,2026-05-08,rho_z_eta_sweep,robust_pomcp,0.0,0.2,nominal,100,5,5,0.0,0.0,59,28.0,0.2269240999885369,3,0,2
E3,2026-05-08,rho_z_eta_sweep,robust_pomcp,0.0,0.2,nominal,100,5,5,0.0,0.0,60,-93.0,0.2169059999869205,1,1,3
E3,2026-05-08,rho_z_eta_sweep,robust_pomcp,0.0,0.2,nominal,100,5,5,0.0,0.0,61,-192.0,0.21523450000677258,1,2,2
E3,2026-05-08,rho_z_eta_sweep,robust_pomcp,0.0,0.2,nominal,100,5,5,0.0,0.0,62,39.0,0.218003799993312,4,0,1
E3,2026-05-08,rho_z_eta_sweep,robust_pomcp,0.0,0.2,nominal,100,5,5,0.0,0.0,63,39.0,0.21115519999875687,4,0,1
E3,2026-05-08,rho_z_eta_sweep,robust_pomcp,0.0,0.2,nominal,100,5,5,0.0,0.0,64,17.0,0.2251789000001736,2,0,3
E3,2026-05-08,rho_z_eta_sweep,robust_pomcp,0.0,0.2,nominal,100,5,5,0.0,0.0,65,-82.0,0.22444970000651665,2,1,2
E3,2026-05-08,rho_z_eta_sweep,robust_pomcp,0.0,0.2,nominal,100,5,5,0.0,0.0,66,-192.0,0.21451449999585748,1,2,2
E3,2026-05-08,rho_z_eta_sweep,robust_pomcp,0.0,0.2,nominal,100,5,5,0.0,0.0,67,6.0,0.2154525000078138,1,0,4
E3,2026-05-08,rho_z_eta_sweep,robust_pomcp,0.0,0.2,nominal,100,5,5,0.0,0.0,68,-93.0,0.21038460001000203,1,1,3
E3,2026-05-08,rho_z_eta_sweep,robust_pomcp,0.0,0.2,nominal,100,5,5,0.0,0.0,69,-82.0,0.21441129999584518,2,1,2
E3,2026-05-08,rho_z_eta_sweep,robust_pomcp,0.0,0.2,nominal,100,5,5,0.0,0.0,70,28.0,0.22210519999498501,3,0,2
E3,2026-05-08,rho_z_eta_sweep,robust_pomcp,0.0,0.2,nominal,100,5,5,0.0,0.0,71,6.0,0.20420609999564476,1,0,4
E3,2026-05-08,rho_z_eta_sweep,robust_pomcp,0.0,0.2,nominal,100,5,5,0.0,0.0,72,39.0,0.2190767000138294,4,0,1
E3,2026-05-08,rho_z_eta_sweep,robust_pomcp,0.0,0.2,nominal,100,5,5,0.0,0.0,73,28.0,0.21509000001242384,3,0,2
E3,2026-05-08,rho_z_eta_sweep,robust_pomcp,0.0,0.2,nominal,100,5,5,0.0,0.0,74,-82.0,0.21689079998759553,2,1,2
E3,2026-05-08,rho_z_eta_sweep,robust_pomcp,0.0,0.2,nominal,100,5,5,0.0,0.0,75,17.0,0.21677540001110174,2,0,3
E3,2026-05-08,rho_z_eta_sweep,robust_pomcp,0.0,0.2,nominal,100,5,5,0.0,0.0,76,-82.0,0.21150720000150613,2,1,2
E3,2026-05-08,rho_z_eta_sweep,robust_pomcp,0.0,0.2,nominal,100,5,5,0.0,0.0,77,-71.0,0.2306174999976065,3,1,1
E3,2026-05-08,rho_z_eta_sweep,robust_pomcp,0.0,0.2,nominal,100,5,5,0.0,0.0,78,17.0,0.21038110001245514,2,0,3
E3,2026-05-08,rho_z_eta_sweep,robust_pomcp,0.0,0.2,nominal,100,5,5,0.0,0.0,79,28.0,0.21740580000914633,3,0,2
E3,2026-05-08,rho_z_eta_sweep,robust_pomcp,0.0,0.2,nominal,100,5,5,0.0,0.0,80,39.0,0.23291920000337996,4,0,1
E3,2026-05-08,rho_z_eta_sweep,robust_pomcp,0.0,0.2,nominal,100,5,5,0.0,0.0,81,-93.0,0.22584870000719093,1,1,3
E3,2026-05-08,rho_z_eta_sweep,robust_pomcp,0.0,0.2,nominal,100,5,5,0.0,0.0,82,-93.0,0.2044203999976162,1,1,3
E3,2026-05-08,rho_z_eta_sweep,robust_pomcp,0.0,0.2,nominal,100,5,5,0.0,0.0,83,6.0,0.2038948999834247,1,0,4
E3,2026-05-08,rho_z_eta_sweep,robust_pomcp,0.0,0.2,nominal,100,5,5,0.0,0.0,84,6.0,0.20318759998190217,1,0,4
E3,2026-05-08,rho_z_eta_sweep,robust_pomcp,0.0,0.2,nominal,100,5,5,0.0,0.0,85,6.0,0.21506040001986548,1,0,4
E3,2026-05-08,rho_z_eta_sweep,robust_pomcp,0.0,0.2,nominal,100,5,5,0.0,0.0,86,-82.0,0.22273459998541512,2,1,2
E3,2026-05-08,rho_z_eta_sweep,robust_pomcp,0.0,0.2,nominal,100,5,5,0.0,0.0,87,6.0,0.20848450000630692,1,0,4
E3,2026-05-08,rho_z_eta_sweep,robust_pomcp,0.0,0.2,nominal,100,5,5,0.0,0.0,88,39.0,0.22615259999292903,4,0,1
E3,2026-05-08,rho_z_eta_sweep,robust_pomcp,0.0,0.2,nominal,100,5,5,0.0,0.0,89,-104.0,0.21592590000363998,0,1,4
E3,2026-05-08,rho_z_eta_sweep,robust_pomcp,0.0,0.2,nominal,100,5,5,0.0,0.0,90,17.0,0.21655509999254718,2,0,3
E3,2026-05-08,rho_z_eta_sweep,robust_pomcp,0.0,0.2,nominal,100,5,5,0.0,0.0,91,-71.0,0.22466360000544228,3,1,1
E3,2026-05-08,rho_z_eta_sweep,robust_pomcp,0.0,0.2,nominal,100,5,5,0.0,0.0,92,-93.0,0.21219910000218078,1,1,3
E3,2026-05-08,rho_z_eta_sweep,robust_pomcp,0.0,0.2,nominal,100,5,5,0.0,0.0,93,-93.0,0.22215220000362024,1,1,3
E3,2026-05-08,rho_z_eta_sweep,robust_pomcp,0.0,0.2,nominal,100,5,5,0.0,0.0,94,-93.0,0.20581240000319667,1,1,3
E3,2026-05-08,rho_z_eta_sweep,robust_pomcp,0.0,0.2,nominal,100,5,5,0.0,0.0,95,-82.0,0.23900359999970533,2,1,2
E3,2026-05-08,rho_z_eta_sweep,robust_pomcp,0.0,0.2,nominal,100,5,5,0.0,0.0,96,28.0,0.2147726999828592,3,0,2
E3,2026-05-08,rho_z_eta_sweep,robust_pomcp,0.0,0.2,nominal,100,5,5,0.0,0.0,97,-82.0,0.21543519999249838,2,1,2
E3,2026-05-08,rho_z_eta_sweep,robust_pomcp,0.0,0.2,nominal,100,5,5,0.0,0.0,98,-203.0,0.22341420000884682,0,2,3
E3,2026-05-08,rho_z_eta_sweep,robust_pomcp,0.0,0.2,nominal,100,5,5,0.0,0.0,99,28.0,0.21358450001571327,3,0,2
E3,2026-05-08,rho_z_eta_sweep,robust_pomcp,0.0,0.2,nominal,100,5,5,0.0,0.0,100,-93.0,0.20666969998273998,1,1,3
E3,2026-05-08,rho_z_eta_sweep,robust_pomcp,0.0,0.2,nominal,100,5,5,0.025,0.0,1,-192.0,0.216176899994025,1,2,2
E3,2026-05-08,rho_z_eta_sweep,robust_pomcp,0.0,0.2,nominal,100,5,5,0.025,0.0,2,28.0,0.2159805000119377,3,0,2
E3,2026-05-08,rho_z_eta_sweep,robust_pomcp,0.0,0.2,nominal,100,5,5,0.025,0.0,3,-71.0,0.23069770002621226,3,1,1
E3,2026-05-08,rho_z_eta_sweep,robust_pomcp,0.0,0.2,nominal,100,5,5,0.025,0.0,4,-93.0,0.22133200001553632,1,1,3
E3,2026-05-08,rho_z_eta_sweep,robust_pomcp,0.0,0.2,nominal,100,5,5,0.025,0.0,5,39.0,0.22728059999644756,4,0,1
E3,2026-05-08,rho_z_eta_sweep,robust_pomcp,0.0,0.2,nominal,100,5,5,0.025,0.0,6,6.0,0.199205399985658,1,0,4
E3,2026-05-08,rho_z_eta_sweep,robust_pomcp,0.0,0.2,nominal,100,5,5,0.025,0.0,7,-192.0,0.21545510002761148,1,2,2
E3,2026-05-08,rho_z_eta_sweep,robust_pomcp,0.0,0.2,nominal,100,5,5,0.025,0.0,8,28.0,0.2228573000174947,3,0,2
E3,2026-05-08,rho_z_eta_sweep,robust_pomcp,0.0,0.2,nominal,100,5,5,0.025,0.0,9,-82.0,0.220555100007914,2,1,2
E3,2026-05-08,rho_z_eta_sweep,robust_pomcp,0.0,0.2,nominal,100,5,5,0.025,0.0,10,-181.0,0.225005800020881,2,2,1
E3,2026-05-08,rho_z_eta_sweep,robust_pomcp,0.0,0.2,nominal,100,5,5,0.025,0.0,11,28.0,0.21613220000290312,3,0,2
E3,2026-05-08,rho_z_eta_sweep,robust_pomcp,0.0,0.2,nominal,100,5,5,0.025,0.0,12,-71.0,0.22840930000529625,3,1,1
E3,2026-05-08,rho_z_eta_sweep,robust_pomcp,0.0,0.2,nominal,100,5,5,0.025,0.0,13,-93.0,0.21915839999564923,1,1,3
E3,2026-05-08,rho_z_eta_sweep,robust_pomcp,0.0,0.2,nominal,100,5,5,0.025,0.0,14,17.0,0.22143440000945702,2,0,3
E3,2026-05-08,rho_z_eta_sweep,robust_pomcp,0.0,0.2,nominal,100,5,5,0.025,0.0,15,-82.0,0.20996330000343733,2,1,2
E3,2026-05-08,rho_z_eta_sweep,robust_pomcp,0.0,0.2,nominal,100,5,5,0.025,0.0,16,-93.0,0.21984670002711937,1,1,3
E3,2026-05-08,rho_z_eta_sweep,robust_pomcp,0.0,0.2,nominal,100,5,5,0.025,0.0,17,-71.0,0.22142709998297505,3,1,1
E3,2026-05-08,rho_z_eta_sweep,robust_pomcp,0.0,0.2,nominal,100,5,5,0.025,0.0,18,-93.0,0.20949939999263734,1,1,3
E3,2026-05-08,rho_z_eta_sweep,robust_pomcp,0.0,0.2,nominal,100,5,5,0.025,0.0,19,-71.0,0.21557729999767616,3,1,1
E3,2026-05-08,rho_z_eta_sweep,robust_pomcp,0.0,0.2,nominal,100,5,5,0.025,0.0,20,28.0,0.20903569998336025,3,0,2
E3,2026-05-08,rho_z_eta_sweep,robust_pomcp,0.0,0.2,nominal,100,5,5,0.025,0.0,21,-82.0,0.21788420001394115,2,1,2
E3,2026-05-08,rho_z_eta_sweep,robust_pomcp,0.0,0.2,nominal,100,5,5,0.025,0.0,22,6.0,0.22292770000058226,1,0,4
E3,2026-05-08,rho_z_eta_sweep,robust_pomcp,0.0,0.2,nominal,100,5,5,0.025,0.0,23,-60.0,0.23347169999033213,4,1,0
E3,2026-05-08,rho_z_eta_sweep,robust_pomcp,0.0,0.2,nominal,100,5,5,0.025,0.0,24,17.0,0.22001600000658073,2,0,3
E3,2026-05-08,rho_z_eta_sweep,robust_pomcp,0.0,0.2,nominal,100,5,5,0.025,0.0,25,17.0,0.21358000001055188,2,0,3
E3,2026-05-08,rho_z_eta_sweep,robust_pomcp,0.0,0.2,nominal,100,5,5,0.025,0.0,26,17.0,0.2305896999896504,2,0,3
E3,2026-05-08,rho_z_eta_sweep,robust_pomcp,0.0,0.2,nominal,100,5,5,0.025,0.0,27,-203.0,0.2217430000018794,0,2,3
E3,2026-05-08,rho_z_eta_sweep,robust_pomcp,0.0,0.2,nominal,100,5,5,0.025,0.0,28,28.0,0.20829629999934696,3,0,2
E3,2026-05-08,rho_z_eta_sweep,robust_pomcp,0.0,0.2,nominal,100,5,5,0.025,0.0,29,-93.0,0.2137706000066828,1,1,3
E3,2026-05-08,rho_z_eta_sweep,robust_pomcp,0.0,0.2,nominal,100,5,5,0.025,0.0,30,17.0,0.21126699997694232,2,0,3
E3,2026-05-08,rho_z_eta_sweep,robust_pomcp,0.0,0.2,nominal,100,5,5,0.025,0.0,31,28.0,0.20846110000275075,3,0,2
E3,2026-05-08,rho_z_eta_sweep,robust_pomcp,0.0,0.2,nominal,100,5,5,0.025,0.0,32,39.0,0.22127339997678064,4,0,1
E3,2026-05-08,rho_z_eta_sweep,robust_pomcp,0.0,0.2,nominal,100,5,5,0.025,0.0,33,28.0,0.2260530000203289,3,0,2
E3,2026-05-08,rho_z_eta_sweep,robust_pomcp,0.0,0.2,nominal,100,5,5,0.025,0.0,34,-93.0,0.2043911999789998,1,1,3
E3,2026-05-08,rho_z_eta_sweep,robust_pomcp,0.0,0.2,nominal,100,5,5,0.025,0.0,35,-93.0,0.21568029999616556,1,1,3
E3,2026-05-08,rho_z_eta_sweep,robust_pomcp,0.0,0.2,nominal,100,5,5,0.025,0.0,36,17.0,0.24705499998526648,2,0,3
E3,2026-05-08,rho_z_eta_sweep,robust_pomcp,0.0,0.2,nominal,100,5,5,0.025,0.0,37,17.0,0.2165517999965232,2,0,3
E3,2026-05-08,rho_z_eta_sweep,robust_pomcp,0.0,0.2,nominal,100,5,5,0.025,0.0,38,-192.0,0.22161099998629652,1,2,2
E3,2026-05-08,rho_z_eta_sweep,robust_pomcp,0.0,0.2,nominal,100,5,5,0.025,0.0,39,-93.0,0.21374269999796525,1,1,3
E3,2026-05-08,rho_z_eta_sweep,robust_pomcp,0.0,0.2,nominal,100,5,5,0.025,0.0,40,6.0,0.2112963999970816,1,0,4
E3,2026-05-08,rho_z_eta_sweep,robust_pomcp,0.0,0.2,nominal,100,5,5,0.025,0.0,41,-104.0,0.24023259998648427,0,1,4
E3,2026-05-08,rho_z_eta_sweep,robust_pomcp,0.0,0.2,nominal,100,5,5,0.025,0.0,42,6.0,0.2334227999963332,1,0,4
E3,2026-05-08,rho_z_eta_sweep,robust_pomcp,0.0,0.2,nominal,100,5,5,0.025,0.0,43,17.0,0.21744229999603704,2,0,3
E3,2026-05-08,rho_z_eta_sweep,robust_pomcp,0.0,0.2,nominal,100,5,5,0.025,0.0,44,-93.0,0.21628839999902993,1,1,3
E3,2026-05-08,rho_z_eta_sweep,robust_pomcp,0.0,0.2,nominal,100,5,5,0.025,0.0,45,6.0,0.21849830000428483,1,0,4
E3,2026-05-08,rho_z_eta_sweep,robust_pomcp,0.0,0.2,nominal,100,5,5,0.025,0.0,46,-82.0,0.21971699999994598,2,1,2
E3,2026-05-08,rho_z_eta_sweep,robust_pomcp,0.0,0.2,nominal,100,5,5,0.025,0.0,47,-291.0,0.23201189999235794,1,3,1
E3,2026-05-08,rho_z_eta_sweep,robust_pomcp,0.0,0.2,nominal,100,5,5,0.025,0.0,48,28.0,0.22837149997940287,3,0,2
E3,2026-05-08,rho_z_eta_sweep,robust_pomcp,0.0,0.2,nominal,100,5,5,0.025,0.0,49,28.0,0.23290209998958744,3,0,2
E3,2026-05-08,rho_z_eta_sweep,robust_pomcp,0.0,0.2,nominal,100,5,5,0.025,0.0,50,-71.0,0.2196645000076387,3,1,1
E3,2026-05-08,rho_z_eta_sweep,robust_pomcp,0.0,0.2,nominal,100,5,5,0.025,0.0,51,28.0,0.22738379999645986,3,0,2
E3,2026-05-08,rho_z_eta_sweep,robust_pomcp,0.0,0.2,nominal,100,5,5,0.025,0.0,52,-93.0,0.2111424999893643,1,1,3
E3,2026-05-08,rho_z_eta_sweep,robust_pomcp,0.0,0.2,nominal,100,5,5,0.025,0.0,53,28.0,0.21760740000172518,3,0,2
E3,2026-05-08,rho_z_eta_sweep,robust_pomcp,0.0,0.2,nominal,100,5,5,0.025,0.0,54,17.0,0.22056529999827035,2,0,3
E3,2026-05-08,rho_z_eta_sweep,robust_pomcp,0.0,0.2,nominal,100,5,5,0.025,0.0,55,-5.0,0.20776190000469796,0,0,5
E3,2026-05-08,rho_z_eta_sweep,robust_pomcp,0.0,0.2,nominal,100,5,5,0.025,0.0,56,17.0,0.20280940001248382,2,0,3
E3,2026-05-08,rho_z_eta_sweep,robust_pomcp,0.0,0.2,nominal,100,5,5,0.025,0.0,57,39.0,0.2273414000228513,4,0,1
E3,2026-05-08,rho_z_eta_sweep,robust_pomcp,0.0,0.2,nominal,100,5,5,0.025,0.0,58,17.0,0.21880090000922792,2,0,3
E3,2026-05-08,rho_z_eta_sweep,robust_pomcp,0.0,0.2,nominal,100,5,5,0.025,0.0,59,-192.0,0.22206409997306764,1,2,2
E3,2026-05-08,rho_z_eta_sweep,robust_pomcp,0.0,0.2,nominal,100,5,5,0.025,0.0,60,-71.0,0.2070051000046078,3,1,1
E3,2026-05-08,rho_z_eta_sweep,robust_pomcp,0.0,0.2,nominal,100,5,5,0.025,0.0,61,39.0,0.2185413000115659,4,0,1
E3,2026-05-08,rho_z_eta_sweep,robust_pomcp,0.0,0.2,nominal,100,5,5,0.025,0.0,62,28.0,0.22941589998663403,3,0,2
E3,2026-05-08,rho_z_eta_sweep,robust_pomcp,0.0,0.2,nominal,100,5,5,0.025,0.0,63,-5.0,0.18567169999005273,0,0,5
E3,2026-05-08,rho_z_eta_sweep,robust_pomcp,0.0,0.2,nominal,100,5,5,0.025,0.0,64,-93.0,0.21043089998420328,1,1,3
E3,2026-05-08,rho_z_eta_sweep,robust_pomcp,0.0,0.2,nominal,100,5,5,0.025,0.0,65,-60.0,0.22689989997888915,4,1,0
E3,2026-05-08,rho_z_eta_sweep,robust_pomcp,0.0,0.2,nominal,100,5,5,0.025,0.0,66,-104.0,0.2140126999875065,0,1,4
E3,2026-05-08,rho_z_eta_sweep,robust_pomcp,0.0,0.2,nominal,100,5,5,0.025,0.0,67,28.0,0.22871940000914037,3,0,2
E3,2026-05-08,rho_z_eta_sweep,robust_pomcp,0.0,0.2,nominal,100,5,5,0.025,0.0,68,-82.0,0.2244172000209801,2,1,2
E3,2026-05-08,rho_z_eta_sweep,robust_pomcp,0.0,0.2,nominal,100,5,5,0.025,0.0,69,17.0,0.2281107000017073,2,0,3
E3,2026-05-08,rho_z_eta_sweep,robust_pomcp,0.0,0.2,nominal,100,5,5,0.025,0.0,70,6.0,0.2046730000001844,1,0,4
E3,2026-05-08,rho_z_eta_sweep,robust_pomcp,0.0,0.2,nominal,100,5,5,0.025,0.0,71,28.0,0.2322920000005979,3,0,2
E3,2026-05-08,rho_z_eta_sweep,robust_pomcp,0.0,0.2,nominal,100,5,5,0.025,0.0,72,17.0,0.22170080000068992,2,0,3
E3,2026-05-08,rho_z_eta_sweep,robust_pomcp,0.0,0.2,nominal,100,5,5,0.025,0.0,73,-181.0,0.24026030002278276,2,2,1
E3,2026-05-08,rho_z_eta_sweep,robust_pomcp,0.0,0.2,nominal,100,5,5,0.025,0.0,74,-192.0,0.222408000001451,1,2,2
E3,2026-05-08,rho_z_eta_sweep,robust_pomcp,0.0,0.2,nominal,100,5,5,0.025,0.0,75,28.0,0.22764640001696534,3,0,2
E3,2026-05-08,rho_z_eta_sweep,robust_pomcp,0.0,0.2,nominal,100,5,5,0.025,0.0,76,-93.0,0.21690799997304566,1,1,3
E3,2026-05-08,rho_z_eta_sweep,robust_pomcp,0.0,0.2,nominal,100,5,5,0.025,0.0,77,-71.0,0.22231780001311563,3,1,1
E3,2026-05-08,rho_z_eta_sweep,robust_pomcp,0.0,0.2,nominal,100,5,5,0.025,0.0,78,28.0,0.22085370001150295,3,0,2
E3,2026-05-08,rho_z_eta_sweep,robust_pomcp,0.0,0.2,nominal,100,5,5,0.025,0.0,79,17.0,0.23130560002755374,2,0,3
E3,2026-05-08,rho_z_eta_sweep,robust_pomcp,0.0,0.2,nominal,100,5,5,0.025,0.0,80,6.0,0.22786050001741387,1,0,4
E3,2026-05-08,rho_z_eta_sweep,robust_pomcp,0.0,0.2,nominal,100,5,5,0.025,0.0,81,-82.0,0.22734790001413785,2,1,2
E3,2026-05-08,rho_z_eta_sweep,robust_pomcp,0.0,0.2,nominal,100,5,5,0.025,0.0,82,6.0,0.21397720000823028,1,0,4
E3,2026-05-08,rho_z_eta_sweep,robust_pomcp,0.0,0.2,nominal,100,5,5,0.025,0.0,83,-82.0,0.2353968999814242,2,1,2
E3,2026-05-08,rho_z_eta_sweep,robust_pomcp,0.0,0.2,nominal,100,5,5,0.025,0.0,84,6.0,0.2125149999919813,1,0,4
E3,2026-05-08,rho_z_eta_sweep,robust_pomcp,0.0,0.2,nominal,100,5,5,0.025,0.0,85,28.0,0.22072359998128377,3,0,2
E3,2026-05-08,rho_z_eta_sweep,robust_pomcp,0.0,0.2,nominal,100,5,5,0.025,0.0,86,17.0,0.20512030000099912,2,0,3
E3,2026-05-08,rho_z_eta_sweep,robust_pomcp,0.0,0.2,nominal,100,5,5,0.025,0.0,87,-71.0,0.222414599993499,3,1,1
E3,2026-05-08,rho_z_eta_sweep,robust_pomcp,0.0,0.2,nominal,100,5,5,0.025,0.0,88,6.0,0.22335479999310337,1,0,4
E3,2026-05-08,rho_z_eta_sweep,robust_pomcp,0.0,0.2,nominal,100,5,5,0.025,0.0,89,-5.0,0.19829630001913756,0,0,5
E3,2026-05-08,rho_z_eta_sweep,robust_pomcp,0.0,0.2,nominal,100,5,5,0.025,0.0,90,17.0,0.23067030002130195,2,0,3
E3,2026-05-08,rho_z_eta_sweep,robust_pomcp,0.0,0.2,nominal,100,5,5,0.025,0.0,91,17.0,0.22915199998533353,2,0,3
E3,2026-05-08,rho_z_eta_sweep,robust_pomcp,0.0,0.2,nominal,100,5,5,0.025,0.0,92,-5.0,0.22207170000183396,0,0,5
E3,2026-05-08,rho_z_eta_sweep,robust_pomcp,0.0,0.2,nominal,100,5,5,0.025,0.0,93,17.0,0.22214689999236725,2,0,3
E3,2026-05-08,rho_z_eta_sweep,robust_pomcp,0.0,0.2,nominal,100,5,5,0.025,0.0,94,-104.0,0.21486469998490065,0,1,4
E3,2026-05-08,rho_z_eta_sweep,robust_pomcp,0.0,0.2,nominal,100,5,5,0.025,0.0,95,6.0,0.20902390000992455,1,0,4
E3,2026-05-08,rho_z_eta_sweep,robust_pomcp,0.0,0.2,nominal,100,5,5,0.025,0.0,96,28.0,0.21445880000828765,3,0,2
E3,2026-05-08,rho_z_eta_sweep,robust_pomcp,0.0,0.2,nominal,100,5,5,0.025,0.0,97,28.0,0.21447170001920313,3,0,2
E3,2026-05-08,rho_z_eta_sweep,robust_pomcp,0.0,0.2,nominal,100,5,5,0.025,0.0,98,-93.0,0.2234423999907449,1,1,3
E3,2026-05-08,rho_z_eta_sweep,robust_pomcp,0.0,0.2,nominal,100,5,5,0.025,0.0,99,6.0,0.22071559997857548,1,0,4
E3,2026-05-08,rho_z_eta_sweep,robust_pomcp,0.0,0.2,nominal,100,5,5,0.025,0.0,100,-93.0,0.218253500002902,1,1,3
E3,2026-05-08,rho_z_eta_sweep,robust_pomcp,0.0,0.2,nominal,100,5,5,0.05,0.0,1,-203.0,0.21572140001808293,0,2,3
E3,2026-05-08,rho_z_eta_sweep,robust_pomcp,0.0,0.2,nominal,100,5,5,0.05,0.0,2,17.0,0.21460470001329668,2,0,3
E3,2026-05-08,rho_z_eta_sweep,robust_pomcp,0.0,0.2,nominal,100,5,5,0.05,0.0,3,6.0,0.23649130002013408,1,0,4
E3,2026-05-08,rho_z_eta_sweep,robust_pomcp,0.0,0.2,nominal,100,5,5,0.05,0.0,4,-93.0,0.21698800000012852,1,1,3
E3,2026-05-08,rho_z_eta_sweep,robust_pomcp,0.0,0.2,nominal,100,5,5,0.05,0.0,5,-82.0,0.22454380002454855,2,1,2
E3,2026-05-08,rho_z_eta_sweep,robust_pomcp,0.0,0.2,nominal,100,5,5,0.05,0.0,6,-82.0,0.2237868999945931,2,1,2
E3,2026-05-08,rho_z_eta_sweep,robust_pomcp,0.0,0.2,nominal,100,5,5,0.05,0.0,7,6.0,0.20900160001474433,1,0,4
E3,2026-05-08,rho_z_eta_sweep,robust_pomcp,0.0,0.2,nominal,100,5,5,0.05,0.0,8,6.0,0.21903219999512658,1,0,4
E3,2026-05-08,rho_z_eta_sweep,robust_pomcp,0.0,0.2,nominal,100,5,5,0.05,0.0,9,-82.0,0.2176706999889575,2,1,2
E3,2026-05-08,rho_z_eta_sweep,robust_pomcp,0.0,0.2,nominal,100,5,5,0.05,0.0,10,17.0,0.21328269998775795,2,0,3
E3,2026-05-08,rho_z_eta_sweep,robust_pomcp,0.0,0.2,nominal,100,5,5,0.05,0.0,11,-82.0,0.22145469998940825,2,1,2
E3,2026-05-08,rho_z_eta_sweep,robust_pomcp,0.0,0.2,nominal,100,5,5,0.05,0.0,12,-5.0,0.1941060999815818,0,0,5
E3,2026-05-08,rho_z_eta_sweep,robust_pomcp,0.0,0.2,nominal,100,5,5,0.05,0.0,13,17.0,0.2087918000179343,2,0,3
E3,2026-05-08,rho_z_eta_sweep,robust_pomcp,0.0,0.2,nominal,100,5,5,0.05,0.0,14,17.0,0.21539019999909215,2,0,3
E3,2026-05-08,rho_z_eta_sweep,robust_pomcp,0.0,0.2,nominal,100,5,5,0.05,0.0,15,-93.0,0.20617600000696257,1,1,3
E3,2026-05-08,rho_z_eta_sweep,robust_pomcp,0.0,0.2,nominal,100,5,5,0.05,0.0,16,-104.0,0.21958400000585243,0,1,4
E3,2026-05-08,rho_z_eta_sweep,robust_pomcp,0.0,0.2,nominal,100,5,5,0.05,0.0,17,-71.0,0.22453279999899678,3,1,1
E3,2026-05-08,rho_z_eta_sweep,robust_pomcp,0.0,0.2,nominal,100,5,5,0.05,0.0,18,-93.0,0.212554799974896,1,1,3
E3,2026-05-08,rho_z_eta_sweep,robust_pomcp,0.0,0.2,nominal,100,5,5,0.05,0.0,19,17.0,0.21497430000454187,2,0,3
E3,2026-05-08,rho_z_eta_sweep,robust_pomcp,0.0,0.2,nominal,100,5,5,0.05,0.0,20,6.0,0.2036828999989666,1,0,4
E3,2026-05-08,rho_z_eta_sweep,robust_pomcp,0.0,0.2,nominal,100,5,5,0.05,0.0,21,-82.0,0.2156953999947291,2,1,2
E3,2026-05-08,rho_z_eta_sweep,robust_pomcp,0.0,0.2,nominal,100,5,5,0.05,0.0,22,-93.0,0.22392770001897588,1,1,3
E3,2026-05-08,rho_z_eta_sweep,robust_pomcp,0.0,0.2,nominal,100,5,5,0.05,0.0,23,-71.0,0.21968230002676137,3,1,1
E3,2026-05-08,rho_z_eta_sweep,robust_pomcp,0.0,0.2,nominal,100,5,5,0.05,0.0,24,28.0,0.22733519997564144,3,0,2
E3,2026-05-08,rho_z_eta_sweep,robust_pomcp,0.0,0.2,nominal,100,5,5,0.05,0.0,25,17.0,0.22661189999780618,2,0,3
E3,2026-05-08,rho_z_eta_sweep,robust_pomcp,0.0,0.2,nominal,100,5,5,0.05,0.0,26,-82.0,0.257465200003935,2,1,2
E3,2026-05-08,rho_z_eta_sweep,robust_pomcp,0.0,0.2,nominal,100,5,5,0.05,0.0,27,6.0,0.28009479999309406,1,0,4
E3,2026-05-08,rho_z_eta_sweep,robust_pomcp,0.0,0.2,nominal,100,5,5,0.05,0.0,28,-82.0,0.2558650000137277,2,1,2
E3,2026-05-08,rho_z_eta_sweep,robust_pomcp,0.0,0.2,nominal,100,5,5,0.05,0.0,29,17.0,0.21840569999767467,2,0,3
E3,2026-05-08,rho_z_eta_sweep,robust_pomcp,0.0,0.2,nominal,100,5,5,0.05,0.0,30,17.0,0.2225070999993477,2,0,3
E3,2026-05-08,rho_z_eta_sweep,robust_pomcp,0.0,0.2,nominal,100,5,5,0.05,0.0,31,17.0,0.21156039999914356,2,0,3
E3,2026-05-08,rho_z_eta_sweep,robust_pomcp,0.0,0.2,nominal,100,5,5,0.05,0.0,32,28.0,0.21405439998488873,3,0,2
E3,2026-05-08,rho_z_eta_sweep,robust_pomcp,0.0,0.2,nominal,100,5,5,0.05,0.0,33,6.0,0.20930380001664162,1,0,4
E3,2026-05-08,rho_z_eta_sweep,robust_pomcp,0.0,0.2,nominal,100,5,5,0.05,0.0,34,28.0,0.20785609999438748,3,0,2
E3,2026-05-08,rho_z_eta_sweep,robust_pomcp,0.0,0.2,nominal,100,5,5,0.05,0.0,35,17.0,0.21985059999860823,2,0,3
E3,2026-05-08,rho_z_eta_sweep,robust_pomcp,0.0,0.2,nominal,100,5,5,0.05,0.0,36,17.0,0.22318519998225383,2,0,3
E3,2026-05-08,rho_z_eta_sweep,robust_pomcp,0.0,0.2,nominal,100,5,5,0.05,0.0,37,-170.0,0.21421170001849532,3,2,0
E3,2026-05-08,rho_z_eta_sweep,robust_pomcp,0.0,0.2,nominal,100,5,5,0.05,0.0,38,17.0,0.22258210001746193,2,0,3
E3,2026-05-08,rho_z_eta_sweep,robust_pomcp,0.0,0.2,nominal,100,5,5,0.05,0.0,39,-93.0,0.2149506999994628,1,1,3
E3,2026-05-08,rho_z_eta_sweep,robust_pomcp,0.0,0.2,nominal,100,5,5,0.05,0.0,40,-93.0,0.22944170000846498,1,1,3
E3,2026-05-08,rho_z_eta_sweep,robust_pomcp,0.0,0.2,nominal,100,5,5,0.05,0.0,41,-82.0,0.21873319998849183,2,1,2
E3,2026-05-08,rho_z_eta_sweep,robust_pomcp,0.0,0.2,nominal,100,5,5,0.05,0.0,42,-93.0,0.2173878000176046,1,1,3
E3,2026-05-08,rho_z_eta_sweep,robust_pomcp,0.0,0.2,nominal,100,5,5,0.05,0.0,43,-104.0,0.2175639999913983,0,1,4
E3,2026-05-08,rho_z_eta_sweep,robust_pomcp,0.0,0.2,nominal,100,5,5,0.05,0.0,44,-5.0,0.21104870000272058,0,0,5
E3,2026-05-08,rho_z_eta_sweep,robust_pomcp,0.0,0.2,nominal,100,5,5,0.05,0.0,45,17.0,0.21128340001450852,2,0,3
E3,2026-05-08,rho_z_eta_sweep,robust_pomcp,0.0,0.2,nominal,100,5,5,0.05,0.0,46,-82.0,0.221589299995685,2,1,2
E3,2026-05-08,rho_z_eta_sweep,robust_pomcp,0.0,0.2,nominal,100,5,5,0.05,0.0,47,-71.0,0.22550129998126067,3,1,1
E3,2026-05-08,rho_z_eta_sweep,robust_pomcp,0.0,0.2,nominal,100,5,5,0.05,0.0,48,28.0,0.21272999999928288,3,0,2
E3,2026-05-08,rho_z_eta_sweep,robust_pomcp,0.0,0.2,nominal,100,5,5,0.05,0.0,49,6.0,0.1962377000018023,1,0,4
E3,2026-05-08,rho_z_eta_sweep,robust_pomcp,0.0,0.2,nominal,100,5,5,0.05,0.0,50,-93.0,0.206850199989276,1,1,3
E3,2026-05-08,rho_z_eta_sweep,robust_pomcp,0.0,0.2,nominal,100,5,5,0.05,0.0,51,-93.0,0.2312023999984376,1,1,3
E3,2026-05-08,rho_z_eta_sweep,robust_pomcp,0.0,0.2,nominal,100,5,5,0.05,0.0,52,28.0,0.2104603999760002,3,0,2
E3,2026-05-08,rho_z_eta_sweep,robust_pomcp,0.0,0.2,nominal,100,5,5,0.05,0.0,53,-82.0,0.2398832000035327,2,1,2
E3,2026-05-08,rho_z_eta_sweep,robust_pomcp,0.0,0.2,nominal,100,5,5,0.05,0.0,54,-302.0,0.22851950000040233,0,3,2
E3,2026-05-08,rho_z_eta_sweep,robust_pomcp,0.0,0.2,nominal,100,5,5,0.05,0.0,55,-291.0,0.23074249998899177,1,3,1
E3,2026-05-08,rho_z_eta_sweep,robust_pomcp,0.0,0.2,nominal,100,5,5,0.05,0.0,56,-203.0,0.21860779999406077,0,2,3
E3,2026-05-08,rho_z_eta_sweep,robust_pomcp,0.0,0.2,nominal,100,5,5,0.05,0.0,57,6.0,0.21409120000316761,1,0,4
E3,2026-05-08,rho_z_eta_sweep,robust_pomcp,0.0,0.2,nominal,100,5,5,0.05,0.0,58,-181.0,0.2207009999838192,2,2,1
E3,2026-05-08,rho_z_eta_sweep,robust_pomcp,0.0,0.2,nominal,100,5,5,0.05,0.0,59,-203.0,0.22748579998733476,0,2,3
E3,2026-05-08,rho_z_eta_sweep,robust_pomcp,0.0,0.2,nominal,100,5,5,0.05,0.0,60,17.0,0.2354003000073135,2,0,3
E3,2026-05-08,rho_z_eta_sweep,robust_pomcp,0.0,0.2,nominal,100,5,5,0.05,0.0,61,17.0,0.21450740000000224,2,0,3
E3,2026-05-08,rho_z_eta_sweep,robust_pomcp,0.0,0.2,nominal,100,5,5,0.05,0.0,62,-93.0,0.22285819999524392,1,1,3
E3,2026-05-08,rho_z_eta_sweep,robust_pomcp,0.0,0.2,nominal,100,5,5,0.05,0.0,63,-60.0,0.2526515999925323,4,1,0
E3,2026-05-08,rho_z_eta_sweep,robust_pomcp,0.0,0.2,nominal,100,5,5,0.05,0.0,64,6.0,0.22970709999208339,1,0,4
E3,2026-05-08,rho_z_eta_sweep,robust_pomcp,0.0,0.2,nominal,100,5,5,0.05,0.0,65,6.0,0.2352031999907922,1,0,4
E3,2026-05-08,rho_z_eta_sweep,robust_pomcp,0.0,0.2,nominal,100,5,5,0.05,0.0,66,-104.0,0.22344800000428222,0,1,4
E3,2026-05-08,rho_z_eta_sweep,robust_pomcp,0.0,0.2,nominal,100,5,5,0.05,0.0,67,28.0,0.24109599998337217,3,0,2
E3,2026-05-08,rho_z_eta_sweep,robust_pomcp,0.0,0.2,nominal,100,5,5,0.05,0.0,68,6.0,0.22598920000018552,1,0,4
E3,2026-05-08,rho_z_eta_sweep,robust_pomcp,0.0,0.2,nominal,100,5,5,0.05,0.0,69,-5.0,0.19370979999075644,0,0,5
E3,2026-05-08,rho_z_eta_sweep,robust_pomcp,0.0,0.2,nominal,100,5,5,0.05,0.0,70,6.0,0.21749340000678785,1,0,4
E3,2026-05-08,rho_z_eta_sweep,robust_pomcp,0.0,0.2,nominal,100,5,5,0.05,0.0,71,-104.0,0.21171249999315478,0,1,4
E3,2026-05-08,rho_z_eta_sweep,robust_pomcp,0.0,0.2,nominal,100,5,5,0.05,0.0,72,6.0,0.21952350001083687,1,0,4
E3,2026-05-08,rho_z_eta_sweep,robust_pomcp,0.0,0.2,nominal,100,5,5,0.05,0.0,73,-192.0,0.23294680000981316,1,2,2
E3,2026-05-08,rho_z_eta_sweep,robust_pomcp,0.0,0.2,nominal,100,5,5,0.05,0.0,74,-82.0,0.23460729999351315,2,1,2
E3,2026-05-08,rho_z_eta_sweep,robust_pomcp,0.0,0.2,nominal,100,5,5,0.05,0.0,75,-192.0,0.2269592999946326,1,2,2
E3,2026-05-08,rho_z_eta_sweep,robust_pomcp,0.0,0.2,nominal,100,5,5,0.05,0.0,76,-93.0,0.21495519997552037,1,1,3
E3,2026-05-08,rho_z_eta_sweep,robust_pomcp,0.0,0.2,nominal,100,5,5,0.05,0.0,77,-93.0,0.2216791000100784,1,1,3
E3,2026-05-08,rho_z_eta_sweep,robust_pomcp,0.0,0.2,nominal,100,5,5,0.05,0.0,78,-93.0,0.22203959999023937,1,1,3
E3,2026-05-08,rho_z_eta_sweep,robust_pomcp,0.0,0.2,nominal,100,5,5,0.05,0.0,79,28.0,0.221197899983963,3,0,2
E3,2026-05-08,rho_z_eta_sweep,robust_pomcp,0.0,0.2,nominal,100,5,5,0.05,0.0,80,-5.0,0.21029509999789298,0,0,5
E3,2026-05-08,rho_z_eta_sweep,robust_pomcp,0.0,0.2,nominal,100,5,5,0.05,0.0,81,-93.0,0.22184759998344816,1,1,3
E3,2026-05-08,rho_z_eta_sweep,robust_pomcp,0.0,0.2,nominal,100,5,5,0.05,0.0,82,-82.0,0.21327459998428822,2,1,2
E3,2026-05-08,rho_z_eta_sweep,robust_pomcp,0.0,0.2,nominal,100,5,5,0.05,0.0,83,-181.0,0.22672829998191446,2,2,1
E3,2026-05-08,rho_z_eta_sweep,robust_pomcp,0.0,0.2,nominal,100,5,5,0.05,0.0,84,17.0,0.21485660001053475,2,0,3
E3,2026-05-08,rho_z_eta_sweep,robust_pomcp,0.0,0.2,nominal,100,5,5,0.05,0.0,85,-181.0,0.2291722999943886,2,2,1
E3,2026-05-08,rho_z_eta_sweep,robust_pomcp,0.0,0.2,nominal,100,5,5,0.05,0.0,86,-5.0,0.21339280001120642,0,0,5
E3,2026-05-08,rho_z_eta_sweep,robust_pomcp,0.0,0.2,nominal,100,5,5,0.05,0.0,87,-93.0,0.22022430002107285,1,1,3
E3,2026-05-08,rho_z_eta_sweep,robust_pomcp,0.0,0.2,nominal,100,5,5,0.05,0.0,88,-93.0,0.2300210999965202,1,1,3
E3,2026-05-08,rho_z_eta_sweep,robust_pomcp,0.0,0.2,nominal,100,5,5,0.05,0.0,89,39.0,0.22290870000142604,4,0,1
E3,2026-05-08,rho_z_eta_sweep,robust_pomcp,0.0,0.2,nominal,100,5,5,0.05,0.0,90,-93.0,0.22295219998341054,1,1,3
E3,2026-05-08,rho_z_eta_sweep,robust_pomcp,0.0,0.2,nominal,100,5,5,0.05,0.0,91,-203.0,0.22011180000845343,0,2,3
E3,2026-05-08,rho_z_eta_sweep,robust_pomcp,0.0,0.2,nominal,100,5,5,0.05,0.0,92,28.0,0.22990109998499975,3,0,2
E3,2026-05-08,rho_z_eta_sweep,robust_pomcp,0.0,0.2,nominal,100,5,5,0.05,0.0,93,-82.0,0.2304924999771174,2,1,2
E3,2026-05-08,rho_z_eta_sweep,robust_pomcp,0.0,0.2,nominal,100,5,5,0.05,0.0,94,17.0,0.22923589998390526,2,0,3
E3,2026-05-08,rho_z_eta_sweep,robust_pomcp,0.0,0.2,nominal,100,5,5,0.05,0.0,95,17.0,0.22511969998595305,2,0,3
E3,2026-05-08,rho_z_eta_sweep,robust_pomcp,0.0,0.2,nominal,100,5,5,0.05,0.0,96,-93.0,0.2240477000013925,1,1,3
E3,2026-05-08,rho_z_eta_sweep,robust_pomcp,0.0,0.2,nominal,100,5,5,0.05,0.0,97,-93.0,0.2312120000133291,1,1,3
E3,2026-05-08,rho_z_eta_sweep,robust_pomcp,0.0,0.2,nominal,100,5,5,0.05,0.0,98,-203.0,0.22023360000457615,0,2,3
E3,2026-05-08,rho_z_eta_sweep,robust_pomcp,0.0,0.2,nominal,100,5,5,0.05,0.0,99,17.0,0.21798099999432452,2,0,3
E3,2026-05-08,rho_z_eta_sweep,robust_pomcp,0.0,0.2,nominal,100,5,5,0.05,0.0,100,-93.0,0.21118610000121407,1,1,3
E3,2026-05-08,rho_z_eta_sweep,robust_pomcp,0.0,0.2,nominal,100,5,5,0.075,0.0,1,17.0,0.22098140002344735,2,0,3
E3,2026-05-08,rho_z_eta_sweep,robust_pomcp,0.0,0.2,nominal,100,5,5,0.075,0.0,2,6.0,0.22058779999497347,1,0,4
E3,2026-05-08,rho_z_eta_sweep,robust_pomcp,0.0,0.2,nominal,100,5,5,0.075,0.0,3,28.0,0.21407580000231974,3,0,2
E3,2026-05-08,rho_z_eta_sweep,robust_pomcp,0.0,0.2,nominal,100,5,5,0.075,0.0,4,17.0,0.2185755000100471,2,0,3
E3,2026-05-08,rho_z_eta_sweep,robust_pomcp,0.0,0.2,nominal,100,5,5,0.075,0.0,5,28.0,0.2727856999845244,3,0,2
E3,2026-05-08,rho_z_eta_sweep,robust_pomcp,0.0,0.2,nominal,100,5,5,0.075,0.0,6,-71.0,0.21445110000786372,3,1,1
E3,2026-05-08,rho_z_eta_sweep,robust_pomcp,0.0,0.2,nominal,100,5,5,0.075,0.0,7,17.0,0.21967839999706484,2,0,3
E3,2026-05-08,rho_z_eta_sweep,robust_pomcp,0.0,0.2,nominal,100,5,5,0.075,0.0,8,-82.0,0.22606119999545626,2,1,2
E3,2026-05-08,rho_z_eta_sweep,robust_pomcp,0.0,0.2,nominal,100,5,5,0.075,0.0,9,-5.0,0.21660960000008345,0,0,5
E3,2026-05-08,rho_z_eta_sweep,robust_pomcp,0.0,0.2,nominal,100,5,5,0.075,0.0,10,-71.0,0.2156261999916751,3,1,1
E3,2026-05-08,rho_z_eta_sweep,robust_pomcp,0.0,0.2,nominal,100,5,5,0.075,0.0,11,6.0,0.21714280001469888,1,0,4
E3,2026-05-08,rho_z_eta_sweep,robust_pomcp,0.0,0.2,nominal,100,5,5,0.075,0.0,12,6.0,0.22259109999868087,1,0,4
E3,2026-05-08,rho_z_eta_sweep,robust_pomcp,0.0,0.2,nominal,100,5,5,0.075,0.0,13,-82.0,0.2143954999919515,2,1,2
E3,2026-05-08,rho_z_eta_sweep,robust_pomcp,0.0,0.2,nominal,100,5,5,0.075,0.0,14,28.0,0.2148999999917578,3,0,2
E3,2026-05-08,rho_z_eta_sweep,robust_pomcp,0.0,0.2,nominal,100,5,5,0.075,0.0,15,28.0,0.22041329997591674,3,0,2
E3,2026-05-08,rho_z_eta_sweep,robust_pomcp,0.0,0.2,nominal,100,5,5,0.075,0.0,16,28.0,0.2166399999987334,3,0,2
E3,2026-05-08,rho_z_eta_sweep,robust_pomcp,0.0,0.2,nominal,100,5,5,0.075,0.0,17,28.0,0.2148163000238128,3,0,2
E3,2026-05-08,rho_z_eta_sweep,robust_pomcp,0.0,0.2,nominal,100,5,5,0.075,0.0,18,-104.0,0.2041750000207685,0,1,4
E3,2026-05-08,rho_z_eta_sweep,robust_pomcp,0.0,0.2,nominal,100,5,5,0.075,0.0,19,17.0,0.20317160000558943,2,0,3
E3,2026-05-08,rho_z_eta_sweep,robust_pomcp,0.0,0.2,nominal,100,5,5,0.075,0.0,20,17.0,0.21652269997866824,2,0,3
E3,2026-05-08,rho_z_eta_sweep,robust_pomcp,0.0,0.2,nominal,100,5,5,0.075,0.0,21,-71.0,0.21575160001521,3,1,1
E3,2026-05-08,rho_z_eta_sweep,robust_pomcp,0.0,0.2,nominal,100,5,5,0.075,0.0,22,-93.0,0.2074261999805458,1,1,3
E3,2026-05-08,rho_z_eta_sweep,robust_pomcp,0.0,0.2,nominal,100,5,5,0.075,0.0,23,-104.0,0.20415020000655204,0,1,4
E3,2026-05-08,rho_z_eta_sweep,robust_pomcp,0.0,0.2,nominal,100,5,5,0.075,0.0,24,17.0,0.20488770000520162,2,0,3
E3,2026-05-08,rho_z_eta_sweep,robust_pomcp,0.0,0.2,nominal,100,5,5,0.075,0.0,25,17.0,0.22240810000221245,2,0,3
E3,2026-05-08,rho_z_eta_sweep,robust_pomcp,0.0,0.2,nominal,100,5,5,0.075,0.0,26,28.0,0.21366170002147555,3,0,2
E3,2026-05-08,rho_z_eta_sweep,robust_pomcp,0.0,0.2,nominal,100,5,5,0.075,0.0,27,28.0,0.21580609999364242,3,0,2
E3,2026-05-08,rho_z_eta_sweep,robust_pomcp,0.0,0.2,nominal,100,5,5,0.075,0.0,28,-82.0,0.21559060001163743,2,1,2
E3,2026-05-08,rho_z_eta_sweep,robust_pomcp,0.0,0.2,nominal,100,5,5,0.075,0.0,29,17.0,0.21577239999896847,2,0,3
E3,2026-05-08,rho_z_eta_sweep,robust_pomcp,0.0,0.2,nominal,100,5,5,0.075,0.0,30,28.0,0.2431427999981679,3,0,2
E3,2026-05-08,rho_z_eta_sweep,robust_pomcp,0.0,0.2,nominal,100,5,5,0.075,0.0,31,-104.0,0.22428599998238496,0,1,4
E3,2026-05-08,rho_z_eta_sweep,robust_pomcp,0.0,0.2,nominal,100,5,5,0.075,0.0,32,28.0,0.25451410000096075,3,0,2
E3,2026-05-08,rho_z_eta_sweep,robust_pomcp,0.0,0.2,nominal,100,5,5,0.075,0.0,33,-82.0,0.23260020001907833,2,1,2
E3,2026-05-08,rho_z_eta_sweep,robust_pomcp,0.0,0.2,nominal,100,5,5,0.075,0.0,34,6.0,0.21928940000361763,1,0,4
E3,2026-05-08,rho_z_eta_sweep,robust_pomcp,0.0,0.2,nominal,100,5,5,0.075,0.0,35,-104.0,0.2210602999839466,0,1,4
E3,2026-05-08,rho_z_eta_sweep,robust_pomcp,0.0,0.2,nominal,100,5,5,0.075,0.0,36,-192.0,0.2153534000099171,1,2,2
E3,2026-05-08,rho_z_eta_sweep,robust_pomcp,0.0,0.2,nominal,100,5,5,0.075,0.0,37,17.0,0.22364539999398403,2,0,3
E3,2026-05-08,rho_z_eta_sweep,robust_pomcp,0.0,0.2,nominal,100,5,5,0.075,0.0,38,17.0,0.22814269998343661,2,0,3
E3,2026-05-08,rho_z_eta_sweep,robust_pomcp,0.0,0.2,nominal,100,5,5,0.075,0.0,39,-192.0,0.22034100000746548,1,2,2
E3,2026-05-08,rho_z_eta_sweep,robust_pomcp,0.0,0.2,nominal,100,5,5,0.075,0.0,40,39.0,0.22532019999925978,4,0,1
E3,2026-05-08,rho_z_eta_sweep,robust_pomcp,0.0,0.2,nominal,100,5,5,0.075,0.0,41,-5.0,0.2245767000131309,0,0,5
E3,2026-05-08,rho_z_eta_sweep,robust_pomcp,0.0,0.2,nominal,100,5,5,0.075,0.0,42,-104.0,0.21731670000008307,0,1,4
E3,2026-05-08,rho_z_eta_sweep,robust_pomcp,0.0,0.2,nominal,100,5,5,0.075,0.0,43,17.0,0.20630789999268018,2,0,3
E3,2026-05-08,rho_z_eta_sweep,robust_pomcp,0.0,0.2,nominal,100,5,5,0.075,0.0,44,6.0,0.21737749999738298,1,0,4
E3,2026-05-08,rho_z_eta_sweep,robust_pomcp,0.0,0.2,nominal,100,5,5,0.075,0.0,45,-82.0,0.226141799998004,2,1,2
E3,2026-05-08,rho_z_eta_sweep,robust_pomcp,0.0,0.2,nominal,100,5,5,0.075,0.0,46,39.0,0.21837720001349226,4,0,1
E3,2026-05-08,rho_z_eta_sweep,robust_pomcp,0.0,0.2,nominal,100,5,5,0.075,0.0,47,6.0,0.23953809999511577,1,0,4
E3,2026-05-08,rho_z_eta_sweep,robust_pomcp,0.0,0.2,nominal,100,5,5,0.075,0.0,48,6.0,0.2047249000170268,1,0,4
E3,2026-05-08,rho_z_eta_sweep,robust_pomcp,0.0,0.2,nominal,100,5,5,0.075,0.0,49,-93.0,0.22429750001174398,1,1,3
E3,2026-05-08,rho_z_eta_sweep,robust_pomcp,0.0,0.2,nominal,100,5,5,0.075,0.0,50,-5.0,0.200471500022104,0,0,5
E3,2026-05-08,rho_z_eta_sweep,robust_pomcp,0.0,0.2,nominal,100,5,5,0.075,0.0,51,6.0,0.20778940001036972,1,0,4
E3,2026-05-08,rho_z_eta_sweep,robust_pomcp,0.0,0.2,nominal,100,5,5,0.075,0.0,52,17.0,0.22209679998923093,2,0,3
E3,2026-05-08,rho_z_eta_sweep,robust_pomcp,0.0,0.2,nominal,100,5,5,0.075,0.0,53,17.0,0.22107850000611506,2,0,3
E3,2026-05-08,rho_z_eta_sweep,robust_pomcp,0.0,0.2,nominal,100,5,5,0.075,0.0,54,-82.0,0.22930489998543635,2,1,2
E3,2026-05-08,rho_z_eta_sweep,robust_pomcp,0.0,0.2,nominal,100,5,5,0.075,0.0,55,-291.0,0.22284689999651164,1,3,1
E3,2026-05-08,rho_z_eta_sweep,robust_pomcp,0.0,0.2,nominal,100,5,5,0.075,0.0,56,-203.0,0.20503240000107326,0,2,3
E3,2026-05-08,rho_z_eta_sweep,robust_pomcp,0.0,0.2,nominal,100,5,5,0.075,0.0,57,28.0,0.21957620000466704,3,0,2
E3,2026-05-08,rho_z_eta_sweep,robust_pomcp,0.0,0.2,nominal,100,5,5,0.075,0.0,58,-82.0,0.2545559999998659,2,1,2
E3,2026-05-08,rho_z_eta_sweep,robust_pomcp,0.0,0.2,nominal,100,5,5,0.075,0.0,59,-203.0,0.2132788000162691,0,2,3
E3,2026-05-08,rho_z_eta_sweep,robust_pomcp,0.0,0.2,nominal,100,5,5,0.075,0.0,60,-93.0,0.2139821999880951,1,1,3
E3,2026-05-08,rho_z_eta_sweep,robust_pomcp,0.0,0.2,nominal,100,5,5,0.075,0.0,61,17.0,0.2321403999812901,2,0,3
E3,2026-05-08,rho_z_eta_sweep,robust_pomcp,0.0,0.2,nominal,100,5,5,0.075,0.0,62,-71.0,0.2278451999882236,3,1,1
E3,2026-05-08,rho_z_eta_sweep,robust_pomcp,0.0,0.2,nominal,100,5,5,0.075,0.0,63,-5.0,0.22258190001593903,0,0,5
E3,2026-05-08,rho_z_eta_sweep,robust_pomcp,0.0,0.2,nominal,100,5,5,0.075,0.0,64,-192.0,0.21244540001498535,1,2,2
E3,2026-05-08,rho_z_eta_sweep,robust_pomcp,0.0,0.2,nominal,100,5,5,0.075,0.0,65,17.0,0.20947060000617057,2,0,3
E3,2026-05-08,rho_z_eta_sweep,robust_pomcp,0.0,0.2,nominal,100,5,5,0.075,0.0,66,-192.0,0.21755479997955263,1,2,2
E3,2026-05-08,rho_z_eta_sweep,robust_pomcp,0.0,0.2,nominal,100,5,5,0.075,0.0,67,28.0,0.22244909999426454,3,0,2
E3,2026-05-08,rho_z_eta_sweep,robust_pomcp,0.0,0.2,nominal,100,5,5,0.075,0.0,68,28.0,0.20910569999250583,3,0,2
E3,2026-05-08,rho_z_eta_sweep,robust_pomcp,0.0,0.2,nominal,100,5,5,0.075,0.0,69,17.0,0.22245299999485724,2,0,3
E3,2026-05-08,rho_z_eta_sweep,robust_pomcp,0.0,0.2,nominal,100,5,5,0.075,0.0,70,17.0,0.22484629999962635,2,0,3
E3,2026-05-08,rho_z_eta_sweep,robust_pomcp,0.0,0.2,nominal,100,5,5,0.075,0.0,71,-82.0,0.2106830999837257,2,1,2
E3,2026-05-08,rho_z_eta_sweep,robust_pomcp,0.0,0.2,nominal,100,5,5,0.075,0.0,72,17.0,0.205268799996702,2,0,3
E3,2026-05-08,rho_z_eta_sweep,robust_pomcp,0.0,0.2,nominal,100,5,5,0.075,0.0,73,-291.0,0.23284139999304898,1,3,1
E3,2026-05-08,rho_z_eta_sweep,robust_pomcp,0.0,0.2,nominal,100,5,5,0.075,0.0,74,-5.0,0.19785999998566695,0,0,5
E3,2026-05-08,rho_z_eta_sweep,robust_pomcp,0.0,0.2,nominal,100,5,5,0.075,0.0,75,28.0,0.2044169000000693,3,0,2
E3,2026-05-08,rho_z_eta_sweep,robust_pomcp,0.0,0.2,nominal,100,5,5,0.075,0.0,76,-93.0,0.22272579997661524,1,1,3
E3,2026-05-08,rho_z_eta_sweep,robust_pomcp,0.0,0.2,nominal,100,5,5,0.075,0.0,77,17.0,0.21602260001236573,2,0,3
E3,2026-05-08,rho_z_eta_sweep,robust_pomcp,0.0,0.2,nominal,100,5,5,0.075,0.0,78,17.0,0.2203569000121206,2,0,3
E3,2026-05-08,rho_z_eta_sweep,robust_pomcp,0.0,0.2,nominal,100,5,5,0.075,0.0,79,6.0,0.22324430002481677,1,0,4
E3,2026-05-08,rho_z_eta_sweep,robust_pomcp,0.0,0.2,nominal,100,5,5,0.075,0.0,80,-5.0,0.21570349999819882,0,0,5
E3,2026-05-08,rho_z_eta_sweep,robust_pomcp,0.0,0.2,nominal,100,5,5,0.075,0.0,81,-82.0,0.24065650001284666,2,1,2
E3,2026-05-08,rho_z_eta_sweep,robust_pomcp,0.0,0.2,nominal,100,5,5,0.075,0.0,82,-302.0,0.2258583000220824,0,3,2
E3,2026-05-08,rho_z_eta_sweep,robust_pomcp,0.0,0.2,nominal,100,5,5,0.075,0.0,83,17.0,0.21583050000481308,2,0,3
E3,2026-05-08,rho_z_eta_sweep,robust_pomcp,0.0,0.2,nominal,100,5,5,0.075,0.0,84,17.0,0.22576859997934662,2,0,3
E3,2026-05-08,rho_z_eta_sweep,robust_pomcp,0.0,0.2,nominal,100,5,5,0.075,0.0,85,17.0,0.22181849999469705,2,0,3
E3,2026-05-08,rho_z_eta_sweep,robust_pomcp,0.0,0.2,nominal,100,5,5,0.075,0.0,86,28.0,0.2196358000219334,3,0,2
E3,2026-05-08,rho_z_eta_sweep,robust_pomcp,0.0,0.2,nominal,100,5,5,0.075,0.0,87,-82.0,0.22253299999283627,2,1,2
E3,2026-05-08,rho_z_eta_sweep,robust_pomcp,0.0,0.2,nominal,100,5,5,0.075,0.0,88,-71.0,0.22556859999895096,3,1,1
E3,2026-05-08,rho_z_eta_sweep,robust_pomcp,0.0,0.2,nominal,100,5,5,0.075,0.0,89,-5.0,0.21221439997316338,0,0,5
E3,2026-05-08,rho_z_eta_sweep,robust_pomcp,0.0,0.2,nominal,100,5,5,0.075,0.0,90,-82.0,0.21977709999191575,2,1,2
E3,2026-05-08,rho_z_eta_sweep,robust_pomcp,0.0,0.2,nominal,100,5,5,0.075,0.0,91,-82.0,0.22444190000533126,2,1,2
E3,2026-05-08,rho_z_eta_sweep,robust_pomcp,0.0,0.2,nominal,100,5,5,0.075,0.0,92,6.0,0.22952079999959096,1,0,4
E3,2026-05-08,rho_z_eta_sweep,robust_pomcp,0.0,0.2,nominal,100,5,5,0.075,0.0,93,-181.0,0.22562150002340786,2,2,1
E3,2026-05-08,rho_z_eta_sweep,robust_pomcp,0.0,0.2,nominal,100,5,5,0.075,0.0,94,6.0,0.223918900010176,1,0,4
E3,2026-05-08,rho_z_eta_sweep,robust_pomcp,0.0,0.2,nominal,100,5,5,0.075,0.0,95,-82.0,0.22992290000547655,2,1,2
E3,2026-05-08,rho_z_eta_sweep,robust_pomcp,0.0,0.2,nominal,100,5,5,0.075,0.0,96,-93.0,0.21970250000595115,1,1,3
E3,2026-05-08,rho_z_eta_sweep,robust_pomcp,0.0,0.2,nominal,100,5,5,0.075,0.0,97,-104.0,0.21407680000993423,0,1,4
E3,2026-05-08,rho_z_eta_sweep,robust_pomcp,0.0,0.2,nominal,100,5,5,0.075,0.0,98,-104.0,0.22390869999071583,0,1,4
E3,2026-05-08,rho_z_eta_sweep,robust_pomcp,0.0,0.2,nominal,100,5,5,0.075,0.0,99,39.0,0.23133760000928305,4,0,1
E3,2026-05-08,rho_z_eta_sweep,robust_pomcp,0.0,0.2,nominal,100,5,5,0.075,0.0,100,6.0,0.2170621000113897,1,0,4
E3,2026-05-08,rho_z_eta_sweep,robust_pomcp,0.0,0.2,nominal,100,5,5,0.1,0.0,1,-181.0,0.22116190000087954,2,2,1
E3,2026-05-08,rho_z_eta_sweep,robust_pomcp,0.0,0.2,nominal,100,5,5,0.1,0.0,2,-93.0,0.2370091000047978,1,1,3
E3,2026-05-08,rho_z_eta_sweep,robust_pomcp,0.0,0.2,nominal,100,5,5,0.1,0.0,3,-302.0,0.22496079999837093,0,3,2
E3,2026-05-08,rho_z_eta_sweep,robust_pomcp,0.0,0.2,nominal,100,5,5,0.1,0.0,4,-82.0,0.22448209999129176,2,1,2
E3,2026-05-08,rho_z_eta_sweep,robust_pomcp,0.0,0.2,nominal,100,5,5,0.1,0.0,5,17.0,0.23476599997957237,2,0,3
E3,2026-05-08,rho_z_eta_sweep,robust_pomcp,0.0,0.2,nominal,100,5,5,0.1,0.0,6,-82.0,0.20805059999111108,2,1,2
E3,2026-05-08,rho_z_eta_sweep,robust_pomcp,0.0,0.2,nominal,100,5,5,0.1,0.0,7,-82.0,0.21561129999463446,2,1,2
E3,2026-05-08,rho_z_eta_sweep,robust_pomcp,0.0,0.2,nominal,100,5,5,0.1,0.0,8,17.0,0.23280670001986437,2,0,3
E3,2026-05-08,rho_z_eta_sweep,robust_pomcp,0.0,0.2,nominal,100,5,5,0.1,0.0,9,-71.0,0.2199274000013247,3,1,1
E3,2026-05-08,rho_z_eta_sweep,robust_pomcp,0.0,0.2,nominal,100,5,5,0.1,0.0,10,17.0,0.21438309998484328,2,0,3
E3,2026-05-08,rho_z_eta_sweep,robust_pomcp,0.0,0.2,nominal,100,5,5,0.1,0.0,11,-192.0,0.2423230999847874,1,2,2
E3,2026-05-08,rho_z_eta_sweep,robust_pomcp,0.0,0.2,nominal,100,5,5,0.1,0.0,12,17.0,0.2430265999864787,2,0,3
E3,2026-05-08,rho_z_eta_sweep,robust_pomcp,0.0,0.2,nominal,100,5,5,0.1,0.0,13,-5.0,0.22868669999297708,0,0,5
E3,2026-05-08,rho_z_eta_sweep,robust_pomcp,0.0,0.2,nominal,100,5,5,0.1,0.0,14,-93.0,0.20524360000854358,1,1,3
E3,2026-05-08,rho_z_eta_sweep,robust_pomcp,0.0,0.2,nominal,100,5,5,0.1,0.0,15,28.0,0.21494189999066293,3,0,2
E3,2026-05-08,rho_z_eta_sweep,robust_pomcp,0.0,0.2,nominal,100,5,5,0.1,0.0,16,6.0,0.21994869998889044,1,0,4
E3,2026-05-08,rho_z_eta_sweep,robust_pomcp,0.0,0.2,nominal,100,5,5,0.1,0.0,17,-82.0,0.22086210001725703,2,1,2
E3,2026-05-08,rho_z_eta_sweep,robust_pomcp,0.0,0.2,nominal,100,5,5,0.1,0.0,18,-93.0,0.204010899993591,1,1,3
E3,2026-05-08,rho_z_eta_sweep,robust_pomcp,0.0,0.2,nominal,100,5,5,0.1,0.0,19,-93.0,0.2243255999928806,1,1,3
E3,2026-05-08,rho_z_eta_sweep,robust_pomcp,0.0,0.2,nominal,100,5,5,0.1,0.0,20,-71.0,0.2191296999808401,3,1,1
E3,2026-05-08,rho_z_eta_sweep,robust_pomcp,0.0,0.2,nominal,100,5,5,0.1,0.0,21,17.0,0.2216574999911245,2,0,3
E3,2026-05-08,rho_z_eta_sweep,robust_pomcp,0.0,0.2,nominal,100,5,5,0.1,0.0,22,6.0,0.215766099980101,1,0,4
E3,2026-05-08,rho_z_eta_sweep,robust_pomcp,0.0,0.2,nominal,100,5,5,0.1,0.0,23,-192.0,0.23233269999036565,1,2,2
E3,2026-05-08,rho_z_eta_sweep,robust_pomcp,0.0,0.2,nominal,100,5,5,0.1,0.0,24,17.0,0.22198080000816844,2,0,3
E3,2026-05-08,rho_z_eta_sweep,robust_pomcp,0.0,0.2,nominal,100,5,5,0.1,0.0,25,-104.0,0.21388719999231398,0,1,4
E3,2026-05-08,rho_z_eta_sweep,robust_pomcp,0.0,0.2,nominal,100,5,5,0.1,0.0,26,28.0,0.21672359999502078,3,0,2
E3,2026-05-08,rho_z_eta_sweep,robust_pomcp,0.0,0.2,nominal,100,5,5,0.1,0.0,27,6.0,0.21981760000926442,1,0,4
E3,2026-05-08,rho_z_eta_sweep,robust_pomcp,0.0,0.2,nominal,100,5,5,0.1,0.0,28,-170.0,0.22659880001447164,3,2,0
E3,2026-05-08,rho_z_eta_sweep,robust_pomcp,0.0,0.2,nominal,100,5,5,0.1,0.0,29,-71.0,0.22408380001434125,3,1,1
E3,2026-05-08,rho_z_eta_sweep,robust_pomcp,0.0,0.2,nominal,100,5,5,0.1,0.0,30,-93.0,0.2278507000009995,1,1,3
E3,2026-05-08,rho_z_eta_sweep,robust_pomcp,0.0,0.2,nominal,100,5,5,0.1,0.0,31,-82.0,0.21467779998783953,2,1,2
E3,2026-05-08,rho_z_eta_sweep,robust_pomcp,0.0,0.2,nominal,100,5,5,0.1,0.0,32,6.0,0.22034100000746548,1,0,4
E3,2026-05-08,rho_z_eta_sweep,robust_pomcp,0.0,0.2,nominal,100,5,5,0.1,0.0,33,-5.0,0.22424239999963902,0,0,5
E3,2026-05-08,rho_z_eta_sweep,robust_pomcp,0.0,0.2,nominal,100,5,5,0.1,0.0,34,17.0,0.22404380000079982,2,0,3
E3,2026-05-08,rho_z_eta_sweep,robust_pomcp,0.0,0.2,nominal,100,5,5,0.1,0.0,35,28.0,0.2185747000039555,3,0,2
E3,2026-05-08,rho_z_eta_sweep,robust_pomcp,0.0,0.2,nominal,100,5,5,0.1,0.0,36,-192.0,0.23415219999151304,1,2,2
E3,2026-05-08,rho_z_eta_sweep,robust_pomcp,0.0,0.2,nominal,100,5,5,0.1,0.0,37,-104.0,0.22086590001708828,0,1,4
E3,2026-05-08,rho_z_eta_sweep,robust_pomcp,0.0,0.2,nominal,100,5,5,0.1,0.0,38,-302.0,0.22061789999133907,0,3,2
E3,2026-05-08,rho_z_eta_sweep,robust_pomcp,0.0,0.2,nominal,100,5,5,0.1,0.0,39,-181.0,0.22589840000728145,2,2,1
E3,2026-05-08,rho_z_eta_sweep,robust_pomcp,0.0,0.2,nominal,100,5,5,0.1,0.0,40,17.0,0.22573500001453795,2,0,3
E3,2026-05-08,rho_z_eta_sweep,robust_pomcp,0.0,0.2,nominal,100,5,5,0.1,0.0,41,-93.0,0.2269273999845609,1,1,3
E3,2026-05-08,rho_z_eta_sweep,robust_pomcp,0.0,0.2,nominal,100,5,5,0.1,0.0,42,-71.0,0.2225682999996934,3,1,1
E3,2026-05-08,rho_z_eta_sweep,robust_pomcp,0.0,0.2,nominal,100,5,5,0.1,0.0,43,-170.0,0.24631380001665093,3,2,0
E3,2026-05-08,rho_z_eta_sweep,robust_pomcp,0.0,0.2,nominal,100,5,5,0.1,0.0,44,-71.0,0.23999330002698116,3,1,1
E3,2026-05-08,rho_z_eta_sweep,robust_pomcp,0.0,0.2,nominal,100,5,5,0.1,0.0,45,-82.0,0.22626149997813627,2,1,2
E3,2026-05-08,rho_z_eta_sweep,robust_pomcp,0.0,0.2,nominal,100,5,5,0.1,0.0,46,-93.0,0.2517074999923352,1,1,3
E3,2026-05-08,rho_z_eta_sweep,robust_pomcp,0.0,0.2,nominal,100,5,5,0.1,0.0,47,28.0,0.22167240001726896,3,0,2
E3,2026-05-08,rho_z_eta_sweep,robust_pomcp,0.0,0.2,nominal,100,5,5,0.1,0.0,48,28.0,0.23313659999985248,3,0,2
E3,2026-05-08,rho_z_eta_sweep,robust_pomcp,0.0,0.2,nominal,100,5,5,0.1,0.0,49,17.0,0.21329339998192154,2,0,3
E3,2026-05-08,rho_z_eta_sweep,robust_pomcp,0.0,0.2,nominal,100,5,5,0.1,0.0,50,-93.0,0.234924200020032,1,1,3
E3,2026-05-08,rho_z_eta_sweep,robust_pomcp,0.0,0.2,nominal,100,5,5,0.1,0.0,51,6.0,0.23093069999595173,1,0,4
E3,2026-05-08,rho_z_eta_sweep,robust_pomcp,0.0,0.2,nominal,100,5,5,0.1,0.0,52,6.0,0.24107220000587404,1,0,4
E3,2026-05-08,rho_z_eta_sweep,robust_pomcp,0.0,0.2,nominal,100,5,5,0.1,0.0,53,17.0,0.22229330000118352,2,0,3
E3,2026-05-08,rho_z_eta_sweep,robust_pomcp,0.0,0.2,nominal,100,5,5,0.1,0.0,54,6.0,0.21145940001588315,1,0,4
E3,2026-05-08,rho_z_eta_sweep,robust_pomcp,0.0,0.2,nominal,100,5,5,0.1,0.0,55,-5.0,0.20641660000546835,0,0,5
E3,2026-05-08,rho_z_eta_sweep,robust_pomcp,0.0,0.2,nominal,100,5,5,0.1,0.0,56,-104.0,0.2045957000227645,0,1,4
E3,2026-05-08,rho_z_eta_sweep,robust_pomcp,0.0,0.2,nominal,100,5,5,0.1,0.0,57,39.0,0.23136129998601973,4,0,1
E3,2026-05-08,rho_z_eta_sweep,robust_pomcp,0.0,0.2,nominal,100,5,5,0.1,0.0,58,-82.0,0.22248170000966638,2,1,2
E3,2026-05-08,rho_z_eta_sweep,robust_pomcp,0.0,0.2,nominal,100,5,5,0.1,0.0,59,-192.0,0.23791240001446567,1,2,2
E3,2026-05-08,rho_z_eta_sweep,robust_pomcp,0.0,0.2,nominal,100,5,5,0.1,0.0,60,6.0,0.22187229999690317,1,0,4
E3,2026-05-08,rho_z_eta_sweep,robust_pomcp,0.0,0.2,nominal,100,5,5,0.1,0.0,61,6.0,0.2320768999925349,1,0,4
E3,2026-05-08,rho_z_eta_sweep,robust_pomcp,0.0,0.2,nominal,100,5,5,0.1,0.0,62,39.0,0.21843159999116324,4,0,1
E3,2026-05-08,rho_z_eta_sweep,robust_pomcp,0.0,0.2,nominal,100,5,5,0.1,0.0,63,-93.0,0.21549260002211668,1,1,3
E3,2026-05-08,rho_z_eta_sweep,robust_pomcp,0.0,0.2,nominal,100,5,5,0.1,0.0,64,-82.0,0.2210563999833539,2,1,2
E3,2026-05-08,rho_z_eta_sweep,robust_pomcp,0.0,0.2,nominal,100,5,5,0.1,0.0,65,-93.0,0.22046989999944344,1,1,3
E3,2026-05-08,rho_z_eta_sweep,robust_pomcp,0.0,0.2,nominal,100,5,5,0.1,0.0,66,-181.0,0.22082240000599995,2,2,1
E3,2026-05-08,rho_z_eta_sweep,robust_pomcp,0.0,0.2,nominal,100,5,5,0.1,0.0,67,50.0,0.22843779998947866,5,0,0
E3,2026-05-08,rho_z_eta_sweep,robust_pomcp,0.0,0.2,nominal,100,5,5,0.1,0.0,68,28.0,0.22143259999575093,3,0,2
E3,2026-05-08,rho_z_eta_sweep,robust_pomcp,0.0,0.2,nominal,100,5,5,0.1,0.0,69,-82.0,0.2317077000043355,2,1,2
E3,2026-05-08,rho_z_eta_sweep,robust_pomcp,0.0,0.2,nominal,100,5,5,0.1,0.0,70,-181.0,0.23635900000226684,2,2,1
E3,2026-05-08,rho_z_eta_sweep,robust_pomcp,0.0,0.2,nominal,100,5,5,0.1,0.0,71,-104.0,0.2301259999803733,0,1,4
E3,2026-05-08,rho_z_eta_sweep,robust_pomcp,0.0,0.2,nominal,100,5,5,0.1,0.0,72,28.0,0.21313479999662377,3,0,2
E3,2026-05-08,rho_z_eta_sweep,robust_pomcp,0.0,0.2,nominal,100,5,5,0.1,0.0,73,-104.0,0.20797760001732968,0,1,4
E3,2026-05-08,rho_z_eta_sweep,robust_pomcp,0.0,0.2,nominal,100,5,5,0.1,0.0,74,-82.0,0.2128865999984555,2,1,2
E3,2026-05-08,rho_z_eta_sweep,robust_pomcp,0.0,0.2,nominal,100,5,5,0.1,0.0,75,28.0,0.20848170001409017,3,0,2
E3,2026-05-08,rho_z_eta_sweep,robust_pomcp,0.0,0.2,nominal,100,5,5,0.1,0.0,76,-192.0,0.22918329999083653,1,2,2
E3,2026-05-08,rho_z_eta_sweep,robust_pomcp,0.0,0.2,nominal,100,5,5,0.1,0.0,77,-93.0,0.2326292999787256,1,1,3
E3,2026-05-08,rho_z_eta_sweep,robust_pomcp,0.0,0.2,nominal,100,5,5,0.1,0.0,78,-60.0,0.23712260002503172,4,1,0
E3,2026-05-08,rho_z_eta_sweep,robust_pomcp,0.0,0.2,nominal,100,5,5,0.1,0.0,79,28.0,0.2279354000056628,3,0,2
E3,2026-05-08,rho_z_eta_sweep,robust_pomcp,0.0,0.2,nominal,100,5,5,0.1,0.0,80,-82.0,0.21641880000242963,2,1,2
E3,2026-05-08,rho_z_eta_sweep,robust_pomcp,0.0,0.2,nominal,100,5,5,0.1,0.0,81,-82.0,0.2247237999981735,2,1,2
E3,2026-05-08,rho_z_eta_sweep,robust_pomcp,0.0,0.2,nominal,100,5,5,0.1,0.0,82,-203.0,0.2311498000053689,0,2,3
E3,2026-05-08,rho_z_eta_sweep,robust_pomcp,0.0,0.2,nominal,100,5,5,0.1,0.0,83,28.0,0.2502515999949537,3,0,2
E3,2026-05-08,rho_z_eta_sweep,robust_pomcp,0.0,0.2,nominal,100,5,5,0.1,0.0,84,6.0,0.2340295000176411,1,0,4
E3,2026-05-08,rho_z_eta_sweep,robust_pomcp,0.0,0.2,nominal,100,5,5,0.1,0.0,85,-93.0,0.22848859999794513,1,1,3
E3,2026-05-08,rho_z_eta_sweep,robust_pomcp,0.0,0.2,nominal,100,5,5,0.1,0.0,86,-181.0,0.21368849999271333,2,2,1
E3,2026-05-08,rho_z_eta_sweep,robust_pomcp,0.0,0.2,nominal,100,5,5,0.1,0.0,87,-71.0,0.22606549999909475,3,1,1
E3,2026-05-08,rho_z_eta_sweep,robust_pomcp,0.0,0.2,nominal,100,5,5,0.1,0.0,88,-104.0,0.23276199999963865,0,1,4
E3,2026-05-08,rho_z_eta_sweep,robust_pomcp,0.0,0.2,nominal,100,5,5,0.1,0.0,89,6.0,0.21142010000767186,1,0,4
E3,2026-05-08,rho_z_eta_sweep,robust_pomcp,0.0,0.2,nominal,100,5,5,0.1,0.0,90,17.0,0.2371712000167463,2,0,3
E3,2026-05-08,rho_z_eta_sweep,robust_pomcp,0.0,0.2,nominal,100,5,5,0.1,0.0,91,-5.0,0.1945267999835778,0,0,5
E3,2026-05-08,rho_z_eta_sweep,robust_pomcp,0.0,0.2,nominal,100,5,5,0.1,0.0,92,-71.0,0.22419270002865233,3,1,1
E3,2026-05-08,rho_z_eta_sweep,robust_pomcp,0.0,0.2,nominal,100,5,5,0.1,0.0,93,6.0,0.24955340000451542,1,0,4
E3,2026-05-08,rho_z_eta_sweep,robust_pomcp,0.0,0.2,nominal,100,5,5,0.1,0.0,94,6.0,0.2176014999859035,1,0,4
E3,2026-05-08,rho_z_eta_sweep,robust_pomcp,0.0,0.2,nominal,100,5,5,0.1,0.0,95,6.0,0.21376399998553097,1,0,4
E3,2026-05-08,rho_z_eta_sweep,robust_pomcp,0.0,0.2,nominal,100,5,5,0.1,0.0,96,-82.0,0.21189740000409074,2,1,2
E3,2026-05-08,rho_z_eta_sweep,robust_pomcp,0.0,0.2,nominal,100,5,5,0.1,0.0,97,28.0,0.21856840001419187,3,0,2
E3,2026-05-08,rho_z_eta_sweep,robust_pomcp,0.0,0.2,nominal,100,5,5,0.1,0.0,98,-170.0,0.2299524999980349,3,2,0
E3,2026-05-08,rho_z_eta_sweep,robust_pomcp,0.0,0.2,nominal,100,5,5,0.1,0.0,99,28.0,0.22404760000063106,3,0,2
E3,2026-05-08,rho_z_eta_sweep,robust_pomcp,0.0,0.2,nominal,100,5,5,0.1,0.0,100,-93.0,0.21553650000714697,1,1,3
E3,2026-05-08,rho_z_eta_sweep,robust_pomcp,0.0,0.3,nominal,100,5,5,0.0,0.0,1,-60.0,0.29279700000188313,4,1,0
E3,2026-05-08,rho_z_eta_sweep,robust_pomcp,0.0,0.3,nominal,100,5,5,0.0,0.0,2,6.0,0.20782570002484135,1,0,4
E3,2026-05-08,rho_z_eta_sweep,robust_pomcp,0.0,0.3,nominal,100,5,5,0.0,0.0,3,17.0,0.21995430000242777,2,0,3
E3,2026-05-08,rho_z_eta_sweep,robust_pomcp,0.0,0.3,nominal,100,5,5,0.0,0.0,4,17.0,0.2242254999873694,2,0,3
E3,2026-05-08,rho_z_eta_sweep,robust_pomcp,0.0,0.3,nominal,100,5,5,0.0,0.0,5,-82.0,0.2286871000251267,2,1,2
E3,2026-05-08,rho_z_eta_sweep,robust_pomcp,0.0,0.3,nominal,100,5,5,0.0,0.0,6,-82.0,0.21379819998401217,2,1,2
E3,2026-05-08,rho_z_eta_sweep,robust_pomcp,0.0,0.3,nominal,100,5,5,0.0,0.0,7,28.0,0.2322816999803763,3,0,2
E3,2026-05-08,rho_z_eta_sweep,robust_pomcp,0.0,0.3,nominal,100,5,5,0.0,0.0,8,-71.0,0.22688380000181496,3,1,1
E3,2026-05-08,rho_z_eta_sweep,robust_pomcp,0.0,0.3,nominal,100,5,5,0.0,0.0,9,-93.0,0.212053700000979,1,1,3
E3,2026-05-08,rho_z_eta_sweep,robust_pomcp,0.0,0.3,nominal,100,5,5,0.0,0.0,10,39.0,0.2209945000067819,4,0,1
E3,2026-05-08,rho_z_eta_sweep,robust_pomcp,0.0,0.3,nominal,100,5,5,0.0,0.0,11,-181.0,0.23053820000495762,2,2,1
E3,2026-05-08,rho_z_eta_sweep,robust_pomcp,0.0,0.3,nominal,100,5,5,0.0,0.0,12,-93.0,0.22497819998534396,1,1,3
E3,2026-05-08,rho_z_eta_sweep,robust_pomcp,0.0,0.3,nominal,100,5,5,0.0,0.0,13,-104.0,0.21750950001296587,0,1,4
E3,2026-05-08,rho_z_eta_sweep,robust_pomcp,0.0,0.3,nominal,100,5,5,0.0,0.0,14,17.0,0.22050660001696087,2,0,3
E3,2026-05-08,rho_z_eta_sweep,robust_pomcp,0.0,0.3,nominal,100,5,5,0.0,0.0,15,-93.0,0.22602209998876788,1,1,3
E3,2026-05-08,rho_z_eta_sweep,robust_pomcp,0.0,0.3,nominal,100,5,5,0.0,0.0,16,-82.0,0.22188920000917278,2,1,2
E3,2026-05-08,rho_z_eta_sweep,robust_pomcp,0.0,0.3,nominal,100,5,5,0.0,0.0,17,-93.0,0.2185895000002347,1,1,3
E3,2026-05-08,rho_z_eta_sweep,robust_pomcp,0.0,0.3,nominal,100,5,5,0.0,0.0,18,-82.0,0.2376405000104569,2,1,2
E3,2026-05-08,rho_z_eta_sweep,robust_pomcp,0.0,0.3,nominal,100,5,5,0.0,0.0,19,28.0,0.22866379999322817,3,0,2
E3,2026-05-08,rho_z_eta_sweep,robust_pomcp,0.0,0.3,nominal,100,5,5,0.0,0.0,20,6.0,0.22631620001629926,1,0,4
E3,2026-05-08,rho_z_eta_sweep,robust_pomcp,0.0,0.3,nominal,100,5,5,0.0,0.0,21,17.0,0.21966559998691082,2,0,3
E3,2026-05-08,rho_z_eta_sweep,robust_pomcp,0.0,0.3,nominal,100,5,5,0.0,0.0,22,-104.0,0.22473349998472258,0,1,4
E3,2026-05-08,rho_z_eta_sweep,robust_pomcp,0.0,0.3,nominal,100,5,5,0.0,0.0,23,28.0,0.21666879998520017,3,0,2
E3,2026-05-08,rho_z_eta_sweep,robust_pomcp,0.0,0.3,nominal,100,5,5,0.0,0.0,24,6.0,0.2233043999876827,1,0,4
E3,2026-05-08,rho_z_eta_sweep,robust_pomcp,0.0,0.3,nominal,100,5,5,0.0,0.0,25,17.0,0.22629700001562014,2,0,3
E3,2026-05-08,rho_z_eta_sweep,robust_pomcp,0.0,0.3,nominal,100,5,5,0.0,0.0,26,28.0,0.21802289999322966,3,0,2
E3,2026-05-08,rho_z_eta_sweep,robust_pomcp,0.0,0.3,nominal,100,5,5,0.0,0.0,27,-104.0,0.22359880001749843,0,1,4
E3,2026-05-08,rho_z_eta_sweep,robust_pomcp,0.0,0.3,nominal,100,5,5,0.0,0.0,28,28.0,0.24072390000219457,3,0,2
E3,2026-05-08,rho_z_eta_sweep,robust_pomcp,0.0,0.3,nominal,100,5,5,0.0,0.0,29,-82.0,0.24032979999901727,2,1,2
E3,2026-05-08,rho_z_eta_sweep,robust_pomcp,0.0,0.3,nominal,100,5,5,0.0,0.0,30,28.0,0.24124000000301749,3,0,2
E3,2026-05-08,rho_z_eta_sweep,robust_pomcp,0.0,0.3,nominal,100,5,5,0.0,0.0,31,-82.0,0.2356117000163067,2,1,2
E3,2026-05-08,rho_z_eta_sweep,robust_pomcp,0.0,0.3,nominal,100,5,5,0.0,0.0,32,28.0,0.22407060000114143,3,0,2
E3,2026-05-08,rho_z_eta_sweep,robust_pomcp,0.0,0.3,nominal,100,5,5,0.0,0.0,33,6.0,0.24088539998047054,1,0,4
E3,2026-05-08,rho_z_eta_sweep,robust_pomcp,0.0,0.3,nominal,100,5,5,0.0,0.0,34,6.0,0.20382870000321418,1,0,4
E3,2026-05-08,rho_z_eta_sweep,robust_pomcp,0.0,0.3,nominal,100,5,5,0.0,0.0,35,-93.0,0.2459849999868311,1,1,3
E3,2026-05-08,rho_z_eta_sweep,robust_pomcp,0.0,0.3,nominal,100,5,5,0.0,0.0,36,17.0,0.24500699999043718,2,0,3
E3,2026-05-08,rho_z_eta_sweep,robust_pomcp,0.0,0.3,nominal,100,5,5,0.0,0.0,37,-82.0,0.25980930001242086,2,1,2
E3,2026-05-08,rho_z_eta_sweep,robust_pomcp,0.0,0.3,nominal,100,5,5,0.0,0.0,38,-82.0,0.23296289998688735,2,1,2
E3,2026-05-08,rho_z_eta_sweep,robust_pomcp,0.0,0.3,nominal,100,5,5,0.0,0.0,39,-93.0,0.22877829999197274,1,1,3
E3,2026-05-08,rho_z_eta_sweep,robust_pomcp,0.0,0.3,nominal,100,5,5,0.0,0.0,40,-104.0,0.21493159999954514,0,1,4
E3,2026-05-08,rho_z_eta_sweep,robust_pomcp,0.0,0.3,nominal,100,5,5,0.0,0.0,41,17.0,0.24532960000215098,2,0,3
E3,2026-05-08,rho_z_eta_sweep,robust_pomcp,0.0,0.3,nominal,100,5,5,0.0,0.0,42,-192.0,0.22571180001250468,1,2,2
E3,2026-05-08,rho_z_eta_sweep,robust_pomcp,0.0,0.3,nominal,100,5,5,0.0,0.0,43,-93.0,0.23642989998916164,1,1,3
E3,2026-05-08,rho_z_eta_sweep,robust_pomcp,0.0,0.3,nominal,100,5,5,0.0,0.0,44,28.0,0.2231517000182066,3,0,2
E3,2026-05-08,rho_z_eta_sweep,robust_pomcp,0.0,0.3,nominal,100,5,5,0.0,0.0,45,28.0,0.228239099989878,3,0,2
E3,2026-05-08,rho_z_eta_sweep,robust_pomcp,0.0,0.3,nominal,100,5,5,0.0,0.0,46,-71.0,0.2437756999861449,3,1,1
E3,2026-05-08,rho_z_eta_sweep,robust_pomcp,0.0,0.3,nominal,100,5,5,0.0,0.0,47,-93.0,0.21115839999401942,1,1,3
E3,2026-05-08,rho_z_eta_sweep,robust_pomcp,0.0,0.3,nominal,100,5,5,0.0,0.0,48,28.0,0.22203269999590702,3,0,2
E3,2026-05-08,rho_z_eta_sweep,robust_pomcp,0.0,0.3,nominal,100,5,5,0.0,0.0,49,28.0,0.22275849999277852,3,0,2
E3,2026-05-08,rho_z_eta_sweep,robust_pomcp,0.0,0.3,nominal,100,5,5,0.0,0.0,50,-192.0,0.2440231000073254,1,2,2
E3,2026-05-08,rho_z_eta_sweep,robust_pomcp,0.0,0.3,nominal,100,5,5,0.0,0.0,51,-82.0,0.3100759999942966,2,1,2
E3,2026-05-08,rho_z_eta_sweep,robust_pomcp,0.0,0.3,nominal,100,5,5,0.0,0.0,52,-93.0,0.2596882999932859,1,1,3
E3,2026-05-08,rho_z_eta_sweep,robust_pomcp,0.0,0.3,nominal,100,5,5,0.0,0.0,53,-93.0,0.2485801999864634,1,1,3
E3,2026-05-08,rho_z_eta_sweep,robust_pomcp,0.0,0.3,nominal,100,5,5,0.0,0.0,54,-93.0,0.25529820000519976,1,1,3
E3,2026-05-08,rho_z_eta_sweep,robust_pomcp,0.0,0.3,nominal,100,5,5,0.0,0.0,55,17.0,0.2618408999987878,2,0,3
E3,2026-05-08,rho_z_eta_sweep,robust_pomcp,0.0,0.3,nominal,100,5,5,0.0,0.0,56,17.0,0.23207240001647733,2,0,3
E3,2026-05-08,rho_z_eta_sweep,robust_pomcp,0.0,0.3,nominal,100,5,5,0.0,0.0,57,-93.0,0.21830680000130087,1,1,3
E3,2026-05-08,rho_z_eta_sweep,robust_pomcp,0.0,0.3,nominal,100,5,5,0.0,0.0,58,17.0,0.22137350001139566,2,0,3
E3,2026-05-08,rho_z_eta_sweep,robust_pomcp,0.0,0.3,nominal,100,5,5,0.0,0.0,59,-93.0,0.21750229998724535,1,1,3
E3,2026-05-08,rho_z_eta_sweep,robust_pomcp,0.0,0.3,nominal,100,5,5,0.0,0.0,60,17.0,0.2165421999816317,2,0,3
E3,2026-05-08,rho_z_eta_sweep,robust_pomcp,0.0,0.3,nominal,100,5,5,0.0,0.0,61,17.0,0.2159481999988202,2,0,3
E3,2026-05-08,rho_z_eta_sweep,robust_pomcp,0.0,0.3,nominal,100,5,5,0.0,0.0,62,-93.0,0.20888099999865517,1,1,3
E3,2026-05-08,rho_z_eta_sweep,robust_pomcp,0.0,0.3,nominal,100,5,5,0.0,0.0,63,6.0,0.21590889999060892,1,0,4
E3,2026-05-08,rho_z_eta_sweep,robust_pomcp,0.0,0.3,nominal,100,5,5,0.0,0.0,64,-181.0,0.2246533000143245,2,2,1
E3,2026-05-08,rho_z_eta_sweep,robust_pomcp,0.0,0.3,nominal,100,5,5,0.0,0.0,65,-93.0,0.22090929999831133,1,1,3
E3,2026-05-08,rho_z_eta_sweep,robust_pomcp,0.0,0.3,nominal,100,5,5,0.0,0.0,66,-192.0,0.226455399999395,1,2,2
E3,2026-05-08,rho_z_eta_sweep,robust_pomcp,0.0,0.3,nominal,100,5,5,0.0,0.0,67,17.0,0.2212878999998793,2,0,3
E3,2026-05-08,rho_z_eta_sweep,robust_pomcp,0.0,0.3,nominal,100,5,5,0.0,0.0,68,-93.0,0.21782800002256408,1,1,3
E3,2026-05-08,rho_z_eta_sweep,robust_pomcp,0.0,0.3,nominal,100,5,5,0.0,0.0,69,-82.0,0.23133809998398647,2,1,2
E3,2026-05-08,rho_z_eta_sweep,robust_pomcp,0.0,0.3,nominal,100,5,5,0.0,0.0,70,17.0,0.2138861999846995,2,0,3
E3,2026-05-08,rho_z_eta_sweep,robust_pomcp,0.0,0.3,nominal,100,5,5,0.0,0.0,71,6.0,0.21899100000155158,1,0,4
E3,2026-05-08,rho_z_eta_sweep,robust_pomcp,0.0,0.3,nominal,100,5,5,0.0,0.0,72,6.0,0.21445940001285635,1,0,4
E3,2026-05-08,rho_z_eta_sweep,robust_pomcp,0.0,0.3,nominal,100,5,5,0.0,0.0,73,-93.0,0.20950939998147078,1,1,3
E3,2026-05-08,rho_z_eta_sweep,robust_pomcp,0.0,0.3,nominal,100,5,5,0.0,0.0,74,6.0,0.22938140001497231,1,0,4
E3,2026-05-08,rho_z_eta_sweep,robust_pomcp,0.0,0.3,nominal,100,5,5,0.0,0.0,75,6.0,0.21269550002762116,1,0,4
E3,2026-05-08,rho_z_eta_sweep,robust_pomcp,0.0,0.3,nominal,100,5,5,0.0,0.0,76,-93.0,0.22656589999678545,1,1,3
E3,2026-05-08,rho_z_eta_sweep,robust_pomcp,0.0,0.3,nominal,100,5,5,0.0,0.0,77,28.0,0.219777599995723,3,0,2
E3,2026-05-08,rho_z_eta_sweep,robust_pomcp,0.0,0.3,nominal,100,5,5,0.0,0.0,78,6.0,0.20585440000286326,1,0,4
E3,2026-05-08,rho_z_eta_sweep,robust_pomcp,0.0,0.3,nominal,100,5,5,0.0,0.0,79,-5.0,0.22442949999822304,0,0,5
E3,2026-05-08,rho_z_eta_sweep,robust_pomcp,0.0,0.3,nominal,100,5,5,0.0,0.0,80,-104.0,0.21778599999379367,0,1,4
E3,2026-05-08,rho_z_eta_sweep,robust_pomcp,0.0,0.3,nominal,100,5,5,0.0,0.0,81,-93.0,0.26165209998725913,1,1,3
E3,2026-05-08,rho_z_eta_sweep,robust_pomcp,0.0,0.3,nominal,100,5,5,0.0,0.0,82,6.0,0.21074660000158474,1,0,4
E3,2026-05-08,rho_z_eta_sweep,robust_pomcp,0.0,0.3,nominal,100,5,5,0.0,0.0,83,17.0,0.2121218000247609,2,0,3
E3,2026-05-08,rho_z_eta_sweep,robust_pomcp,0.0,0.3,nominal,100,5,5,0.0,0.0,84,17.0,0.2187887000036426,2,0,3
E3,2026-05-08,rho_z_eta_sweep,robust_pomcp,0.0,0.3,nominal,100,5,5,0.0,0.0,85,28.0,0.22156460001133382,3,0,2
E3,2026-05-08,rho_z_eta_sweep,robust_pomcp,0.0,0.3,nominal,100,5,5,0.0,0.0,86,28.0,0.22738299999036826,3,0,2
E3,2026-05-08,rho_z_eta_sweep,robust_pomcp,0.0,0.3,nominal,100,5,5,0.0,0.0,87,28.0,0.2190038000117056,3,0,2
E3,2026-05-08,rho_z_eta_sweep,robust_pomcp,0.0,0.3,nominal,100,5,5,0.0,0.0,88,6.0,0.2127811000100337,1,0,4
E3,2026-05-08,rho_z_eta_sweep,robust_pomcp,0.0,0.3,nominal,100,5,5,0.0,0.0,89,28.0,0.22247300000162795,3,0,2
E3,2026-05-08,rho_z_eta_sweep,robust_pomcp,0.0,0.3,nominal,100,5,5,0.0,0.0,90,28.0,0.2289681999827735,3,0,2
E3,2026-05-08,rho_z_eta_sweep,robust_pomcp,0.0,0.3,nominal,100,5,5,0.0,0.0,91,-82.0,0.21748839999781922,2,1,2
E3,2026-05-08,rho_z_eta_sweep,robust_pomcp,0.0,0.3,nominal,100,5,5,0.0,0.0,92,-71.0,0.22887010002159514,3,1,1
E3,2026-05-08,rho_z_eta_sweep,robust_pomcp,0.0,0.3,nominal,100,5,5,0.0,0.0,93,-5.0,0.20636400001239963,0,0,5
E3,2026-05-08,rho_z_eta_sweep,robust_pomcp,0.0,0.3,nominal,100,5,5,0.0,0.0,94,-82.0,0.22904380000545643,2,1,2
E3,2026-05-08,rho_z_eta_sweep,robust_pomcp,0.0,0.3,nominal,100,5,5,0.0,0.0,95,-5.0,0.20011269999668002,0,0,5
E3,2026-05-08,rho_z_eta_sweep,robust_pomcp,0.0,0.3,nominal,100,5,5,0.0,0.0,96,28.0,0.23329780000494793,3,0,2
E3,2026-05-08,rho_z_eta_sweep,robust_pomcp,0.0,0.3,nominal,100,5,5,0.0,0.0,97,-192.0,0.2286061999911908,1,2,2
E3,2026-05-08,rho_z_eta_sweep,robust_pomcp,0.0,0.3,nominal,100,5,5,0.0,0.0,98,-60.0,0.21088230001623742,4,1,0
E3,2026-05-08,rho_z_eta_sweep,robust_pomcp,0.0,0.3,nominal,100,5,5,0.0,0.0,99,-82.0,0.2195083000115119,2,1,2
E3,2026-05-08,rho_z_eta_sweep,robust_pomcp,0.0,0.3,nominal,100,5,5,0.0,0.0,100,17.0,0.22098379998351447,2,0,3
E3,2026-05-08,rho_z_eta_sweep,robust_pomcp,0.0,0.3,nominal,100,5,5,0.0375,0.0,1,-192.0,0.22785579998162575,1,2,2
E3,2026-05-08,rho_z_eta_sweep,robust_pomcp,0.0,0.3,nominal,100,5,5,0.0375,0.0,2,-93.0,0.22072000001207925,1,1,3
E3,2026-05-08,rho_z_eta_sweep,robust_pomcp,0.0,0.3,nominal,100,5,5,0.0375,0.0,3,39.0,0.24971560001722537,4,0,1
E3,2026-05-08,rho_z_eta_sweep,robust_pomcp,0.0,0.3,nominal,100,5,5,0.0375,0.0,4,-82.0,0.2255322000128217,2,1,2
E3,2026-05-08,rho_z_eta_sweep,robust_pomcp,0.0,0.3,nominal,100,5,5,0.0375,0.0,5,28.0,0.21923730001435615,3,0,2
E3,2026-05-08,rho_z_eta_sweep,robust_pomcp,0.0,0.3,nominal,100,5,5,0.0375,0.0,6,-93.0,0.22316539997700602,1,1,3
E3,2026-05-08,rho_z_eta_sweep,robust_pomcp,0.0,0.3,nominal,100,5,5,0.0375,0.0,7,28.0,0.23040030000265688,3,0,2
E3,2026-05-08,rho_z_eta_sweep,robust_pomcp,0.0,0.3,nominal,100,5,5,0.0375,0.0,8,6.0,0.21029230000567622,1,0,4
E3,2026-05-08,rho_z_eta_sweep,robust_pomcp,0.0,0.3,nominal,100,5,5,0.0375,0.0,9,28.0,0.22920370000065304,3,0,2
E3,2026-05-08,rho_z_eta_sweep,robust_pomcp,0.0,0.3,nominal,100,5,5,0.0375,0.0,10,-82.0,0.22104929998749867,2,1,2
E3,2026-05-08,rho_z_eta_sweep,robust_pomcp,0.0,0.3,nominal,100,5,5,0.0375,0.0,11,-181.0,0.22804799998993985,2,2,1
E3,2026-05-08,rho_z_eta_sweep,robust_pomcp,0.0,0.3,nominal,100,5,5,0.0375,0.0,12,28.0,0.21563900000182912,3,0,2
E3,2026-05-08,rho_z_eta_sweep,robust_pomcp,0.0,0.3,nominal,100,5,5,0.0375,0.0,13,-82.0,0.2204415999876801,2,1,2
E3,2026-05-08,rho_z_eta_sweep,robust_pomcp,0.0,0.3,nominal,100,5,5,0.0375,0.0,14,28.0,0.21570899998187087,3,0,2
E3,2026-05-08,rho_z_eta_sweep,robust_pomcp,0.0,0.3,nominal,100,5,5,0.0375,0.0,15,6.0,0.21940649999305606,1,0,4
E3,2026-05-08,rho_z_eta_sweep,robust_pomcp,0.0,0.3,nominal,100,5,5,0.0375,0.0,16,-93.0,0.2348679999995511,1,1,3
E3,2026-05-08,rho_z_eta_sweep,robust_pomcp,0.0,0.3,nominal,100,5,5,0.0375,0.0,17,-93.0,0.21928910000133328,1,1,3
E3,2026-05-08,rho_z_eta_sweep,robust_pomcp,0.0,0.3,nominal,100,5,5,0.0375,0.0,18,6.0,0.22140260000014678,1,0,4
E3,2026-05-08,rho_z_eta_sweep,robust_pomcp,0.0,0.3,nominal,100,5,5,0.0375,0.0,19,-71.0,0.2248879999970086,3,1,1
E3,2026-05-08,rho_z_eta_sweep,robust_pomcp,0.0,0.3,nominal,100,5,5,0.0375,0.0,20,17.0,0.21807730000000447,2,0,3
E3,2026-05-08,rho_z_eta_sweep,robust_pomcp,0.0,0.3,nominal,100,5,5,0.0375,0.0,21,-82.0,0.21540240000467747,2,1,2
E3,2026-05-08,rho_z_eta_sweep,robust_pomcp,0.0,0.3,nominal,100,5,5,0.0375,0.0,22,-93.0,0.21964550000848249,1,1,3
E3,2026-05-08,rho_z_eta_sweep,robust_pomcp,0.0,0.3,nominal,100,5,5,0.0375,0.0,23,-82.0,0.21883259998867288,2,1,2
E3,2026-05-08,rho_z_eta_sweep,robust_pomcp,0.0,0.3,nominal,100,5,5,0.0375,0.0,24,28.0,0.21067530001164414,3,0,2
E3,2026-05-08,rho_z_eta_sweep,robust_pomcp,0.0,0.3,nominal,100,5,5,0.0375,0.0,25,-93.0,0.2205641000182368,1,1,3
E3,2026-05-08,rho_z_eta_sweep,robust_pomcp,0.0,0.3,nominal,100,5,5,0.0375,0.0,26,28.0,0.21841800000402145,3,0,2
E3,2026-05-08,rho_z_eta_sweep,robust_pomcp,0.0,0.3,nominal,100,5,5,0.0375,0.0,27,-71.0,0.22901300000376068,3,1,1
E3,2026-05-08,rho_z_eta_sweep,robust_pomcp,0.0,0.3,nominal,100,5,5,0.0375,0.0,28,-5.0,0.21553769998718053,0,0,5
E3,2026-05-08,rho_z_eta_sweep,robust_pomcp,0.0,0.3,nominal,100,5,5,0.0375,0.0,29,-82.0,0.21405159999267198,2,1,2
E3,2026-05-08,rho_z_eta_sweep,robust_pomcp,0.0,0.3,nominal,100,5,5,0.0375,0.0,30,28.0,0.21448329999111593,3,0,2
E3,2026-05-08,rho_z_eta_sweep,robust_pomcp,0.0,0.3,nominal,100,5,5,0.0375,0.0,31,-192.0,0.22470109999994747,1,2,2
E3,2026-05-08,rho_z_eta_sweep,robust_pomcp,0.0,0.3,nominal,100,5,5,0.0375,0.0,32,28.0,0.21402099999249913,3,0,2
E3,2026-05-08,rho_z_eta_sweep,robust_pomcp,0.0,0.3,nominal,100,5,5,0.0375,0.0,33,-82.0,0.21652329998323694,2,1,2
E3,2026-05-08,rho_z_eta_sweep,robust_pomcp,0.0,0.3,nominal,100,5,5,0.0375,0.0,34,-71.0,0.2318641000019852,3,1,1
E3,2026-05-08,rho_z_eta_sweep,robust_pomcp,0.0,0.3,nominal,100,5,5,0.0375,0.0,35,-71.0,0.22035540000069886,3,1,1
E3,2026-05-08,rho_z_eta_sweep,robust_pomcp,0.0,0.3,nominal,100,5,5,0.0375,0.0,36,-181.0,0.21305940000456758,2,2,1
E3,2026-05-08,rho_z_eta_sweep,robust_pomcp,0.0,0.3,nominal,100,5,5,0.0375,0.0,37,-93.0,0.21682000000146218,1,1,3
E3,2026-05-08,rho_z_eta_sweep,robust_pomcp,0.0,0.3,nominal,100,5,5,0.0375,0.0,38,28.0,0.21406100000604056,3,0,2
E3,2026-05-08,rho_z_eta_sweep,robust_pomcp,0.0,0.3,nominal,100,5,5,0.0375,0.0,39,6.0,0.22254989997600205,1,0,4
E3,2026-05-08,rho_z_eta_sweep,robust_pomcp,0.0,0.3,nominal,100,5,5,0.0375,0.0,40,17.0,0.20754209998995066,2,0,3
E3,2026-05-08,rho_z_eta_sweep,robust_pomcp,0.0,0.3,nominal,100,5,5,0.0375,0.0,41,-5.0,0.20619409999926575,0,0,5
E3,2026-05-08,rho_z_eta_sweep,robust_pomcp,0.0,0.3,nominal,100,5,5,0.0375,0.0,42,-291.0,0.21467139999731444,1,3,1
E3,2026-05-08,rho_z_eta_sweep,robust_pomcp,0.0,0.3,nominal,100,5,5,0.0375,0.0,43,-93.0,0.22157780002453364,1,1,3
E3,2026-05-08,rho_z_eta_sweep,robust_pomcp,0.0,0.3,nominal,100,5,5,0.0375,0.0,44,-82.0,0.21843450001324527,2,1,2
E3,2026-05-08,rho_z_eta_sweep,robust_pomcp,0.0,0.3,nominal,100,5,5,0.0375,0.0,45,28.0,0.21451560000423342,3,0,2
E3,2026-05-08,rho_z_eta_sweep,robust_pomcp,0.0,0.3,nominal,100,5,5,0.0375,0.0,46,39.0,0.21107459999620914,4,0,1
E3,2026-05-08,rho_z_eta_sweep,robust_pomcp,0.0,0.3,nominal,100,5,5,0.0375,0.0,47,-71.0,0.22578529999009334,3,1,1
E3,2026-05-08,rho_z_eta_sweep,robust_pomcp,0.0,0.3,nominal,100,5,5,0.0375,0.0,48,28.0,0.23567049999837764,3,0,2
E3,2026-05-08,rho_z_eta_sweep,robust_pomcp,0.0,0.3,nominal,100,5,5,0.0375,0.0,49,28.0,0.21604240001761355,3,0,2
E3,2026-05-08,rho_z_eta_sweep,robust_pomcp,0.0,0.3,nominal,100,5,5,0.0375,0.0,50,-82.0,0.21989569999277592,2,1,2
E3,2026-05-08,rho_z_eta_sweep,robust_pomcp,0.0,0.3,nominal,100,5,5,0.0375,0.0,51,-82.0,0.22028869998757727,2,1,2
E3,2026-05-08,rho_z_eta_sweep,robust_pomcp,0.0,0.3,nominal,100,5,5,0.0375,0.0,52,28.0,0.22247710000374354,3,0,2
E3,2026-05-08,rho_z_eta_sweep,robust_pomcp,0.0,0.3,nominal,100,5,5,0.0375,0.0,53,-192.0,0.22892950000823475,1,2,2
E3,2026-05-08,rho_z_eta_sweep,robust_pomcp,0.0,0.3,nominal,100,5,5,0.0375,0.0,54,-82.0,0.2305890999850817,2,1,2
E3,2026-05-08,rho_z_eta_sweep,robust_pomcp,0.0,0.3,nominal,100,5,5,0.0375,0.0,55,17.0,0.22304450001684017,2,0,3
E3,2026-05-08,rho_z_eta_sweep,robust_pomcp,0.0,0.3,nominal,100,5,5,0.0375,0.0,56,28.0,0.22185190001619048,3,0,2
E3,2026-05-08,rho_z_eta_sweep,robust_pomcp,0.0,0.3,nominal,100,5,5,0.0375,0.0,57,6.0,0.21969799997168593,1,0,4
E3,2026-05-08,rho_z_eta_sweep,robust_pomcp,0.0,0.3,nominal,100,5,5,0.0375,0.0,58,-192.0,0.22466869998606853,1,2,2
E3,2026-05-08,rho_z_eta_sweep,robust_pomcp,0.0,0.3,nominal,100,5,5,0.0375,0.0,59,-71.0,0.22098159999586642,3,1,1
E3,2026-05-08,rho_z_eta_sweep,robust_pomcp,0.0,0.3,nominal,100,5,5,0.0375,0.0,60,39.0,0.23415699999895878,4,0,1
E3,2026-05-08,rho_z_eta_sweep,robust_pomcp,0.0,0.3,nominal,100,5,5,0.0375,0.0,61,28.0,0.21344279998447746,3,0,2
E3,2026-05-08,rho_z_eta_sweep,robust_pomcp,0.0,0.3,nominal,100,5,5,0.0375,0.0,62,6.0,0.22246119999908842,1,0,4
E3,2026-05-08,rho_z_eta_sweep,robust_pomcp,0.0,0.3,nominal,100,5,5,0.0375,0.0,63,-93.0,0.2177512000198476,1,1,3
E3,2026-05-08,rho_z_eta_sweep,robust_pomcp,0.0,0.3,nominal,100,5,5,0.0375,0.0,64,-82.0,0.22963699998217635,2,1,2
E3,2026-05-08,rho_z_eta_sweep,robust_pomcp,0.0,0.3,nominal,100,5,5,0.0375,0.0,65,-192.0,0.22056780001730658,1,2,2
E3,2026-05-08,rho_z_eta_sweep,robust_pomcp,0.0,0.3,nominal,100,5,5,0.0375,0.0,66,-5.0,0.22839219999150373,0,0,5
E3,2026-05-08,rho_z_eta_sweep,robust_pomcp,0.0,0.3,nominal,100,5,5,0.0375,0.0,67,-82.0,0.22011330001987517,2,1,2
E3,2026-05-08,rho_z_eta_sweep,robust_pomcp,0.0,0.3,nominal,100,5,5,0.0375,0.0,68,6.0,0.21405519999098033,1,0,4
E3,2026-05-08,rho_z_eta_sweep,robust_pomcp,0.0,0.3,nominal,100,5,5,0.0375,0.0,69,17.0,0.23659509999561124,2,0,3
E3,2026-05-08,rho_z_eta_sweep,robust_pomcp,0.0,0.3,nominal,100,5,5,0.0375,0.0,70,17.0,0.22658480002428405,2,0,3
E3,2026-05-08,rho_z_eta_sweep,robust_pomcp,0.0,0.3,nominal,100,5,5,0.0375,0.0,71,17.0,0.22259739998844452,2,0,3
E3,2026-05-08,rho_z_eta_sweep,robust_pomcp,0.0,0.3,nominal,100,5,5,0.0375,0.0,72,28.0,0.23045059997821227,3,0,2
E3,2026-05-08,rho_z_eta_sweep,robust_pomcp,0.0,0.3,nominal,100,5,5,0.0375,0.0,73,-93.0,0.23198809998575598,1,1,3
E3,2026-05-08,rho_z_eta_sweep,robust_pomcp,0.0,0.3,nominal,100,5,5,0.0375,0.0,74,-71.0,0.21514509999542497,3,1,1
E3,2026-05-08,rho_z_eta_sweep,robust_pomcp,0.0,0.3,nominal,100,5,5,0.0375,0.0,75,-93.0,0.22119890002068132,1,1,3
E3,2026-05-08,rho_z_eta_sweep,robust_pomcp,0.0,0.3,nominal,100,5,5,0.0375,0.0,76,-5.0,0.20422240000334568,0,0,5
E3,2026-05-08,rho_z_eta_sweep,robust_pomcp,0.0,0.3,nominal,100,5,5,0.0375,0.0,77,6.0,0.2144164999772329,1,0,4
E3,2026-05-08,rho_z_eta_sweep,robust_pomcp,0.0,0.3,nominal,100,5,5,0.0375,0.0,78,-93.0,0.22624659998109564,1,1,3
E3,2026-05-08,rho_z_eta_sweep,robust_pomcp,0.0,0.3,nominal,100,5,5,0.0375,0.0,79,-71.0,0.23022530000889674,3,1,1
E3,2026-05-08,rho_z_eta_sweep,robust_pomcp,0.0,0.3,nominal,100,5,5,0.0375,0.0,80,-71.0,0.28179420001106337,3,1,1
E3,2026-05-08,rho_z_eta_sweep,robust_pomcp,0.0,0.3,nominal,100,5,5,0.0375,0.0,81,39.0,0.22831619999487884,4,0,1
E3,2026-05-08,rho_z_eta_sweep,robust_pomcp,0.0,0.3,nominal,100,5,5,0.0375,0.0,82,28.0,0.21978839999064803,3,0,2
E3,2026-05-08,rho_z_eta_sweep,robust_pomcp,0.0,0.3,nominal,100,5,5,0.0375,0.0,83,17.0,0.2357221000129357,2,0,3
E3,2026-05-08,rho_z_eta_sweep,robust_pomcp,0.0,0.3,nominal,100,5,5,0.0375,0.0,84,-71.0,0.23377059999620542,3,1,1
E3,2026-05-08,rho_z_eta_sweep,robust_pomcp,0.0,0.3,nominal,100,5,5,0.0375,0.0,85,-170.0,0.21521659998688847,3,2,0
E3,2026-05-08,rho_z_eta_sweep,robust_pomcp,0.0,0.3,nominal,100,5,5,0.0375,0.0,86,17.0,0.21729380000033416,2,0,3
E3,2026-05-08,rho_z_eta_sweep,robust_pomcp,0.0,0.3,nominal,100,5,5,0.0375,0.0,87,-93.0,0.21335860001272522,1,1,3
E3,2026-05-08,rho_z_eta_sweep,robust_pomcp,0.0,0.3,nominal,100,5,5,0.0375,0.0,88,39.0,0.23357819998636842,4,0,1
E3,2026-05-08,rho_z_eta_sweep,robust_pomcp,0.0,0.3,nominal,100,5,5,0.0375,0.0,89,17.0,0.21423409998533316,2,0,3
E3,2026-05-08,rho_z_eta_sweep,robust_pomcp,0.0,0.3,nominal,100,5,5,0.0375,0.0,90,17.0,0.2074113999842666,2,0,3
E3,2026-05-08,rho_z_eta_sweep,robust_pomcp,0.0,0.3,nominal,100,5,5,0.0375,0.0,91,6.0,0.2131309000251349,1,0,4
E3,2026-05-08,rho_z_eta_sweep,robust_pomcp,0.0,0.3,nominal,100,5,5,0.0375,0.0,92,-60.0,0.23188949999166653,4,1,0
E3,2026-05-08,rho_z_eta_sweep,robust_pomcp,0.0,0.3,nominal,100,5,5,0.0375,0.0,93,-82.0,0.23174759998801164,2,1,2
E3,2026-05-08,rho_z_eta_sweep,robust_pomcp,0.0,0.3,nominal,100,5,5,0.0375,0.0,94,-71.0,0.23538460000418127,3,1,1
E3,2026-05-08,rho_z_eta_sweep,robust_pomcp,0.0,0.3,nominal,100,5,5,0.0375,0.0,95,17.0,0.22331629999098368,2,0,3
E3,2026-05-08,rho_z_eta_sweep,robust_pomcp,0.0,0.3,nominal,100,5,5,0.0375,0.0,96,-82.0,0.21369689999846742,2,1,2
E3,2026-05-08,rho_z_eta_sweep,robust_pomcp,0.0,0.3,nominal,100,5,5,0.0375,0.0,97,-203.0,0.23333909999928437,0,2,3
E3,2026-05-08,rho_z_eta_sweep,robust_pomcp,0.0,0.3,nominal,100,5,5,0.0375,0.0,98,-181.0,0.23396670000511222,2,2,1
E3,2026-05-08,rho_z_eta_sweep,robust_pomcp,0.0,0.3,nominal,100,5,5,0.0375,0.0,99,28.0,0.20950550000998192,3,0,2
E3,2026-05-08,rho_z_eta_sweep,robust_pomcp,0.0,0.3,nominal,100,5,5,0.0375,0.0,100,-71.0,0.22438770000007935,3,1,1
E3,2026-05-08,rho_z_eta_sweep,robust_pomcp,0.0,0.3,nominal,100,5,5,0.075,0.0,1,6.0,0.22816269999020733,1,0,4
E3,2026-05-08,rho_z_eta_sweep,robust_pomcp,0.0,0.3,nominal,100,5,5,0.075,0.0,2,-71.0,0.2318315000156872,3,1,1
E3,2026-05-08,rho_z_eta_sweep,robust_pomcp,0.0,0.3,nominal,100,5,5,0.075,0.0,3,-93.0,0.2215699000225868,1,1,3
E3,2026-05-08,rho_z_eta_sweep,robust_pomcp,0.0,0.3,nominal,100,5,5,0.075,0.0,4,-192.0,0.21956070000305772,1,2,2
E3,2026-05-08,rho_z_eta_sweep,robust_pomcp,0.0,0.3,nominal,100,5,5,0.075,0.0,5,-192.0,0.22761269999318756,1,2,2
E3,2026-05-08,rho_z_eta_sweep,robust_pomcp,0.0,0.3,nominal,100,5,5,0.075,0.0,6,6.0,0.2192479000077583,1,0,4
E3,2026-05-08,rho_z_eta_sweep,robust_pomcp,0.0,0.3,nominal,100,5,5,0.075,0.0,7,-93.0,0.21649799999431707,1,1,3
E3,2026-05-08,rho_z_eta_sweep,robust_pomcp,0.0,0.3,nominal,100,5,5,0.075,0.0,8,17.0,0.2098483000008855,2,0,3
E3,2026-05-08,rho_z_eta_sweep,robust_pomcp,0.0,0.3,nominal,100,5,5,0.075,0.0,9,6.0,0.22466259999782778,1,0,4
E3,2026-05-08,rho_z_eta_sweep,robust_pomcp,0.0,0.3,nominal,100,5,5,0.075,0.0,10,17.0,0.21995679999236017,2,0,3
E3,2026-05-08,rho_z_eta_sweep,robust_pomcp,0.0,0.3,nominal,100,5,5,0.075,0.0,11,6.0,0.22159410000313073,1,0,4
E3,2026-05-08,rho_z_eta_sweep,robust_pomcp,0.0,0.3,nominal,100,5,5,0.075,0.0,12,-192.0,0.22408050001831725,1,2,2
E3,2026-05-08,rho_z_eta_sweep,robust_pomcp,0.0,0.3,nominal,100,5,5,0.075,0.0,13,-71.0,0.2312423000112176,3,1,1
E3,2026-05-08,rho_z_eta_sweep,robust_pomcp,0.0,0.3,nominal,100,5,5,0.075,0.0,14,28.0,0.21385810000356287,3,0,2
E3,2026-05-08,rho_z_eta_sweep,robust_pomcp,0.0,0.3,nominal,100,5,5,0.075,0.0,15,-71.0,0.252850800025044,3,1,1
E3,2026-05-08,rho_z_eta_sweep,robust_pomcp,0.0,0.3,nominal,100,5,5,0.075,0.0,16,-93.0,0.22359080001479015,1,1,3
E3,2026-05-08,rho_z_eta_sweep,robust_pomcp,0.0,0.3,nominal,100,5,5,0.075,0.0,17,17.0,0.21111100001144223,2,0,3
E3,2026-05-08,rho_z_eta_sweep,robust_pomcp,0.0,0.3,nominal,100,5,5,0.075,0.0,18,17.0,0.21719489997485653,2,0,3
E3,2026-05-08,rho_z_eta_sweep,robust_pomcp,0.0,0.3,nominal,100,5,5,0.075,0.0,19,17.0,0.21975689998362213,2,0,3
E3,2026-05-08,rho_z_eta_sweep,robust_pomcp,0.0,0.3,nominal,100,5,5,0.075,0.0,20,6.0,0.2070481000118889,1,0,4
E3,2026-05-08,rho_z_eta_sweep,robust_pomcp,0.0,0.3,nominal,100,5,5,0.075,0.0,21,-192.0,0.2222530999861192,1,2,2
E3,2026-05-08,rho_z_eta_sweep,robust_pomcp,0.0,0.3,nominal,100,5,5,0.075,0.0,22,6.0,0.21909969998523593,1,0,4
E3,2026-05-08,rho_z_eta_sweep,robust_pomcp,0.0,0.3,nominal,100,5,5,0.075,0.0,23,-104.0,0.22499550000065938,0,1,4
E3,2026-05-08,rho_z_eta_sweep,robust_pomcp,0.0,0.3,nominal,100,5,5,0.075,0.0,24,6.0,0.21468289999756962,1,0,4
E3,2026-05-08,rho_z_eta_sweep,robust_pomcp,0.0,0.3,nominal,100,5,5,0.075,0.0,25,-82.0,0.22173130000010133,2,1,2
E3,2026-05-08,rho_z_eta_sweep,robust_pomcp,0.0,0.3,nominal,100,5,5,0.075,0.0,26,6.0,0.22364969999762252,1,0,4
E3,2026-05-08,rho_z_eta_sweep,robust_pomcp,0.0,0.3,nominal,100,5,5,0.075,0.0,27,-181.0,0.24249519998556934,2,2,1
E3,2026-05-08,rho_z_eta_sweep,robust_pomcp,0.0,0.3,nominal,100,5,5,0.075,0.0,28,6.0,0.2213521999947261,1,0,4
E3,2026-05-08,rho_z_eta_sweep,robust_pomcp,0.0,0.3,nominal,100,5,5,0.075,0.0,29,17.0,0.21653279999736696,2,0,3
E3,2026-05-08,rho_z_eta_sweep,robust_pomcp,0.0,0.3,nominal,100,5,5,0.075,0.0,30,28.0,0.22064260000479408,3,0,2
E3,2026-05-08,rho_z_eta_sweep,robust_pomcp,0.0,0.3,nominal,100,5,5,0.075,0.0,31,28.0,0.2192203999729827,3,0,2
E3,2026-05-08,rho_z_eta_sweep,robust_pomcp,0.0,0.3,nominal,100,5,5,0.075,0.0,32,17.0,0.22375239999382757,2,0,3
E3,2026-05-08,rho_z_eta_sweep,robust_pomcp,0.0,0.3,nominal,100,5,5,0.075,0.0,33,28.0,0.23772510001435876,3,0,2
E3,2026-05-08,rho_z_eta_sweep,robust_pomcp,0.0,0.3,nominal,100,5,5,0.075,0.0,34,17.0,0.210833699995419,2,0,3
E3,2026-05-08,rho_z_eta_sweep,robust_pomcp,0.0,0.3,nominal,100,5,5,0.075,0.0,35,-181.0,0.22546769998734817,2,2,1
E3,2026-05-08,rho_z_eta_sweep,robust_pomcp,0.0,0.3,nominal,100,5,5,0.075,0.0,36,28.0,0.22143160001724027,3,0,2
E3,2026-05-08,rho_z_eta_sweep,robust_pomcp,0.0,0.3,nominal,100,5,5,0.075,0.0,37,-93.0,0.21802840000600554,1,1,3
E3,2026-05-08,rho_z_eta_sweep,robust_pomcp,0.0,0.3,nominal,100,5,5,0.075,0.0,38,-71.0,0.22981479999725707,3,1,1
E3,2026-05-08,rho_z_eta_sweep,robust_pomcp,0.0,0.3,nominal,100,5,5,0.075,0.0,39,-192.0,0.23245480001787655,1,2,2
E3,2026-05-08,rho_z_eta_sweep,robust_pomcp,0.0,0.3,nominal,100,5,5,0.075,0.0,40,6.0,0.2061505000165198,1,0,4
E3,2026-05-08,rho_z_eta_sweep,robust_pomcp,0.0,0.3,nominal,100,5,5,0.075,0.0,41,-82.0,0.22262970000156201,2,1,2
E3,2026-05-08,rho_z_eta_sweep,robust_pomcp,0.0,0.3,nominal,100,5,5,0.075,0.0,42,-5.0,0.23494490000302903,0,0,5
E3,2026-05-08,rho_z_eta_sweep,robust_pomcp,0.0,0.3,nominal,100,5,5,0.075,0.0,43,-192.0,0.2192988000169862,1,2,2
E3,2026-05-08,rho_z_eta_sweep,robust_pomcp,0.0,0.3,nominal,100,5,5,0.075,0.0,44,-280.0,0.22943939999095164,2,3,0
E3,2026-05-08,rho_z_eta_sweep,robust_pomcp,0.0,0.3,nominal,100,5,5,0.075,0.0,45,-82.0,0.22077629997511394,2,1,2
E3,2026-05-08,rho_z_eta_sweep,robust_pomcp,0.0,0.3,nominal,100,5,5,0.075,0.0,46,-71.0,0.23880590000771917,3,1,1
E3,2026-05-08,rho_z_eta_sweep,robust_pomcp,0.0,0.3,nominal,100,5,5,0.075,0.0,47,28.0,0.22612629999639466,3,0,2
E3,2026-05-08,rho_z_eta_sweep,robust_pomcp,0.0,0.3,nominal,100,5,5,0.075,0.0,48,-71.0,0.2264949000091292,3,1,1
E3,2026-05-08,rho_z_eta_sweep,robust_pomcp,0.0,0.3,nominal,100,5,5,0.075,0.0,49,6.0,0.22471320000477135,1,0,4
E3,2026-05-08,rho_z_eta_sweep,robust_pomcp,0.0,0.3,nominal,100,5,5,0.075,0.0,50,6.0,0.21236939998925664,1,0,4
E3,2026-05-08,rho_z_eta_sweep,robust_pomcp,0.0,0.3,nominal,100,5,5,0.075,0.0,51,6.0,0.22611600000527687,1,0,4
E3,2026-05-08,rho_z_eta_sweep,robust_pomcp,0.0,0.3,nominal,100,5,5,0.075,0.0,52,50.0,0.2233338999794796,5,0,0
E3,2026-05-08,rho_z_eta_sweep,robust_pomcp,0.0,0.3,nominal,100,5,5,0.075,0.0,53,17.0,0.2199220000184141,2,0,3
E3,2026-05-08,rho_z_eta_sweep,robust_pomcp,0.0,0.3,nominal,100,5,5,0.075,0.0,54,-280.0,0.22626909997779876,2,3,0
E3,2026-05-08,rho_z_eta_sweep,robust_pomcp,0.0,0.3,nominal,100,5,5,0.075,0.0,55,6.0,0.21418750000884756,1,0,4
E3,2026-05-08,rho_z_eta_sweep,robust_pomcp,0.0,0.3,nominal,100,5,5,0.075,0.0,56,28.0,0.22250430000713095,3,0,2
E3,2026-05-08,rho_z_eta_sweep,robust_pomcp,0.0,0.3,nominal,100,5,5,0.075,0.0,57,-5.0,0.21345270000165328,0,0,5
E3,2026-05-08,rho_z_eta_sweep,robust_pomcp,0.0,0.3,nominal,100,5,5,0.075,0.0,58,17.0,0.22215019998839125,2,0,3
E3,2026-05-08,rho_z_eta_sweep,robust_pomcp,0.0,0.3,nominal,100,5,5,0.075,0.0,59,-291.0,0.23707000000285916,1,3,1
E3,2026-05-08,rho_z_eta_sweep,robust_pomcp,0.0,0.3,nominal,100,5,5,0.075,0.0,60,17.0,0.23165750000043772,2,0,3
E3,2026-05-08,rho_z_eta_sweep,robust_pomcp,0.0,0.3,nominal,100,5,5,0.075,0.0,61,-170.0,0.2265336999844294,3,2,0
E3,2026-05-08,rho_z_eta_sweep,robust_pomcp,0.0,0.3,nominal,100,5,5,0.075,0.0,62,-82.0,0.22605529997963458,2,1,2
E3,2026-05-08,rho_z_eta_sweep,robust_pomcp,0.0,0.3,nominal,100,5,5,0.075,0.0,63,-181.0,0.22050250001484528,2,2,1
E3,2026-05-08,rho_z_eta_sweep,robust_pomcp,0.0,0.3,nominal,100,5,5,0.075,0.0,64,-302.0,0.24039789999369532,0,3,2
E3,2026-05-08,rho_z_eta_sweep,robust_pomcp,0.0,0.3,nominal,100,5,5,0.075,0.0,65,17.0,0.22245860000839457,2,0,3
E3,2026-05-08,rho_z_eta_sweep,robust_pomcp,0.0,0.3,nominal,100,5,5,0.075,0.0,66,-93.0,0.2273593999852892,1,1,3
E3,2026-05-08,rho_z_eta_sweep,robust_pomcp,0.0,0.3,nominal,100,5,5,0.075,0.0,67,-104.0,0.21076829999219626,0,1,4
E3,2026-05-08,rho_z_eta_sweep,robust_pomcp,0.0,0.3,nominal,100,5,5,0.075,0.0,68,-71.0,0.2226702000189107,3,1,1
E3,2026-05-08,rho_z_eta_sweep,robust_pomcp,0.0,0.3,nominal,100,5,5,0.075,0.0,69,6.0,0.2152977999940049,1,0,4
E3,2026-05-08,rho_z_eta_sweep,robust_pomcp,0.0,0.3,nominal,100,5,5,0.075,0.0,70,-170.0,0.23199939998448826,3,2,0
E3,2026-05-08,rho_z_eta_sweep,robust_pomcp,0.0,0.3,nominal,100,5,5,0.075,0.0,71,6.0,0.2252300000109244,1,0,4
E3,2026-05-08,rho_z_eta_sweep,robust_pomcp,0.0,0.3,nominal,100,5,5,0.075,0.0,72,28.0,0.22738890000618994,3,0,2
E3,2026-05-08,rho_z_eta_sweep,robust_pomcp,0.0,0.3,nominal,100,5,5,0.075,0.0,73,-93.0,0.24318079999648035,1,1,3
E3,2026-05-08,rho_z_eta_sweep,robust_pomcp,0.0,0.3,nominal,100,5,5,0.075,0.0,74,6.0,0.2099733000213746,1,0,4
E3,2026-05-08,rho_z_eta_sweep,robust_pomcp,0.0,0.3,nominal,100,5,5,0.075,0.0,75,39.0,0.23336009998456575,4,0,1
E3,2026-05-08,rho_z_eta_sweep,robust_pomcp,0.0,0.3,nominal,100,5,5,0.075,0.0,76,-203.0,0.2274782000167761,0,2,3
E3,2026-05-08,rho_z_eta_sweep,robust_pomcp,0.0,0.3,nominal,100,5,5,0.075,0.0,77,-104.0,0.24419500000658445,0,1,4
E3,2026-05-08,rho_z_eta_sweep,robust_pomcp,0.0,0.3,nominal,100,5,5,0.075,0.0,78,17.0,0.2211708999820985,2,0,3
E3,2026-05-08,rho_z_eta_sweep,robust_pomcp,0.0,0.3,nominal,100,5,5,0.075,0.0,79,-192.0,0.2228375000122469,1,2,2
E3,2026-05-08,rho_z_eta_sweep,robust_pomcp,0.0,0.3,nominal,100,5,5,0.075,0.0,80,6.0,0.22568699999828823,1,0,4
E3,2026-05-08,rho_z_eta_sweep,robust_pomcp,0.0,0.3,nominal,100,5,5,0.075,0.0,81,17.0,0.22386870000627823,2,0,3
E3,2026-05-08,rho_z_eta_sweep,robust_pomcp,0.0,0.3,nominal,100,5,5,0.075,0.0,82,-93.0,0.22659890001523308,1,1,3
E3,2026-05-08,rho_z_eta_sweep,robust_pomcp,0.0,0.3,nominal,100,5,5,0.075,0.0,83,28.0,0.22159719999763183,3,0,2
E3,2026-05-08,rho_z_eta_sweep,robust_pomcp,0.0,0.3,nominal,100,5,5,0.075,0.0,84,17.0,0.2085316000157036,2,0,3
E3,2026-05-08,rho_z_eta_sweep,robust_pomcp,0.0,0.3,nominal,100,5,5,0.075,0.0,85,6.0,0.22237599999061786,1,0,4
E3,2026-05-08,rho_z_eta_sweep,robust_pomcp,0.0,0.3,nominal,100,5,5,0.075,0.0,86,28.0,0.21885399997700006,3,0,2
E3,2026-05-08,rho_z_eta_sweep,robust_pomcp,0.0,0.3,nominal,100,5,5,0.075,0.0,87,-82.0,0.22896740000578575,2,1,2
E3,2026-05-08,rho_z_eta_sweep,robust_pomcp,0.0,0.3,nominal,100,5,5,0.075,0.0,88,-71.0,0.2127108999993652,3,1,1
E3,2026-05-08,rho_z_eta_sweep,robust_pomcp,0.0,0.3,nominal,100,5,5,0.075,0.0,89,6.0,0.21891630001482554,1,0,4
E3,2026-05-08,rho_z_eta_sweep,robust_pomcp,0.0,0.3,nominal,100,5,5,0.075,0.0,90,-60.0,0.22689879999961704,4,1,0
E3,2026-05-08,rho_z_eta_sweep,robust_pomcp,0.0,0.3,nominal,100,5,5,0.075,0.0,91,-93.0,0.23476839999784715,1,1,3
E3,2026-05-08,rho_z_eta_sweep,robust_pomcp,0.0,0.3,nominal,100,5,5,0.075,0.0,92,6.0,0.22252119999029674,1,0,4
E3,2026-05-08,rho_z_eta_sweep,robust_pomcp,0.0,0.3,nominal,100,5,5,0.075,0.0,93,17.0,0.22181740001542494,2,0,3
E3,2026-05-08,rho_z_eta_sweep,robust_pomcp,0.0,0.3,nominal,100,5,5,0.075,0.0,94,28.0,0.22866540000541136,3,0,2
E3,2026-05-08,rho_z_eta_sweep,robust_pomcp,0.0,0.3,nominal,100,5,5,0.075,0.0,95,28.0,0.22014960000524297,3,0,2
E3,2026-05-08,rho_z_eta_sweep,robust_pomcp,0.0,0.3,nominal,100,5,5,0.075,0.0,96,17.0,0.2295066999795381,2,0,3
E3,2026-05-08,rho_z_eta_sweep,robust_pomcp,0.0,0.3,nominal,100,5,5,0.075,0.0,97,-71.0,0.21781249999185093,3,1,1
E3,2026-05-08,rho_z_eta_sweep,robust_pomcp,0.0,0.3,nominal,100,5,5,0.075,0.0,98,-93.0,0.22444410002208315,1,1,3
E3,2026-05-08,rho_z_eta_sweep,robust_pomcp,0.0,0.3,nominal,100,5,5,0.075,0.0,99,6.0,0.21522969999932684,1,0,4
E3,2026-05-08,rho_z_eta_sweep,robust_pomcp,0.0,0.3,nominal,100,5,5,0.075,0.0,100,17.0,0.23905309999827296,2,0,3
E3,2026-05-08,rho_z_eta_sweep,robust_pomcp,0.0,0.3,nominal,100,5,5,0.1125,0.0,1,-82.0,0.22635219999938272,2,1,2
E3,2026-05-08,rho_z_eta_sweep,robust_pomcp,0.0,0.3,nominal,100,5,5,0.1125,0.0,2,-104.0,0.22001439999439754,0,1,4
E3,2026-05-08,rho_z_eta_sweep,robust_pomcp,0.0,0.3,nominal,100,5,5,0.1125,0.0,3,-181.0,0.22673210001084954,2,2,1
E3,2026-05-08,rho_z_eta_sweep,robust_pomcp,0.0,0.3,nominal,100,5,5,0.1125,0.0,4,-291.0,0.2248855000070762,1,3,1
E3,2026-05-08,rho_z_eta_sweep,robust_pomcp,0.0,0.3,nominal,100,5,5,0.1125,0.0,5,-5.0,0.24602290001348592,0,0,5
E3,2026-05-08,rho_z_eta_sweep,robust_pomcp,0.0,0.3,nominal,100,5,5,0.1125,0.0,6,-82.0,0.2190994000120554,2,1,2
E3,2026-05-08,rho_z_eta_sweep,robust_pomcp,0.0,0.3,nominal,100,5,5,0.1125,0.0,7,-82.0,0.2126892000087537,2,1,2
E3,2026-05-08,rho_z_eta_sweep,robust_pomcp,0.0,0.3,nominal,100,5,5,0.1125,0.0,8,6.0,0.2275319999898784,1,0,4
E3,2026-05-08,rho_z_eta_sweep,robust_pomcp,0.0,0.3,nominal,100,5,5,0.1125,0.0,9,17.0,0.21826210001017898,2,0,3
E3,2026-05-08,rho_z_eta_sweep,robust_pomcp,0.0,0.3,nominal,100,5,5,0.1125,0.0,10,-93.0,0.2165104000014253,1,1,3
E3,2026-05-08,rho_z_eta_sweep,robust_pomcp,0.0,0.3,nominal,100,5,5,0.1125,0.0,11,-82.0,0.22259819999453612,2,1,2
E3,2026-05-08,rho_z_eta_sweep,robust_pomcp,0.0,0.3,nominal,100,5,5,0.1125,0.0,12,-192.0,0.22391529998276383,1,2,2
E3,2026-05-08,rho_z_eta_sweep,robust_pomcp,0.0,0.3,nominal,100,5,5,0.1125,0.0,13,-5.0,0.21734010000363924,0,0,5
E3,2026-05-08,rho_z_eta_sweep,robust_pomcp,0.0,0.3,nominal,100,5,5,0.1125,0.0,14,6.0,0.22633970002061687,1,0,4
E3,2026-05-08,rho_z_eta_sweep,robust_pomcp,0.0,0.3,nominal,100,5,5,0.1125,0.0,15,-71.0,0.24208269998780452,3,1,1
E3,2026-05-08,rho_z_eta_sweep,robust_pomcp,0.0,0.3,nominal,100,5,5,0.1125,0.0,16,28.0,0.20428740000352263,3,0,2
E3,2026-05-08,rho_z_eta_sweep,robust_pomcp,0.0,0.3,nominal,100,5,5,0.1125,0.0,17,39.0,0.2088604999880772,4,0,1
E3,2026-05-08,rho_z_eta_sweep,robust_pomcp,0.0,0.3,nominal,100,5,5,0.1125,0.0,18,17.0,0.21940500001073815,2,0,3
E3,2026-05-08,rho_z_eta_sweep,robust_pomcp,0.0,0.3,nominal,100,5,5,0.1125,0.0,19,6.0,0.22593980000237934,1,0,4
E3,2026-05-08,rho_z_eta_sweep,robust_pomcp,0.0,0.3,nominal,100,5,5,0.1125,0.0,20,17.0,0.21397449998767115,2,0,3
E3,2026-05-08,rho_z_eta_sweep,robust_pomcp,0.0,0.3,nominal,100,5,5,0.1125,0.0,21,-71.0,0.22347729999455623,3,1,1
E3,2026-05-08,rho_z_eta_sweep,robust_pomcp,0.0,0.3,nominal,100,5,5,0.1125,0.0,22,-93.0,0.21729540001251735,1,1,3
E3,2026-05-08,rho_z_eta_sweep,robust_pomcp,0.0,0.3,nominal,100,5,5,0.1125,0.0,23,-82.0,0.22632690001046285,2,1,2
E3,2026-05-08,rho_z_eta_sweep,robust_pomcp,0.0,0.3,nominal,100,5,5,0.1125,0.0,24,-181.0,0.22424080001655966,2,2,1
E3,2026-05-08,rho_z_eta_sweep,robust_pomcp,0.0,0.3,nominal,100,5,5,0.1125,0.0,25,-181.0,0.23066709999693558,2,2,1
E3,2026-05-08,rho_z_eta_sweep,robust_pomcp,0.0,0.3,nominal,100,5,5,0.1125,0.0,26,28.0,0.23223870000219904,3,0,2
E3,2026-05-08,rho_z_eta_sweep,robust_pomcp,0.0,0.3,nominal,100,5,5,0.1125,0.0,27,-93.0,0.23253660000045784,1,1,3
E3,2026-05-08,rho_z_eta_sweep,robust_pomcp,0.0,0.3,nominal,100,5,5,0.1125,0.0,28,28.0,0.22755770001094788,3,0,2
E3,2026-05-08,rho_z_eta_sweep,robust_pomcp,0.0,0.3,nominal,100,5,5,0.1125,0.0,29,-5.0,0.21067630001925863,0,0,5
E3,2026-05-08,rho_z_eta_sweep,robust_pomcp,0.0,0.3,nominal,100,5,5,0.1125,0.0,30,-93.0,0.22004679997917265,1,1,3
E3,2026-05-08,rho_z_eta_sweep,robust_pomcp,0.0,0.3,nominal,100,5,5,0.1125,0.0,31,28.0,0.22105789999477565,3,0,2
E3,2026-05-08,rho_z_eta_sweep,robust_pomcp,0.0,0.3,nominal,100,5,5,0.1125,0.0,32,28.0,0.2183534000068903,3,0,2
E3,2026-05-08,rho_z_eta_sweep,robust_pomcp,0.0,0.3,nominal,100,5,5,0.1125,0.0,33,17.0,0.2286362000158988,2,0,3
E3,2026-05-08,rho_z_eta_sweep,robust_pomcp,0.0,0.3,nominal,100,5,5,0.1125,0.0,34,6.0,0.2146948000008706,1,0,4
E3,2026-05-08,rho_z_eta_sweep,robust_pomcp,0.0,0.3,nominal,100,5,5,0.1125,0.0,35,-5.0,0.215785499982303,0,0,5
E3,2026-05-08,rho_z_eta_sweep,robust_pomcp,0.0,0.3,nominal,100,5,5,0.1125,0.0,36,-82.0,0.216805200005183,2,1,2
E3,2026-05-08,rho_z_eta_sweep,robust_pomcp,0.0,0.3,nominal,100,5,5,0.1125,0.0,37,17.0,0.2132790999894496,2,0,3
E3,2026-05-08,rho_z_eta_sweep,robust_pomcp,0.0,0.3,nominal,100,5,5,0.1125,0.0,38,28.0,0.21834110000054352,3,0,2
E3,2026-05-08,rho_z_eta_sweep,robust_pomcp,0.0,0.3,nominal,100,5,5,0.1125,0.0,39,-203.0,0.2167988000146579,0,2,3
E3,2026-05-08,rho_z_eta_sweep,robust_pomcp,0.0,0.3,nominal,100,5,5,0.1125,0.0,40,17.0,0.2160448000067845,2,0,3
E3,2026-05-08,rho_z_eta_sweep,robust_pomcp,0.0,0.3,nominal,100,5,5,0.1125,0.0,41,-5.0,0.2079053999914322,0,0,5
E3,2026-05-08,rho_z_eta_sweep,robust_pomcp,0.0,0.3,nominal,100,5,5,0.1125,0.0,42,-291.0,0.22617409998201765,1,3,1
E3,2026-05-08,rho_z_eta_sweep,robust_pomcp,0.0,0.3,nominal,100,5,5,0.1125,0.0,43,-104.0,0.21139209999819286,0,1,4
E3,2026-05-08,rho_z_eta_sweep,robust_pomcp,0.0,0.3,nominal,100,5,5,0.1125,0.0,44,-291.0,0.21887419998529367,1,3,1
E3,2026-05-08,rho_z_eta_sweep,robust_pomcp,0.0,0.3,nominal,100,5,5,0.1125,0.0,45,17.0,0.21569770001224242,2,0,3
E3,2026-05-08,rho_z_eta_sweep,robust_pomcp,0.0,0.3,nominal,100,5,5,0.1125,0.0,46,28.0,0.22424239999963902,3,0,2
E3,2026-05-08,rho_z_eta_sweep,robust_pomcp,0.0,0.3,nominal,100,5,5,0.1125,0.0,47,28.0,0.219642499985639,3,0,2
E3,2026-05-08,rho_z_eta_sweep,robust_pomcp,0.0,0.3,nominal,100,5,5,0.1125,0.0,48,6.0,0.21249760000500828,1,0,4
E3,2026-05-08,rho_z_eta_sweep,robust_pomcp,0.0,0.3,nominal,100,5,5,0.1125,0.0,49,-60.0,0.23435290000634268,4,1,0
E3,2026-05-08,rho_z_eta_sweep,robust_pomcp,0.0,0.3,nominal,100,5,5,0.1125,0.0,50,-192.0,0.23430219999863766,1,2,2
E3,2026-05-08,rho_z_eta_sweep,robust_pomcp,0.0,0.3,nominal,100,5,5,0.1125,0.0,51,-93.0,0.21925580000970513,1,1,3
E3,2026-05-08,rho_z_eta_sweep,robust_pomcp,0.0,0.3,nominal,100,5,5,0.1125,0.0,52,28.0,0.21843799998168834,3,0,2
E3,2026-05-08,rho_z_eta_sweep,robust_pomcp,0.0,0.3,nominal,100,5,5,0.1125,0.0,53,17.0,0.21842520000063814,2,0,3
E3,2026-05-08,rho_z_eta_sweep,robust_pomcp,0.0,0.3,nominal,100,5,5,0.1125,0.0,54,28.0,0.23321979999309406,3,0,2
E3,2026-05-08,rho_z_eta_sweep,robust_pomcp,0.0,0.3,nominal,100,5,5,0.1125,0.0,55,17.0,0.22782110000844114,2,0,3
E3,2026-05-08,rho_z_eta_sweep,robust_pomcp,0.0,0.3,nominal,100,5,5,0.1125,0.0,56,17.0,0.2155530000163708,2,0,3
E3,2026-05-08,rho_z_eta_sweep,robust_pomcp,0.0,0.3,nominal,100,5,5,0.1125,0.0,57,28.0,0.2143000999931246,3,0,2
E3,2026-05-08,rho_z_eta_sweep,robust_pomcp,0.0,0.3,nominal,100,5,5,0.1125,0.0,58,-71.0,0.22417380000115372,3,1,1
E3,2026-05-08,rho_z_eta_sweep,robust_pomcp,0.0,0.3,nominal,100,5,5,0.1125,0.0,59,-82.0,0.2238708999939263,2,1,2
E3,2026-05-08,rho_z_eta_sweep,robust_pomcp,0.0,0.3,nominal,100,5,5,0.1125,0.0,60,-5.0,0.22677839998505078,0,0,5
E3,2026-05-08,rho_z_eta_sweep,robust_pomcp,0.0,0.3,nominal,100,5,5,0.1125,0.0,61,6.0,0.24254189999192022,1,0,4
E3,2026-05-08,rho_z_eta_sweep,robust_pomcp,0.0,0.3,nominal,100,5,5,0.1125,0.0,62,-82.0,0.23692880000453442,2,1,2
E3,2026-05-08,rho_z_eta_sweep,robust_pomcp,0.0,0.3,nominal,100,5,5,0.1125,0.0,63,-181.0,0.22498889997950755,2,2,1
E3,2026-05-08,rho_z_eta_sweep,robust_pomcp,0.0,0.3,nominal,100,5,5,0.1125,0.0,64,-302.0,0.22816659999080002,0,3,2
E3,2026-05-08,rho_z_eta_sweep,robust_pomcp,0.0,0.3,nominal,100,5,5,0.1125,0.0,65,17.0,0.2220190000080038,2,0,3
E3,2026-05-08,rho_z_eta_sweep,robust_pomcp,0.0,0.3,nominal,100,5,5,0.1125,0.0,66,-203.0,0.21099770002183504,0,2,3
E3,2026-05-08,rho_z_eta_sweep,robust_pomcp,0.0,0.3,nominal,100,5,5,0.1125,0.0,67,28.0,0.2323960000067018,3,0,2
E3,2026-05-08,rho_z_eta_sweep,robust_pomcp,0.0,0.3,nominal,100,5,5,0.1125,0.0,68,17.0,0.2400539999944158,2,0,3
E3,2026-05-08,rho_z_eta_sweep,robust_pomcp,0.0,0.3,nominal,100,5,5,0.1125,0.0,69,17.0,0.22949050000170246,2,0,3
E3,2026-05-08,rho_z_eta_sweep,robust_pomcp,0.0,0.3,nominal,100,5,5,0.1125,0.0,70,17.0,0.22006389999296516,2,0,3
E3,2026-05-08,rho_z_eta_sweep,robust_pomcp,0.0,0.3,nominal,100,5,5,0.1125,0.0,71,6.0,0.20588300001691096,1,0,4
E3,2026-05-08,rho_z_eta_sweep,robust_pomcp,0.0,0.3,nominal,100,5,5,0.1125,0.0,72,6.0,0.21165519999340177,1,0,4
E3,2026-05-08,rho_z_eta_sweep,robust_pomcp,0.0,0.3,nominal,100,5,5,0.1125,0.0,73,-192.0,0.22152819999610074,1,2,2
E3,2026-05-08,rho_z_eta_sweep,robust_pomcp,0.0,0.3,nominal,100,5,5,0.1125,0.0,74,17.0,0.21412570000393316,2,0,3
E3,2026-05-08,rho_z_eta_sweep,robust_pomcp,0.0,0.3,nominal,100,5,5,0.1125,0.0,75,17.0,0.21412799999234267,2,0,3
E3,2026-05-08,rho_z_eta_sweep,robust_pomcp,0.0,0.3,nominal,100,5,5,0.1125,0.0,76,17.0,0.2190627000236418,2,0,3
E3,2026-05-08,rho_z_eta_sweep,robust_pomcp,0.0,0.3,nominal,100,5,5,0.1125,0.0,77,-181.0,0.22723600000608712,2,2,1
E3,2026-05-08,rho_z_eta_sweep,robust_pomcp,0.0,0.3,nominal,100,5,5,0.1125,0.0,78,17.0,0.20669560000533238,2,0,3
E3,2026-05-08,rho_z_eta_sweep,robust_pomcp,0.0,0.3,nominal,100,5,5,0.1125,0.0,79,39.0,0.22029579998343252,4,0,1
E3,2026-05-08,rho_z_eta_sweep,robust_pomcp,0.0,0.3,nominal,100,5,5,0.1125,0.0,80,28.0,0.22363539997604676,3,0,2
E3,2026-05-08,rho_z_eta_sweep,robust_pomcp,0.0,0.3,nominal,100,5,5,0.1125,0.0,81,28.0,0.2272923999989871,3,0,2
E3,2026-05-08,rho_z_eta_sweep,robust_pomcp,0.0,0.3,nominal,100,5,5,0.1125,0.0,82,-291.0,0.229097700008424,1,3,1
E3,2026-05-08,rho_z_eta_sweep,robust_pomcp,0.0,0.3,nominal,100,5,5,0.1125,0.0,83,-82.0,0.24477729998761788,2,1,2
E3,2026-05-08,rho_z_eta_sweep,robust_pomcp,0.0,0.3,nominal,100,5,5,0.1125,0.0,84,17.0,0.23185559999546967,2,0,3
E3,2026-05-08,rho_z_eta_sweep,robust_pomcp,0.0,0.3,nominal,100,5,5,0.1125,0.0,85,-181.0,0.22097960000974126,2,2,1
E3,2026-05-08,rho_z_eta_sweep,robust_pomcp,0.0,0.3,nominal,100,5,5,0.1125,0.0,86,39.0,0.21918690000893548,4,0,1
E3,2026-05-08,rho_z_eta_sweep,robust_pomcp,0.0,0.3,nominal,100,5,5,0.1125,0.0,87,-71.0,0.22284850000869483,3,1,1
E3,2026-05-08,rho_z_eta_sweep,robust_pomcp,0.0,0.3,nominal,100,5,5,0.1125,0.0,88,6.0,0.2138993999978993,1,0,4
E3,2026-05-08,rho_z_eta_sweep,robust_pomcp,0.0,0.3,nominal,100,5,5,0.1125,0.0,89,17.0,0.2183974999934435,2,0,3
E3,2026-05-08,rho_z_eta_sweep,robust_pomcp,0.0,0.3,nominal,100,5,5,0.1125,0.0,90,17.0,0.2291333999892231,2,0,3
E3,2026-05-08,rho_z_eta_sweep,robust_pomcp,0.0,0.3,nominal,100,5,5,0.1125,0.0,91,-93.0,0.20742739998968318,1,1,3
E3,2026-05-08,rho_z_eta_sweep,robust_pomcp,0.0,0.3,nominal,100,5,5,0.1125,0.0,92,17.0,0.21571009999024682,2,0,3
E3,2026-05-08,rho_z_eta_sweep,robust_pomcp,0.0,0.3,nominal,100,5,5,0.1125,0.0,93,-5.0,0.20703160000266507,0,0,5
E3,2026-05-08,rho_z_eta_sweep,robust_pomcp,0.0,0.3,nominal,100,5,5,0.1125,0.0,94,17.0,0.21351620001951233,2,0,3
E3,2026-05-08,rho_z_eta_sweep,robust_pomcp,0.0,0.3,nominal,100,5,5,0.1125,0.0,95,-104.0,0.23692220001248643,0,1,4
E3,2026-05-08,rho_z_eta_sweep,robust_pomcp,0.0,0.3,nominal,100,5,5,0.1125,0.0,96,-71.0,0.2161179999820888,3,1,1
E3,2026-05-08,rho_z_eta_sweep,robust_pomcp,0.0,0.3,nominal,100,5,5,0.1125,0.0,97,-5.0,0.22017019998747855,0,0,5
E3,2026-05-08,rho_z_eta_sweep,robust_pomcp,0.0,0.3,nominal,100,5,5,0.1125,0.0,98,-104.0,0.2356545999937225,0,1,4
E3,2026-05-08,rho_z_eta_sweep,robust_pomcp,0.0,0.3,nominal,100,5,5,0.1125,0.0,99,6.0,0.22146679999423213,1,0,4
E3,2026-05-08,rho_z_eta_sweep,robust_pomcp,0.0,0.3,nominal,100,5,5,0.1125,0.0,100,17.0,0.22235970001202077,2,0,3
E3,2026-05-08,rho_z_eta_sweep,robust_pomcp,0.0,0.3,nominal,100,5,5,0.15,0.0,1,-93.0,0.233319399994798,1,1,3
E3,2026-05-08,rho_z_eta_sweep,robust_pomcp,0.0,0.3,nominal,100,5,5,0.15,0.0,2,-93.0,0.23255049998988397,1,1,3
E3,2026-05-08,rho_z_eta_sweep,robust_pomcp,0.0,0.3,nominal,100,5,5,0.15,0.0,3,-291.0,0.215720300009707,1,3,1
E3,2026-05-08,rho_z_eta_sweep,robust_pomcp,0.0,0.3,nominal,100,5,5,0.15,0.0,4,17.0,0.23163589998148382,2,0,3
E3,2026-05-08,rho_z_eta_sweep,robust_pomcp,0.0,0.3,nominal,100,5,5,0.15,0.0,5,28.0,0.24722779999137856,3,0,2
E3,2026-05-08,rho_z_eta_sweep,robust_pomcp,0.0,0.3,nominal,100,5,5,0.15,0.0,6,-181.0,0.23445320001337677,2,2,1
E3,2026-05-08,rho_z_eta_sweep,robust_pomcp,0.0,0.3,nominal,100,5,5,0.15,0.0,7,39.0,0.22647550000692718,4,0,1
E3,2026-05-08,rho_z_eta_sweep,robust_pomcp,0.0,0.3,nominal,100,5,5,0.15,0.0,8,39.0,0.23067459999583662,4,0,1
E3,2026-05-08,rho_z_eta_sweep,robust_pomcp,0.0,0.3,nominal,100,5,5,0.15,0.0,9,-82.0,0.2205416999931913,2,1,2
E3,2026-05-08,rho_z_eta_sweep,robust_pomcp,0.0,0.3,nominal,100,5,5,0.15,0.0,10,-291.0,0.217459500010591,1,3,1
E3,2026-05-08,rho_z_eta_sweep,robust_pomcp,0.0,0.3,nominal,100,5,5,0.15,0.0,11,-82.0,0.22172720002708957,2,1,2
E3,2026-05-08,rho_z_eta_sweep,robust_pomcp,0.0,0.3,nominal,100,5,5,0.15,0.0,12,-82.0,0.22127609999733977,2,1,2
E3,2026-05-08,rho_z_eta_sweep,robust_pomcp,0.0,0.3,nominal,100,5,5,0.15,0.0,13,17.0,0.23301989998435602,2,0,3
E3,2026-05-08,rho_z_eta_sweep,robust_pomcp,0.0,0.3,nominal,100,5,5,0.15,0.0,14,17.0,0.22143019997747615,2,0,3
E3,2026-05-08,rho_z_eta_sweep,robust_pomcp,0.0,0.3,nominal,100,5,5,0.15,0.0,15,-93.0,0.25315919998683967,1,1,3
E3,2026-05-08,rho_z_eta_sweep,robust_pomcp,0.0,0.3,nominal,100,5,5,0.15,0.0,16,17.0,0.22201149997999892,2,0,3
E3,2026-05-08,rho_z_eta_sweep,robust_pomcp,0.0,0.3,nominal,100,5,5,0.15,0.0,17,-5.0,0.22785840000142343,0,0,5
E3,2026-05-08,rho_z_eta_sweep,robust_pomcp,0.0,0.3,nominal,100,5,5,0.15,0.0,18,-291.0,0.24517639999976382,1,3,1
E3,2026-05-08,rho_z_eta_sweep,robust_pomcp,0.0,0.3,nominal,100,5,5,0.15,0.0,19,6.0,0.2234547000261955,1,0,4
E3,2026-05-08,rho_z_eta_sweep,robust_pomcp,0.0,0.3,nominal,100,5,5,0.15,0.0,20,39.0,0.23139459997764789,4,0,1
E3,2026-05-08,rho_z_eta_sweep,robust_pomcp,0.0,0.3,nominal,100,5,5,0.15,0.0,21,6.0,0.2337831000040751,1,0,4
E3,2026-05-08,rho_z_eta_sweep,robust_pomcp,0.0,0.3,nominal,100,5,5,0.15,0.0,22,17.0,0.23946349998004735,2,0,3
E3,2026-05-08,rho_z_eta_sweep,robust_pomcp,0.0,0.3,nominal,100,5,5,0.15,0.0,23,-192.0,0.23559309999109246,1,2,2
E3,2026-05-08,rho_z_eta_sweep,robust_pomcp,0.0,0.3,nominal,100,5,5,0.15,0.0,24,-71.0,0.21933769999304786,3,1,1
E3,2026-05-08,rho_z_eta_sweep,robust_pomcp,0.0,0.3,nominal,100,5,5,0.15,0.0,25,-181.0,0.22687810001662,2,2,1
E3,2026-05-08,rho_z_eta_sweep,robust_pomcp,0.0,0.3,nominal,100,5,5,0.15,0.0,26,17.0,0.2305966999847442,2,0,3
E3,2026-05-08,rho_z_eta_sweep,robust_pomcp,0.0,0.3,nominal,100,5,5,0.15,0.0,27,-93.0,0.22552499998710118,1,1,3
E3,2026-05-08,rho_z_eta_sweep,robust_pomcp,0.0,0.3,nominal,100,5,5,0.15,0.0,28,-104.0,0.2201299000007566,0,1,4
E3,2026-05-08,rho_z_eta_sweep,robust_pomcp,0.0,0.3,nominal,100,5,5,0.15,0.0,29,6.0,0.2141680000058841,1,0,4
E3,2026-05-08,rho_z_eta_sweep,robust_pomcp,0.0,0.3,nominal,100,5,5,0.15,0.0,30,17.0,0.2406360000022687,2,0,3
E3,2026-05-08,rho_z_eta_sweep,robust_pomcp,0.0,0.3,nominal,100,5,5,0.15,0.0,31,17.0,0.26881300000241026,2,0,3
E3,2026-05-08,rho_z_eta_sweep,robust_pomcp,0.0,0.3,nominal,100,5,5,0.15,0.0,32,39.0,0.23136859998339787,4,0,1
E3,2026-05-08,rho_z_eta_sweep,robust_pomcp,0.0,0.3,nominal,100,5,5,0.15,0.0,33,-104.0,0.23979660001350567,0,1,4
E3,2026-05-08,rho_z_eta_sweep,robust_pomcp,0.0,0.3,nominal,100,5,5,0.15,0.0,34,39.0,0.2288799999805633,4,0,1
E3,2026-05-08,rho_z_eta_sweep,robust_pomcp,0.0,0.3,nominal,100,5,5,0.15,0.0,35,6.0,0.22230039999703877,1,0,4
E3,2026-05-08,rho_z_eta_sweep,robust_pomcp,0.0,0.3,nominal,100,5,5,0.15,0.0,36,-82.0,0.22006180000607856,2,1,2
E3,2026-05-08,rho_z_eta_sweep,robust_pomcp,0.0,0.3,nominal,100,5,5,0.15,0.0,37,-82.0,0.22910940001020208,2,1,2
E3,2026-05-08,rho_z_eta_sweep,robust_pomcp,0.0,0.3,nominal,100,5,5,0.15,0.0,38,-82.0,0.22078370000235736,2,1,2
E3,2026-05-08,rho_z_eta_sweep,robust_pomcp,0.0,0.3,nominal,100,5,5,0.15,0.0,39,-203.0,0.23015489999670535,0,2,3
E3,2026-05-08,rho_z_eta_sweep,robust_pomcp,0.0,0.3,nominal,100,5,5,0.15,0.0,40,39.0,0.2356364000006579,4,0,1
E3,2026-05-08,rho_z_eta_sweep,robust_pomcp,0.0,0.3,nominal,100,5,5,0.15,0.0,41,-104.0,0.21661089998087846,0,1,4
E3,2026-05-08,rho_z_eta_sweep,robust_pomcp,0.0,0.3,nominal,100,5,5,0.15,0.0,42,-192.0,0.2168965000018943,1,2,2
E3,2026-05-08,rho_z_eta_sweep,robust_pomcp,0.0,0.3,nominal,100,5,5,0.15,0.0,43,17.0,0.21865220001200214,2,0,3
E3,2026-05-08,rho_z_eta_sweep,robust_pomcp,0.0,0.3,nominal,100,5,5,0.15,0.0,44,-82.0,0.2260668000089936,2,1,2
E3,2026-05-08,rho_z_eta_sweep,robust_pomcp,0.0,0.3,nominal,100,5,5,0.15,0.0,45,6.0,0.225380399991991,1,0,4
E3,2026-05-08,rho_z_eta_sweep,robust_pomcp,0.0,0.3,nominal,100,5,5,0.15,0.0,46,-82.0,0.2187483000161592,2,1,2
E3,2026-05-08,rho_z_eta_sweep,robust_pomcp,0.0,0.3,nominal,100,5,5,0.15,0.0,47,-93.0,0.34553500000038184,1,1,3
E3,2026-05-08,rho_z_eta_sweep,robust_pomcp,0.0,0.3,nominal,100,5,5,0.15,0.0,48,-71.0,0.23501020000549033,3,1,1
E3,2026-05-08,rho_z_eta_sweep,robust_pomcp,0.0,0.3,nominal,100,5,5,0.15,0.0,49,6.0,0.21263449999969453,1,0,4
E3,2026-05-08,rho_z_eta_sweep,robust_pomcp,0.0,0.3,nominal,100,5,5,0.15,0.0,50,-203.0,0.23788060000515543,0,2,3
E3,2026-05-08,rho_z_eta_sweep,robust_pomcp,0.0,0.3,nominal,100,5,5,0.15,0.0,51,-71.0,0.23130079999100417,3,1,1
E3,2026-05-08,rho_z_eta_sweep,robust_pomcp,0.0,0.3,nominal,100,5,5,0.15,0.0,52,28.0,0.22950739998486824,3,0,2
E3,2026-05-08,rho_z_eta_sweep,robust_pomcp,0.0,0.3,nominal,100,5,5,0.15,0.0,53,28.0,0.23165019997395575,3,0,2
E3,2026-05-08,rho_z_eta_sweep,robust_pomcp,0.0,0.3,nominal,100,5,5,0.15,0.0,54,-181.0,0.2390771000063978,2,2,1
E3,2026-05-08,rho_z_eta_sweep,robust_pomcp,0.0,0.3,nominal,100,5,5,0.15,0.0,55,-82.0,0.2185958999907598,2,1,2
E3,2026-05-08,rho_z_eta_sweep,robust_pomcp,0.0,0.3,nominal,100,5,5,0.15,0.0,56,6.0,0.22111020001466386,1,0,4
E3,2026-05-08,rho_z_eta_sweep,robust_pomcp,0.0,0.3,nominal,100,5,5,0.15,0.0,57,-82.0,0.221475600003032,2,1,2
E3,2026-05-08,rho_z_eta_sweep,robust_pomcp,0.0,0.3,nominal,100,5,5,0.15,0.0,58,-181.0,0.22909189999336377,2,2,1
E3,2026-05-08,rho_z_eta_sweep,robust_pomcp,0.0,0.3,nominal,100,5,5,0.15,0.0,59,-82.0,0.22961959999520332,2,1,2
E3,2026-05-08,rho_z_eta_sweep,robust_pomcp,0.0,0.3,nominal,100,5,5,0.15,0.0,60,-71.0,0.23288039999897592,3,1,1
E3,2026-05-08,rho_z_eta_sweep,robust_pomcp,0.0,0.3,nominal,100,5,5,0.15,0.0,61,6.0,0.22552529998938553,1,0,4
E3,2026-05-08,rho_z_eta_sweep,robust_pomcp,0.0,0.3,nominal,100,5,5,0.15,0.0,62,-93.0,0.2236263999948278,1,1,3
E3,2026-05-08,rho_z_eta_sweep,robust_pomcp,0.0,0.3,nominal,100,5,5,0.15,0.0,63,-181.0,0.22565869998652488,2,2,1
E3,2026-05-08,rho_z_eta_sweep,robust_pomcp,0.0,0.3,nominal,100,5,5,0.15,0.0,64,-302.0,0.24941970000509173,0,3,2
E3,2026-05-08,rho_z_eta_sweep,robust_pomcp,0.0,0.3,nominal,100,5,5,0.15,0.0,65,17.0,0.2230627000099048,2,0,3
E3,2026-05-08,rho_z_eta_sweep,robust_pomcp,0.0,0.3,nominal,100,5,5,0.15,0.0,66,-71.0,0.23520870000356808,3,1,1
E3,2026-05-08,rho_z_eta_sweep,robust_pomcp,0.0,0.3,nominal,100,5,5,0.15,0.0,67,-82.0,0.22902450000401586,2,1,2
E3,2026-05-08,rho_z_eta_sweep,robust_pomcp,0.0,0.3,nominal,100,5,5,0.15,0.0,68,-93.0,0.2305192000058014,1,1,3
E3,2026-05-08,rho_z_eta_sweep,robust_pomcp,0.0,0.3,nominal,100,5,5,0.15,0.0,69,-181.0,0.22959550001542084,2,2,1
E3,2026-05-08,rho_z_eta_sweep,robust_pomcp,0.0,0.3,nominal,100,5,5,0.15,0.0,70,-93.0,0.2267135000147391,1,1,3
E3,2026-05-08,rho_z_eta_sweep,robust_pomcp,0.0,0.3,nominal,100,5,5,0.15,0.0,71,-192.0,0.23546100000385195,1,2,2
E3,2026-05-08,rho_z_eta_sweep,robust_pomcp,0.0,0.3,nominal,100,5,5,0.15,0.0,72,28.0,0.24051379997399636,3,0,2
E3,2026-05-08,rho_z_eta_sweep,robust_pomcp,0.0,0.3,nominal,100,5,5,0.15,0.0,73,6.0,0.22378199998638593,1,0,4
E3,2026-05-08,rho_z_eta_sweep,robust_pomcp,0.0,0.3,nominal,100,5,5,0.15,0.0,74,6.0,0.24126569999498315,1,0,4
E3,2026-05-08,rho_z_eta_sweep,robust_pomcp,0.0,0.3,nominal,100,5,5,0.15,0.0,75,-203.0,0.23512009999831207,0,2,3
E3,2026-05-08,rho_z_eta_sweep,robust_pomcp,0.0,0.3,nominal,100,5,5,0.15,0.0,76,-192.0,0.2279190999979619,1,2,2
E3,2026-05-08,rho_z_eta_sweep,robust_pomcp,0.0,0.3,nominal,100,5,5,0.15,0.0,77,-5.0,0.22295470000244677,0,0,5
E3,2026-05-08,rho_z_eta_sweep,robust_pomcp,0.0,0.3,nominal,100,5,5,0.15,0.0,78,17.0,0.23797439999179915,2,0,3
E3,2026-05-08,rho_z_eta_sweep,robust_pomcp,0.0,0.3,nominal,100,5,5,0.15,0.0,79,28.0,0.22212489999947138,3,0,2
E3,2026-05-08,rho_z_eta_sweep,robust_pomcp,0.0,0.3,nominal,100,5,5,0.15,0.0,80,39.0,0.22423469999921508,4,0,1
E3,2026-05-08,rho_z_eta_sweep,robust_pomcp,0.0,0.3,nominal,100,5,5,0.15,0.0,81,6.0,0.21581419999711215,1,0,4
E3,2026-05-08,rho_z_eta_sweep,robust_pomcp,0.0,0.3,nominal,100,5,5,0.15,0.0,82,-93.0,0.21880279999459162,1,1,3
E3,2026-05-08,rho_z_eta_sweep,robust_pomcp,0.0,0.3,nominal,100,5,5,0.15,0.0,83,-192.0,0.22645259997807443,1,2,2
E3,2026-05-08,rho_z_eta_sweep,robust_pomcp,0.0,0.3,nominal,100,5,5,0.15,0.0,84,-5.0,0.21828699999605305,0,0,5
E3,2026-05-08,rho_z_eta_sweep,robust_pomcp,0.0,0.3,nominal,100,5,5,0.15,0.0,85,-192.0,0.23659710001084022,1,2,2
E3,2026-05-08,rho_z_eta_sweep,robust_pomcp,0.0,0.3,nominal,100,5,5,0.15,0.0,86,17.0,0.21941039999364875,2,0,3
E3,2026-05-08,rho_z_eta_sweep,robust_pomcp,0.0,0.3,nominal,100,5,5,0.15,0.0,87,-104.0,0.21130180000909604,0,1,4
E3,2026-05-08,rho_z_eta_sweep,robust_pomcp,0.0,0.3,nominal,100,5,5,0.15,0.0,88,-82.0,0.22205760001088493,2,1,2
E3,2026-05-08,rho_z_eta_sweep,robust_pomcp,0.0,0.3,nominal,100,5,5,0.15,0.0,89,17.0,0.2351446999819018,2,0,3
E3,2026-05-08,rho_z_eta_sweep,robust_pomcp,0.0,0.3,nominal,100,5,5,0.15,0.0,90,17.0,0.22393759997794405,2,0,3
E3,2026-05-08,rho_z_eta_sweep,robust_pomcp,0.0,0.3,nominal,100,5,5,0.15,0.0,91,28.0,0.22044330000062473,3,0,2
E3,2026-05-08,rho_z_eta_sweep,robust_pomcp,0.0,0.3,nominal,100,5,5,0.15,0.0,92,-82.0,0.2284518999804277,2,1,2
E3,2026-05-08,rho_z_eta_sweep,robust_pomcp,0.0,0.3,nominal,100,5,5,0.15,0.0,93,17.0,0.2112671000068076,2,0,3
E3,2026-05-08,rho_z_eta_sweep,robust_pomcp,0.0,0.3,nominal,100,5,5,0.15,0.0,94,39.0,0.2229249000083655,4,0,1
E3,2026-05-08,rho_z_eta_sweep,robust_pomcp,0.0,0.3,nominal,100,5,5,0.15,0.0,95,-82.0,0.2376626000041142,2,1,2
E3,2026-05-08,rho_z_eta_sweep,robust_pomcp,0.0,0.3,nominal,100,5,5,0.15,0.0,96,-93.0,0.22103360001347028,1,1,3
E3,2026-05-08,rho_z_eta_sweep,robust_pomcp,0.0,0.3,nominal,100,5,5,0.15,0.0,97,-181.0,0.21740029999637045,2,2,1
E3,2026-05-08,rho_z_eta_sweep,robust_pomcp,0.0,0.3,nominal,100,5,5,0.15,0.0,98,-93.0,0.21099220000905916,1,1,3
E3,2026-05-08,rho_z_eta_sweep,robust_pomcp,0.0,0.3,nominal,100,5,5,0.15,0.0,99,-93.0,0.2415614000055939,1,1,3
E3,2026-05-08,rho_z_eta_sweep,robust_pomcp,0.0,0.3,nominal,100,5,5,0.15,0.0,100,-192.0,0.22895489999791607,1,2,2
E3,2026-05-08,rho_z_eta_sweep,BasicPOMCP,0.0,0.0,nominal,100,5,5,0.0,0.0,1,6.0,0.03198780000093393,1,0,4
E3,2026-05-08,rho_z_eta_sweep,BasicPOMCP,0.0,0.0,nominal,100,5,5,0.0,0.0,2,-192.0,0.03061449999222532,1,2,2
E3,2026-05-08,rho_z_eta_sweep,BasicPOMCP,0.0,0.0,nominal,100,5,5,0.0,0.0,3,-82.0,0.03092249998007901,2,1,2
E3,2026-05-08,rho_z_eta_sweep,BasicPOMCP,0.0,0.0,nominal,100,5,5,0.0,0.0,4,-82.0,0.03067829998326488,2,1,2
E3,2026-05-08,rho_z_eta_sweep,BasicPOMCP,0.0,0.0,nominal,100,5,5,0.0,0.0,5,28.0,0.03023960001883097,3,0,2
E3,2026-05-08,rho_z_eta_sweep,BasicPOMCP,0.0,0.0,nominal,100,5,5,0.0,0.0,6,6.0,0.030859800026519224,1,0,4
E3,2026-05-08,rho_z_eta_sweep,BasicPOMCP,0.0,0.0,nominal,100,5,5,0.0,0.0,7,6.0,0.03010929998708889,1,0,4
E3,2026-05-08,rho_z_eta_sweep,BasicPOMCP,0.0,0.0,nominal,100,5,5,0.0,0.0,8,28.0,0.030696900008479133,3,0,2
E3,2026-05-08,rho_z_eta_sweep,BasicPOMCP,0.0,0.0,nominal,100,5,5,0.0,0.0,9,17.0,0.055597799975657836,2,0,3
E3,2026-05-08,rho_z_eta_sweep,BasicPOMCP,0.0,0.0,nominal,100,5,5,0.0,0.0,10,39.0,0.030810600001132116,4,0,1
E3,2026-05-08,rho_z_eta_sweep,BasicPOMCP,0.0,0.0,nominal,100,5,5,0.0,0.0,11,-82.0,0.031170700007351115,2,1,2
E3,2026-05-08,rho_z_eta_sweep,BasicPOMCP,0.0,0.0,nominal,100,5,5,0.0,0.0,12,-93.0,0.03609470001538284,1,1,3
E3,2026-05-08,rho_z_eta_sweep,BasicPOMCP,0.0,0.0,nominal,100,5,5,0.0,0.0,13,6.0,0.03486819998943247,1,0,4
E3,2026-05-08,rho_z_eta_sweep,BasicPOMCP,0.0,0.0,nominal,100,5,5,0.0,0.0,14,28.0,0.03545900000608526,3,0,2
E3,2026-05-08,rho_z_eta_sweep,BasicPOMCP,0.0,0.0,nominal,100,5,5,0.0,0.0,15,-181.0,0.030381100019440055,2,2,1
E3,2026-05-08,rho_z_eta_sweep,BasicPOMCP,0.0,0.0,nominal,100,5,5,0.0,0.0,16,-5.0,0.030373300018254668,0,0,5
E3,2026-05-08,rho_z_eta_sweep,BasicPOMCP,0.0,0.0,nominal,100,5,5,0.0,0.0,17,17.0,0.03066780001972802,2,0,3
E3,2026-05-08,rho_z_eta_sweep,BasicPOMCP,0.0,0.0,nominal,100,5,5,0.0,0.0,18,-93.0,0.030631300003733486,1,1,3
E3,2026-05-08,rho_z_eta_sweep,BasicPOMCP,0.0,0.0,nominal,100,5,5,0.0,0.0,19,28.0,0.030407599988393486,3,0,2
E3,2026-05-08,rho_z_eta_sweep,BasicPOMCP,0.0,0.0,nominal,100,5,5,0.0,0.0,20,17.0,0.030701099982252344,2,0,3
E3,2026-05-08,rho_z_eta_sweep,BasicPOMCP,0.0,0.0,nominal,100,5,5,0.0,0.0,21,-93.0,0.03063510000356473,1,1,3
E3,2026-05-08,rho_z_eta_sweep,BasicPOMCP,0.0,0.0,nominal,100,5,5,0.0,0.0,22,-71.0,0.02991479999036528,3,1,1
E3,2026-05-08,rho_z_eta_sweep,BasicPOMCP,0.0,0.0,nominal,100,5,5,0.0,0.0,23,-181.0,0.03039209998678416,2,2,1
E3,2026-05-08,rho_z_eta_sweep,BasicPOMCP,0.0,0.0,nominal,100,5,5,0.0,0.0,24,6.0,0.05227850002120249,1,0,4
E3,2026-05-08,rho_z_eta_sweep,BasicPOMCP,0.0,0.0,nominal,100,5,5,0.0,0.0,25,28.0,0.030385200021555647,3,0,2
E3,2026-05-08,rho_z_eta_sweep,BasicPOMCP,0.0,0.0,nominal,100,5,5,0.0,0.0,26,17.0,0.033617000008234754,2,0,3
E3,2026-05-08,rho_z_eta_sweep,BasicPOMCP,0.0,0.0,nominal,100,5,5,0.0,0.0,27,-280.0,0.03345879999687895,2,3,0
E3,2026-05-08,rho_z_eta_sweep,BasicPOMCP,0.0,0.0,nominal,100,5,5,0.0,0.0,28,-170.0,0.03009159999783151,3,2,0
E3,2026-05-08,rho_z_eta_sweep,BasicPOMCP,0.0,0.0,nominal,100,5,5,0.0,0.0,29,17.0,0.03100570000242442,2,0,3
E3,2026-05-08,rho_z_eta_sweep,BasicPOMCP,0.0,0.0,nominal,100,5,5,0.0,0.0,30,6.0,0.030894100025761873,1,0,4
E3,2026-05-08,rho_z_eta_sweep,BasicPOMCP,0.0,0.0,nominal,100,5,5,0.0,0.0,31,-82.0,0.03331970001454465,2,1,2
E3,2026-05-08,rho_z_eta_sweep,BasicPOMCP,0.0,0.0,nominal,100,5,5,0.0,0.0,32,17.0,0.03359250002540648,2,0,3
E3,2026-05-08,rho_z_eta_sweep,BasicPOMCP,0.0,0.0,nominal,100,5,5,0.0,0.0,33,39.0,0.030461499991361052,4,0,1
E3,2026-05-08,rho_z_eta_sweep,BasicPOMCP,0.0,0.0,nominal,100,5,5,0.0,0.0,34,17.0,0.030504299997119233,2,0,3
E3,2026-05-08,rho_z_eta_sweep,BasicPOMCP,0.0,0.0,nominal,100,5,5,0.0,0.0,35,-93.0,0.031012299994472414,1,1,3
E3,2026-05-08,rho_z_eta_sweep,BasicPOMCP,0.0,0.0,nominal,100,5,5,0.0,0.0,36,-93.0,0.031191899994155392,1,1,3
E3,2026-05-08,rho_z_eta_sweep,BasicPOMCP,0.0,0.0,nominal,100,5,5,0.0,0.0,37,-82.0,0.030515499995090067,2,1,2
E3,2026-05-08,rho_z_eta_sweep,BasicPOMCP,0.0,0.0,nominal,100,5,5,0.0,0.0,38,-93.0,0.030570500006433576,1,1,3
E3,2026-05-08,rho_z_eta_sweep,BasicPOMCP,0.0,0.0,nominal,100,5,5,0.0,0.0,39,-82.0,0.049447800003690645,2,1,2
E3,2026-05-08,rho_z_eta_sweep,BasicPOMCP,0.0,0.0,nominal,100,5,5,0.0,0.0,40,-181.0,0.030673100001877174,2,2,1
E3,2026-05-08,rho_z_eta_sweep,BasicPOMCP,0.0,0.0,nominal,100,5,5,0.0,0.0,41,-104.0,0.030838700011372566,0,1,4
E3,2026-05-08,rho_z_eta_sweep,BasicPOMCP,0.0,0.0,nominal,100,5,5,0.0,0.0,42,-93.0,0.03021870000520721,1,1,3
E3,2026-05-08,rho_z_eta_sweep,BasicPOMCP,0.0,0.0,nominal,100,5,5,0.0,0.0,43,-82.0,0.03047669999068603,2,1,2
E3,2026-05-08,rho_z_eta_sweep,BasicPOMCP,0.0,0.0,nominal,100,5,5,0.0,0.0,44,-82.0,0.03511389999766834,2,1,2
E3,2026-05-08,rho_z_eta_sweep,BasicPOMCP,0.0,0.0,nominal,100,5,5,0.0,0.0,45,28.0,0.03163060001679696,3,0,2
E3,2026-05-08,rho_z_eta_sweep,BasicPOMCP,0.0,0.0,nominal,100,5,5,0.0,0.0,46,17.0,0.03015820001019165,2,0,3
E3,2026-05-08,rho_z_eta_sweep,BasicPOMCP,0.0,0.0,nominal,100,5,5,0.0,0.0,47,-93.0,0.03067659999942407,1,1,3
E3,2026-05-08,rho_z_eta_sweep,BasicPOMCP,0.0,0.0,nominal,100,5,5,0.0,0.0,48,17.0,0.03072700000484474,2,0,3
E3,2026-05-08,rho_z_eta_sweep,BasicPOMCP,0.0,0.0,nominal,100,5,5,0.0,0.0,49,6.0,0.03041900001699105,1,0,4
E3,2026-05-08,rho_z_eta_sweep,BasicPOMCP,0.0,0.0,nominal,100,5,5,0.0,0.0,50,17.0,0.031484899984207004,2,0,3
E3,2026-05-08,rho_z_eta_sweep,BasicPOMCP,0.0,0.0,nominal,100,5,5,0.0,0.0,51,39.0,0.0409059000085108,4,0,1
E3,2026-05-08,rho_z_eta_sweep,BasicPOMCP,0.0,0.0,nominal,100,5,5,0.0,0.0,52,-5.0,0.049840799998492,0,0,5
E3,2026-05-08,rho_z_eta_sweep,BasicPOMCP,0.0,0.0,nominal,100,5,5,0.0,0.0,53,17.0,0.036086699983570725,2,0,3
E3,2026-05-08,rho_z_eta_sweep,BasicPOMCP,0.0,0.0,nominal,100,5,5,0.0,0.0,54,6.0,0.034387399995466694,1,0,4
E3,2026-05-08,rho_z_eta_sweep,BasicPOMCP,0.0,0.0,nominal,100,5,5,0.0,0.0,55,-93.0,0.03459140000632033,1,1,3
E3,2026-05-08,rho_z_eta_sweep,BasicPOMCP,0.0,0.0,nominal,100,5,5,0.0,0.0,56,6.0,0.03004569999757223,1,0,4
E3,2026-05-08,rho_z_eta_sweep,BasicPOMCP,0.0,0.0,nominal,100,5,5,0.0,0.0,57,17.0,0.030150299979140982,2,0,3
E3,2026-05-08,rho_z_eta_sweep,BasicPOMCP,0.0,0.0,nominal,100,5,5,0.0,0.0,58,-82.0,0.030288699985248968,2,1,2
E3,2026-05-08,rho_z_eta_sweep,BasicPOMCP,0.0,0.0,nominal,100,5,5,0.0,0.0,59,-93.0,0.03008270001737401,1,1,3
E3,2026-05-08,rho_z_eta_sweep,BasicPOMCP,0.0,0.0,nominal,100,5,5,0.0,0.0,60,17.0,0.03267779998714104,2,0,3
E3,2026-05-08,rho_z_eta_sweep,BasicPOMCP,0.0,0.0,nominal,100,5,5,0.0,0.0,61,6.0,0.03332890002639033,1,0,4
E3,2026-05-08,rho_z_eta_sweep,BasicPOMCP,0.0,0.0,nominal,100,5,5,0.0,0.0,62,-82.0,0.036456999980146065,2,1,2
E3,2026-05-08,rho_z_eta_sweep,BasicPOMCP,0.0,0.0,nominal,100,5,5,0.0,0.0,63,17.0,0.03084110000054352,2,0,3
E3,2026-05-08,rho_z_eta_sweep,BasicPOMCP,0.0,0.0,nominal,100,5,5,0.0,0.0,64,-93.0,0.03321480000158772,1,1,3
E3,2026-05-08,rho_z_eta_sweep,BasicPOMCP,0.0,0.0,nominal,100,5,5,0.0,0.0,65,6.0,0.029998299985891208,1,0,4
E3,2026-05-08,rho_z_eta_sweep,BasicPOMCP,0.0,0.0,nominal,100,5,5,0.0,0.0,66,-104.0,0.030036300013307482,0,1,4
E3,2026-05-08,rho_z_eta_sweep,BasicPOMCP,0.0,0.0,nominal,100,5,5,0.0,0.0,67,17.0,0.02991800001473166,2,0,3
E3,2026-05-08,rho_z_eta_sweep,BasicPOMCP,0.0,0.0,nominal,100,5,5,0.0,0.0,68,6.0,0.03272829999332316,1,0,4
E3,2026-05-08,rho_z_eta_sweep,BasicPOMCP,0.0,0.0,nominal,100,5,5,0.0,0.0,69,-82.0,0.05675560000236146,2,1,2
E3,2026-05-08,rho_z_eta_sweep,BasicPOMCP,0.0,0.0,nominal,100,5,5,0.0,0.0,70,17.0,0.03747280000243336,2,0,3
E3,2026-05-08,rho_z_eta_sweep,BasicPOMCP,0.0,0.0,nominal,100,5,5,0.0,0.0,71,17.0,0.030134699976770207,2,0,3
E3,2026-05-08,rho_z_eta_sweep,BasicPOMCP,0.0,0.0,nominal,100,5,5,0.0,0.0,72,17.0,0.029942599998321384,2,0,3
E3,2026-05-08,rho_z_eta_sweep,BasicPOMCP,0.0,0.0,nominal,100,5,5,0.0,0.0,73,17.0,0.029861000017262995,2,0,3
E3,2026-05-08,rho_z_eta_sweep,BasicPOMCP,0.0,0.0,nominal,100,5,5,0.0,0.0,74,28.0,0.030693800013978034,3,0,2
E3,2026-05-08,rho_z_eta_sweep,BasicPOMCP,0.0,0.0,nominal,100,5,5,0.0,0.0,75,-203.0,0.030791900004260242,0,2,3
E3,2026-05-08,rho_z_eta_sweep,BasicPOMCP,0.0,0.0,nominal,100,5,5,0.0,0.0,76,-93.0,0.03179110001656227,1,1,3
E3,2026-05-08,rho_z_eta_sweep,BasicPOMCP,0.0,0.0,nominal,100,5,5,0.0,0.0,77,6.0,0.030160199996316805,1,0,4
E3,2026-05-08,rho_z_eta_sweep,BasicPOMCP,0.0,0.0,nominal,100,5,5,0.0,0.0,78,-71.0,0.035043600015342236,3,1,1
E3,2026-05-08,rho_z_eta_sweep,BasicPOMCP,0.0,0.0,nominal,100,5,5,0.0,0.0,79,-104.0,0.03617520001716912,0,1,4
E3,2026-05-08,rho_z_eta_sweep,BasicPOMCP,0.0,0.0,nominal,100,5,5,0.0,0.0,80,-5.0,0.035171099996659905,0,0,5
E3,2026-05-08,rho_z_eta_sweep,BasicPOMCP,0.0,0.0,nominal,100,5,5,0.0,0.0,81,-82.0,0.03054770000744611,2,1,2
E3,2026-05-08,rho_z_eta_sweep,BasicPOMCP,0.0,0.0,nominal,100,5,5,0.0,0.0,82,6.0,0.05041500000515953,1,0,4
E3,2026-05-08,rho_z_eta_sweep,BasicPOMCP,0.0,0.0,nominal,100,5,5,0.0,0.0,83,-291.0,0.030019699974218383,1,3,1
E3,2026-05-08,rho_z_eta_sweep,BasicPOMCP,0.0,0.0,nominal,100,5,5,0.0,0.0,84,6.0,0.031312600011006,1,0,4
E3,2026-05-08,rho_z_eta_sweep,BasicPOMCP,0.0,0.0,nominal,100,5,5,0.0,0.0,85,-82.0,0.030583999992813915,2,1,2
E3,2026-05-08,rho_z_eta_sweep,BasicPOMCP,0.0,0.0,nominal,100,5,5,0.0,0.0,86,-71.0,0.030298099998617545,3,1,1
E3,2026-05-08,rho_z_eta_sweep,BasicPOMCP,0.0,0.0,nominal,100,5,5,0.0,0.0,87,-71.0,0.03053119999822229,3,1,1
E3,2026-05-08,rho_z_eta_sweep,BasicPOMCP,0.0,0.0,nominal,100,5,5,0.0,0.0,88,28.0,0.03014449999318458,3,0,2
E3,2026-05-08,rho_z_eta_sweep,BasicPOMCP,0.0,0.0,nominal,100,5,5,0.0,0.0,89,28.0,0.03028079998330213,3,0,2
E3,2026-05-08,rho_z_eta_sweep,BasicPOMCP,0.0,0.0,nominal,100,5,5,0.0,0.0,90,-82.0,0.030474600003799424,2,1,2
E3,2026-05-08,rho_z_eta_sweep,BasicPOMCP,0.0,0.0,nominal,100,5,5,0.0,0.0,91,17.0,0.030768199998419732,2,0,3
E3,2026-05-08,rho_z_eta_sweep,BasicPOMCP,0.0,0.0,nominal,100,5,5,0.0,0.0,92,-5.0,0.03032669998356141,0,0,5
E3,2026-05-08,rho_z_eta_sweep,BasicPOMCP,0.0,0.0,nominal,100,5,5,0.0,0.0,93,-93.0,0.03161139998701401,1,1,3
E3,2026-05-08,rho_z_eta_sweep,BasicPOMCP,0.0,0.0,nominal,100,5,5,0.0,0.0,94,17.0,0.03313789999810979,2,0,3
E3,2026-05-08,rho_z_eta_sweep,BasicPOMCP,0.0,0.0,nominal,100,5,5,0.0,0.0,95,6.0,0.03551839999272488,1,0,4
E3,2026-05-08,rho_z_eta_sweep,BasicPOMCP,0.0,0.0,nominal,100,5,5,0.0,0.0,96,-71.0,0.03017159999581054,3,1,1
E3,2026-05-08,rho_z_eta_sweep,BasicPOMCP,0.0,0.0,nominal,100,5,5,0.0,0.0,97,6.0,0.030464400013443083,1,0,4
E3,2026-05-08,rho_z_eta_sweep,BasicPOMCP,0.0,0.0,nominal,100,5,5,0.0,0.0,98,-181.0,0.05739119998179376,2,2,1
E3,2026-05-08,rho_z_eta_sweep,BasicPOMCP,0.0,0.0,nominal,100,5,5,0.0,0.0,99,17.0,0.0380449999938719,2,0,3
E3,2026-05-08,rho_z_eta_sweep,BasicPOMCP,0.0,0.0,nominal,100,5,5,0.0,0.0,100,17.0,0.030382099997950718,2,0,3
E3,2026-05-08,rho_z_eta_sweep,BasicPOMCP,0.0,0.0,nominal,100,5,5,0.00625,0.0,1,6.0,0.030835599987767637,1,0,4
E3,2026-05-08,rho_z_eta_sweep,BasicPOMCP,0.0,0.0,nominal,100,5,5,0.00625,0.0,2,-192.0,0.03031790000386536,1,2,2
E3,2026-05-08,rho_z_eta_sweep,BasicPOMCP,0.0,0.0,nominal,100,5,5,0.00625,0.0,3,-82.0,0.0307563999958802,2,1,2
E3,2026-05-08,rho_z_eta_sweep,BasicPOMCP,0.0,0.0,nominal,100,5,5,0.00625,0.0,4,-82.0,0.031419699982507154,2,1,2
E3,2026-05-08,rho_z_eta_sweep,BasicPOMCP,0.0,0.0,nominal,100,5,5,0.00625,0.0,5,28.0,0.029883000010158867,3,0,2
E3,2026-05-08,rho_z_eta_sweep,BasicPOMCP,0.0,0.0,nominal,100,5,5,0.00625,0.0,6,6.0,0.03006449999520555,1,0,4
E3,2026-05-08,rho_z_eta_sweep,BasicPOMCP,0.0,0.0,nominal,100,5,5,0.00625,0.0,7,6.0,0.030020000005606562,1,0,4
E3,2026-05-08,rho_z_eta_sweep,BasicPOMCP,0.0,0.0,nominal,100,5,5,0.00625,0.0,8,28.0,0.03012539999326691,3,0,2
E3,2026-05-08,rho_z_eta_sweep,BasicPOMCP,0.0,0.0,nominal,100,5,5,0.00625,0.0,9,17.0,0.031181400001514703,2,0,3
E3,2026-05-08,rho_z_eta_sweep,BasicPOMCP,0.0,0.0,nominal,100,5,5,0.00625,0.0,10,39.0,0.05713990001822822,4,0,1
E3,2026-05-08,rho_z_eta_sweep,BasicPOMCP,0.0,0.0,nominal,100,5,5,0.00625,0.0,11,-82.0,0.03088269999716431,2,1,2
E3,2026-05-08,rho_z_eta_sweep,BasicPOMCP,0.0,0.0,nominal,100,5,5,0.00625,0.0,12,-93.0,0.030766400013817474,1,1,3
E3,2026-05-08,rho_z_eta_sweep,BasicPOMCP,0.0,0.0,nominal,100,5,5,0.00625,0.0,13,6.0,0.03093129998887889,1,0,4
E3,2026-05-08,rho_z_eta_sweep,BasicPOMCP,0.0,0.0,nominal,100,5,5,0.00625,0.0,14,28.0,0.03128369999467395,3,0,2
E3,2026-05-08,rho_z_eta_sweep,BasicPOMCP,0.0,0.0,nominal,100,5,5,0.00625,0.0,15,-181.0,0.031187500018859282,2,2,1
E3,2026-05-08,rho_z_eta_sweep,BasicPOMCP,0.0,0.0,nominal,100,5,5,0.00625,0.0,16,-5.0,0.034680699987802655,0,0,5
E3,2026-05-08,rho_z_eta_sweep,BasicPOMCP,0.0,0.0,nominal,100,5,5,0.00625,0.0,17,17.0,0.030397399998037145,2,0,3
E3,2026-05-08,rho_z_eta_sweep,BasicPOMCP,0.0,0.0,nominal,100,5,5,0.00625,0.0,18,-93.0,0.030285999993793666,1,1,3
E3,2026-05-08,rho_z_eta_sweep,BasicPOMCP,0.0,0.0,nominal,100,5,5,0.00625,0.0,19,28.0,0.03325789998052642,3,0,2
E3,2026-05-08,rho_z_eta_sweep,BasicPOMCP,0.0,0.0,nominal,100,5,5,0.00625,0.0,20,17.0,0.032216899999184534,2,0,3
E3,2026-05-08,rho_z_eta_sweep,BasicPOMCP,0.0,0.0,nominal,100,5,5,0.00625,0.0,21,-93.0,0.030798499996308237,1,1,3
E3,2026-05-08,rho_z_eta_sweep,BasicPOMCP,0.0,0.0,nominal,100,5,5,0.00625,0.0,22,-71.0,0.030350099987117574,3,1,1
E3,2026-05-08,rho_z_eta_sweep,BasicPOMCP,0.0,0.0,nominal,100,5,5,0.00625,0.0,23,-181.0,0.03055090000270866,2,2,1
E3,2026-05-08,rho_z_eta_sweep,BasicPOMCP,0.0,0.0,nominal,100,5,5,0.00625,0.0,24,6.0,0.050987099995836616,1,0,4
E3,2026-05-08,rho_z_eta_sweep,BasicPOMCP,0.0,0.0,nominal,100,5,5,0.00625,0.0,25,28.0,0.03156109998235479,3,0,2
E3,2026-05-08,rho_z_eta_sweep,BasicPOMCP,0.0,0.0,nominal,100,5,5,0.00625,0.0,26,17.0,0.03144120000069961,2,0,3
E3,2026-05-08,rho_z_eta_sweep,BasicPOMCP,0.0,0.0,nominal,100,5,5,0.00625,0.0,27,-280.0,0.030985399993369356,2,3,0
E3,2026-05-08,rho_z_eta_sweep,BasicPOMCP,0.0,0.0,nominal,100,5,5,0.00625,0.0,28,-170.0,0.03392560000065714,3,2,0
E3,2026-05-08,rho_z_eta_sweep,BasicPOMCP,0.0,0.0,nominal,100,5,5,0.00625,0.0,29,17.0,0.029838799993740395,2,0,3
E3,2026-05-08,rho_z_eta_sweep,BasicPOMCP,0.0,0.0,nominal,100,5,5,0.00625,0.0,30,6.0,0.03023490001214668,1,0,4
E3,2026-05-08,rho_z_eta_sweep,BasicPOMCP,0.0,0.0,nominal,100,5,5,0.00625,0.0,31,-82.0,0.029927299998234957,2,1,2
E3,2026-05-08,rho_z_eta_sweep,BasicPOMCP,0.0,0.0,nominal,100,5,5,0.00625,0.0,32,17.0,0.030472599988570437,2,0,3
E3,2026-05-08,rho_z_eta_sweep,BasicPOMCP,0.0,0.0,nominal,100,5,5,0.00625,0.0,33,39.0,0.03623549998155795,4,0,1
E3,2026-05-08,rho_z_eta_sweep,BasicPOMCP,0.0,0.0,nominal,100,5,5,0.00625,0.0,34,17.0,0.030438499990850687,2,0,3
E3,2026-05-08,rho_z_eta_sweep,BasicPOMCP,0.0,0.0,nominal,100,5,5,0.00625,0.0,35,-93.0,0.030742800008738413,1,1,3
E3,2026-05-08,rho_z_eta_sweep,BasicPOMCP,0.0,0.0,nominal,100,5,5,0.00625,0.0,36,-93.0,0.030536700010998175,1,1,3
E3,2026-05-08,rho_z_eta_sweep,BasicPOMCP,0.0,0.0,nominal,100,5,5,0.00625,0.0,37,-82.0,0.030908899992937222,2,1,2
E3,2026-05-08,rho_z_eta_sweep,BasicPOMCP,0.0,0.0,nominal,100,5,5,0.00625,0.0,38,-93.0,0.03063950000796467,1,1,3
E3,2026-05-08,rho_z_eta_sweep,BasicPOMCP,0.0,0.0,nominal,100,5,5,0.00625,0.0,39,-192.0,0.04919800002244301,1,2,2
E3,2026-05-08,rho_z_eta_sweep,BasicPOMCP,0.0,0.0,nominal,100,5,5,0.00625,0.0,40,-181.0,0.03526539998711087,2,2,1
E3,2026-05-08,rho_z_eta_sweep,BasicPOMCP,0.0,0.0,nominal,100,5,5,0.00625,0.0,41,-104.0,0.030795900005614385,0,1,4
E3,2026-05-08,rho_z_eta_sweep,BasicPOMCP,0.0,0.0,nominal,100,5,5,0.00625,0.0,42,-93.0,0.03037130000302568,1,1,3
E3,2026-05-08,rho_z_eta_sweep,BasicPOMCP,0.0,0.0,nominal,100,5,5,0.00625,0.0,43,-82.0,0.030424700002186,2,1,2
E3,2026-05-08,rho_z_eta_sweep,BasicPOMCP,0.0,0.0,nominal,100,5,5,0.00625,0.0,44,-82.0,0.030846699984977022,2,1,2
E3,2026-05-08,rho_z_eta_sweep,BasicPOMCP,0.0,0.0,nominal,100,5,5,0.00625,0.0,45,28.0,0.030820000014500692,3,0,2
E3,2026-05-08,rho_z_eta_sweep,BasicPOMCP,0.0,0.0,nominal,100,5,5,0.00625,0.0,46,17.0,0.030731100006960332,2,0,3
E3,2026-05-08,rho_z_eta_sweep,BasicPOMCP,0.0,0.0,nominal,100,5,5,0.00625,0.0,47,-93.0,0.03252549999160692,1,1,3
E3,2026-05-08,rho_z_eta_sweep,BasicPOMCP,0.0,0.0,nominal,100,5,5,0.00625,0.0,48,17.0,0.031581099989125505,2,0,3
E3,2026-05-08,rho_z_eta_sweep,BasicPOMCP,0.0,0.0,nominal,100,5,5,0.00625,0.0,49,6.0,0.03292710002278909,1,0,4
E3,2026-05-08,rho_z_eta_sweep,BasicPOMCP,0.0,0.0,nominal,100,5,5,0.00625,0.0,50,17.0,0.03648280000197701,2,0,3
E3,2026-05-08,rho_z_eta_sweep,BasicPOMCP,0.0,0.0,nominal,100,5,5,0.00625,0.0,51,39.0,0.03577669998048805,4,0,1
E3,2026-05-08,rho_z_eta_sweep,BasicPOMCP,0.0,0.0,nominal,100,5,5,0.00625,0.0,52,-5.0,0.03444269997999072,0,0,5
E3,2026-05-08,rho_z_eta_sweep,BasicPOMCP,0.0,0.0,nominal,100,5,5,0.00625,0.0,53,17.0,0.03060840000398457,2,0,3
E3,2026-05-08,rho_z_eta_sweep,BasicPOMCP,0.0,0.0,nominal,100,5,5,0.00625,0.0,54,6.0,0.05794550001155585,1,0,4
E3,2026-05-08,rho_z_eta_sweep,BasicPOMCP,0.0,0.0,nominal,100,5,5,0.00625,0.0,55,-93.0,0.03199640000821091,1,1,3
E3,2026-05-08,rho_z_eta_sweep,BasicPOMCP,0.0,0.0,nominal,100,5,5,0.00625,0.0,56,6.0,0.030437400011578575,1,0,4
E3,2026-05-08,rho_z_eta_sweep,BasicPOMCP,0.0,0.0,nominal,100,5,5,0.00625,0.0,57,17.0,0.029985500004841015,2,0,3
E3,2026-05-08,rho_z_eta_sweep,BasicPOMCP,0.0,0.0,nominal,100,5,5,0.00625,0.0,58,-181.0,0.030046100000618026,2,2,1
E3,2026-05-08,rho_z_eta_sweep,BasicPOMCP,0.0,0.0,nominal,100,5,5,0.00625,0.0,59,-93.0,0.029936400009319186,1,1,3
E3,2026-05-08,rho_z_eta_sweep,BasicPOMCP,0.0,0.0,nominal,100,5,5,0.00625,0.0,60,17.0,0.030187299998942763,2,0,3
E3,2026-05-08,rho_z_eta_sweep,BasicPOMCP,0.0,0.0,nominal,100,5,5,0.00625,0.0,61,6.0,0.03027339998516254,1,0,4
E3,2026-05-08,rho_z_eta_sweep,BasicPOMCP,0.0,0.0,nominal,100,5,5,0.00625,0.0,62,-82.0,0.030576399993151426,2,1,2
E3,2026-05-08,rho_z_eta_sweep,BasicPOMCP,0.0,0.0,nominal,100,5,5,0.00625,0.0,63,17.0,0.03729949999251403,2,0,3
E3,2026-05-08,rho_z_eta_sweep,BasicPOMCP,0.0,0.0,nominal,100,5,5,0.00625,0.0,64,-192.0,0.03268999999272637,1,2,2
E3,2026-05-08,rho_z_eta_sweep,BasicPOMCP,0.0,0.0,nominal,100,5,5,0.00625,0.0,65,6.0,0.030162000010022894,1,0,4
E3,2026-05-08,rho_z_eta_sweep,BasicPOMCP,0.0,0.0,nominal,100,5,5,0.00625,0.0,66,-104.0,0.030407999991439283,0,1,4
E3,2026-05-08,rho_z_eta_sweep,BasicPOMCP,0.0,0.0,nominal,100,5,5,0.00625,0.0,67,17.0,0.030230999982450157,2,0,3
E3,2026-05-08,rho_z_eta_sweep,BasicPOMCP,0.0,0.0,nominal,100,5,5,0.00625,0.0,68,6.0,0.03031380000174977,1,0,4
E3,2026-05-08,rho_z_eta_sweep,BasicPOMCP,0.0,0.0,nominal,100,5,5,0.00625,0.0,69,-82.0,0.02991489999112673,2,1,2
E3,2026-05-08,rho_z_eta_sweep,BasicPOMCP,0.0,0.0,nominal,100,5,5,0.00625,0.0,70,17.0,0.05101439999998547,2,0,3
E3,2026-05-08,rho_z_eta_sweep,BasicPOMCP,0.0,0.0,nominal,100,5,5,0.00625,0.0,71,17.0,0.030597800010582432,2,0,3
E3,2026-05-08,rho_z_eta_sweep,BasicPOMCP,0.0,0.0,nominal,100,5,5,0.00625,0.0,72,17.0,0.03011490000062622,2,0,3
E3,2026-05-08,rho_z_eta_sweep,BasicPOMCP,0.0,0.0,nominal,100,5,5,0.00625,0.0,73,17.0,0.03001300001051277,2,0,3
E3,2026-05-08,rho_z_eta_sweep,BasicPOMCP,0.0,0.0,nominal,100,5,5,0.00625,0.0,74,28.0,0.030003199994098395,3,0,2
E3,2026-05-08,rho_z_eta_sweep,BasicPOMCP,0.0,0.0,nominal,100,5,5,0.00625,0.0,75,-203.0,0.03056079999078065,0,2,3
E3,2026-05-08,rho_z_eta_sweep,BasicPOMCP,0.0,0.0,nominal,100,5,5,0.00625,0.0,76,-93.0,0.030192699981853366,1,1,3
E3,2026-05-08,rho_z_eta_sweep,BasicPOMCP,0.0,0.0,nominal,100,5,5,0.00625,0.0,77,6.0,0.030485100025543943,1,0,4
E3,2026-05-08,rho_z_eta_sweep,BasicPOMCP,0.0,0.0,nominal,100,5,5,0.00625,0.0,78,-71.0,0.03086449997499585,3,1,1
E3,2026-05-08,rho_z_eta_sweep,BasicPOMCP,0.0,0.0,nominal,100,5,5,0.00625,0.0,79,-104.0,0.030709700018633157,0,1,4
E3,2026-05-08,rho_z_eta_sweep,BasicPOMCP,0.0,0.0,nominal,100,5,5,0.00625,0.0,80,-5.0,0.02982460000202991,0,0,5
E3,2026-05-08,rho_z_eta_sweep,BasicPOMCP,0.0,0.0,nominal,100,5,5,0.00625,0.0,81,-82.0,0.03165289998287335,2,1,2
E3,2026-05-08,rho_z_eta_sweep,BasicPOMCP,0.0,0.0,nominal,100,5,5,0.00625,0.0,82,6.0,0.032597700017504394,1,0,4
E3,2026-05-08,rho_z_eta_sweep,BasicPOMCP,0.0,0.0,nominal,100,5,5,0.00625,0.0,83,-291.0,0.030197599990060553,1,3,1
E3,2026-05-08,rho_z_eta_sweep,BasicPOMCP,0.0,0.0,nominal,100,5,5,0.00625,0.0,84,6.0,0.03038599999854341,1,0,4
E3,2026-05-08,rho_z_eta_sweep,BasicPOMCP,0.0,0.0,nominal,100,5,5,0.00625,0.0,85,-82.0,0.050433199998224154,2,1,2
E3,2026-05-08,rho_z_eta_sweep,BasicPOMCP,0.0,0.0,nominal,100,5,5,0.00625,0.0,86,-71.0,0.030488799995509908,3,1,1
E3,2026-05-08,rho_z_eta_sweep,BasicPOMCP,0.0,0.0,nominal,100,5,5,0.00625,0.0,87,-71.0,0.03015510001569055,3,1,1
E3,2026-05-08,rho_z_eta_sweep,BasicPOMCP,0.0,0.0,nominal,100,5,5,0.00625,0.0,88,28.0,0.030147199984639883,3,0,2
E3,2026-05-08,rho_z_eta_sweep,BasicPOMCP,0.0,0.0,nominal,100,5,5,0.00625,0.0,89,28.0,0.03004230000078678,3,0,2
E3,2026-05-08,rho_z_eta_sweep,BasicPOMCP,0.0,0.0,nominal,100,5,5,0.00625,0.0,90,-82.0,0.030274499993538484,2,1,2
E3,2026-05-08,rho_z_eta_sweep,BasicPOMCP,0.0,0.0,nominal,100,5,5,0.00625,0.0,91,17.0,0.030248800001572818,2,0,3
E3,2026-05-08,rho_z_eta_sweep,BasicPOMCP,0.0,0.0,nominal,100,5,5,0.00625,0.0,92,-5.0,0.030129299993859604,0,0,5
E3,2026-05-08,rho_z_eta_sweep,BasicPOMCP,0.0,0.0,nominal,100,5,5,0.00625,0.0,93,-93.0,0.030344400001922622,1,1,3
E3,2026-05-08,rho_z_eta_sweep,BasicPOMCP,0.0,0.0,nominal,100,5,5,0.00625,0.0,94,17.0,0.03054350000456907,2,0,3
E3,2026-05-08,rho_z_eta_sweep,BasicPOMCP,0.0,0.0,nominal,100,5,5,0.00625,0.0,95,6.0,0.030507999996189028,1,0,4
E3,2026-05-08,rho_z_eta_sweep,BasicPOMCP,0.0,0.0,nominal,100,5,5,0.00625,0.0,96,-71.0,0.0325064999924507,3,1,1
E3,2026-05-08,rho_z_eta_sweep,BasicPOMCP,0.0,0.0,nominal,100,5,5,0.00625,0.0,97,6.0,0.030332399997860193,1,0,4
E3,2026-05-08,rho_z_eta_sweep,BasicPOMCP,0.0,0.0,nominal,100,5,5,0.00625,0.0,98,-181.0,0.030137699999613687,2,2,1
E3,2026-05-08,rho_z_eta_sweep,BasicPOMCP,0.0,0.0,nominal,100,5,5,0.00625,0.0,99,17.0,0.03277729998808354,2,0,3
E3,2026-05-08,rho_z_eta_sweep,BasicPOMCP,0.0,0.0,nominal,100,5,5,0.00625,0.0,100,17.0,0.0512307999888435,2,0,3
E3,2026-05-08,rho_z_eta_sweep,BasicPOMCP,0.0,0.0,nominal,100,5,5,0.0125,0.0,1,6.0,0.03242360000149347,1,0,4
E3,2026-05-08,rho_z_eta_sweep,BasicPOMCP,0.0,0.0,nominal,100,5,5,0.0125,0.0,2,-192.0,0.030954399990150705,1,2,2
E3,2026-05-08,rho_z_eta_sweep,BasicPOMCP,0.0,0.0,nominal,100,5,5,0.0125,0.0,3,-82.0,0.030399100010981783,2,1,2
E3,2026-05-08,rho_z_eta_sweep,BasicPOMCP,0.0,0.0,nominal,100,5,5,0.0125,0.0,4,-82.0,0.030081600008998066,2,1,2
E3,2026-05-08,rho_z_eta_sweep,BasicPOMCP,0.0,0.0,nominal,100,5,5,0.0125,0.0,5,28.0,0.030084600002737716,3,0,2
E3,2026-05-08,rho_z_eta_sweep,BasicPOMCP,0.0,0.0,nominal,100,5,5,0.0125,0.0,6,6.0,0.03063490000204183,1,0,4
E3,2026-05-08,rho_z_eta_sweep,BasicPOMCP,0.0,0.0,nominal,100,5,5,0.0125,0.0,7,6.0,0.029966499976580963,1,0,4
E3,2026-05-08,rho_z_eta_sweep,BasicPOMCP,0.0,0.0,nominal,100,5,5,0.0125,0.0,8,28.0,0.030278599995654076,3,0,2
E3,2026-05-08,rho_z_eta_sweep,BasicPOMCP,0.0,0.0,nominal,100,5,5,0.0125,0.0,9,17.0,0.03227559998049401,2,0,3
E3,2026-05-08,rho_z_eta_sweep,BasicPOMCP,0.0,0.0,nominal,100,5,5,0.0125,0.0,10,39.0,0.03239029998076148,4,0,1
E3,2026-05-08,rho_z_eta_sweep,BasicPOMCP,0.0,0.0,nominal,100,5,5,0.0125,0.0,11,-82.0,0.031554099987261,2,1,2
E3,2026-05-08,rho_z_eta_sweep,BasicPOMCP,0.0,0.0,nominal,100,5,5,0.0125,0.0,12,-93.0,0.030302200000733137,1,1,3
E3,2026-05-08,rho_z_eta_sweep,BasicPOMCP,0.0,0.0,nominal,100,5,5,0.0125,0.0,13,6.0,0.030723300005774945,1,0,4
E3,2026-05-08,rho_z_eta_sweep,BasicPOMCP,0.0,0.0,nominal,100,5,5,0.0125,0.0,14,28.0,0.048942699999315664,3,0,2
E3,2026-05-08,rho_z_eta_sweep,BasicPOMCP,0.0,0.0,nominal,100,5,5,0.0125,0.0,15,-181.0,0.029951200005598366,2,2,1
E3,2026-05-08,rho_z_eta_sweep,BasicPOMCP,0.0,0.0,nominal,100,5,5,0.0125,0.0,16,-5.0,0.030742600007215515,0,0,5
E3,2026-05-08,rho_z_eta_sweep,BasicPOMCP,0.0,0.0,nominal,100,5,5,0.0125,0.0,17,17.0,0.03026599998702295,2,0,3
E3,2026-05-08,rho_z_eta_sweep,BasicPOMCP,0.0,0.0,nominal,100,5,5,0.0125,0.0,18,-93.0,0.030421200004639104,1,1,3
E3,2026-05-08,rho_z_eta_sweep,BasicPOMCP,0.0,0.0,nominal,100,5,5,0.0125,0.0,19,28.0,0.029865899996366352,3,0,2
E3,2026-05-08,rho_z_eta_sweep,BasicPOMCP,0.0,0.0,nominal,100,5,5,0.0125,0.0,20,17.0,0.030360099975951016,2,0,3
E3,2026-05-08,rho_z_eta_sweep,BasicPOMCP,0.0,0.0,nominal,100,5,5,0.0125,0.0,21,-93.0,0.03019980000681244,1,1,3
E3,2026-05-08,rho_z_eta_sweep,BasicPOMCP,0.0,0.0,nominal,100,5,5,0.0125,0.0,22,-71.0,0.02965300000505522,3,1,1
E3,2026-05-08,rho_z_eta_sweep,BasicPOMCP,0.0,0.0,nominal,100,5,5,0.0125,0.0,23,-181.0,0.029869599995436147,2,2,1
E3,2026-05-08,rho_z_eta_sweep,BasicPOMCP,0.0,0.0,nominal,100,5,5,0.0125,0.0,24,6.0,0.030042200000025332,1,0,4
E3,2026-05-08,rho_z_eta_sweep,BasicPOMCP,0.0,0.0,nominal,100,5,5,0.0125,0.0,25,28.0,0.030305899999802932,3,0,2
E3,2026-05-08,rho_z_eta_sweep,BasicPOMCP,0.0,0.0,nominal,100,5,5,0.0125,0.0,26,17.0,0.030647400009911507,2,0,3
E3,2026-05-08,rho_z_eta_sweep,BasicPOMCP,0.0,0.0,nominal,100,5,5,0.0125,0.0,27,-280.0,0.02994010000838898,2,3,0
E3,2026-05-08,rho_z_eta_sweep,BasicPOMCP,0.0,0.0,nominal,100,5,5,0.0125,0.0,28,-170.0,0.02989589999197051,3,2,0
E3,2026-05-08,rho_z_eta_sweep,BasicPOMCP,0.0,0.0,nominal,100,5,5,0.0125,0.0,29,17.0,0.02997279999544844,2,0,3
E3,2026-05-08,rho_z_eta_sweep,BasicPOMCP,0.0,0.0,nominal,100,5,5,0.0125,0.0,30,6.0,0.05079510001814924,1,0,4
E3,2026-05-08,rho_z_eta_sweep,BasicPOMCP,0.0,0.0,nominal,100,5,5,0.0125,0.0,31,-82.0,0.0306546000065282,2,1,2
E3,2026-05-08,rho_z_eta_sweep,BasicPOMCP,0.0,0.0,nominal,100,5,5,0.0125,0.0,32,17.0,0.030703700002050027,2,0,3
E3,2026-05-08,rho_z_eta_sweep,BasicPOMCP,0.0,0.0,nominal,100,5,5,0.0125,0.0,33,39.0,0.030736499989870936,4,0,1
E3,2026-05-08,rho_z_eta_sweep,BasicPOMCP,0.0,0.0,nominal,100,5,5,0.0125,0.0,34,17.0,0.030739300011191517,2,0,3
E3,2026-05-08,rho_z_eta_sweep,BasicPOMCP,0.0,0.0,nominal,100,5,5,0.0125,0.0,35,-93.0,0.039838299999246374,1,1,3
E3,2026-05-08,rho_z_eta_sweep,BasicPOMCP,0.0,0.0,nominal,100,5,5,0.0125,0.0,36,-93.0,0.032154400018043816,1,1,3
E3,2026-05-08,rho_z_eta_sweep,BasicPOMCP,0.0,0.0,nominal,100,5,5,0.0125,0.0,37,-82.0,0.03019970000605099,2,1,2
E3,2026-05-08,rho_z_eta_sweep,BasicPOMCP,0.0,0.0,nominal,100,5,5,0.0125,0.0,38,-93.0,0.03050319998874329,1,1,3
E3,2026-05-08,rho_z_eta_sweep,BasicPOMCP,0.0,0.0,nominal,100,5,5,0.0125,0.0,39,-192.0,0.030121499992674217,1,2,2
E3,2026-05-08,rho_z_eta_sweep,BasicPOMCP,0.0,0.0,nominal,100,5,5,0.0125,0.0,40,-181.0,0.030100900010438636,2,2,1
E3,2026-05-08,rho_z_eta_sweep,BasicPOMCP,0.0,0.0,nominal,100,5,5,0.0125,0.0,41,-104.0,0.030444900010479614,0,1,4
E3,2026-05-08,rho_z_eta_sweep,BasicPOMCP,0.0,0.0,nominal,100,5,5,0.0125,0.0,42,-93.0,0.029674100020201877,1,1,3
E3,2026-05-08,rho_z_eta_sweep,BasicPOMCP,0.0,0.0,nominal,100,5,5,0.0125,0.0,43,-82.0,0.030093900015344843,2,1,2
E3,2026-05-08,rho_z_eta_sweep,BasicPOMCP,0.0,0.0,nominal,100,5,5,0.0125,0.0,44,-82.0,0.052114599995547906,2,1,2
E3,2026-05-08,rho_z_eta_sweep,BasicPOMCP,0.0,0.0,nominal,100,5,5,0.0125,0.0,45,28.0,0.03023830000893213,3,0,2
E3,2026-05-08,rho_z_eta_sweep,BasicPOMCP,0.0,0.0,nominal,100,5,5,0.0125,0.0,46,17.0,0.02996519999578595,2,0,3
E3,2026-05-08,rho_z_eta_sweep,BasicPOMCP,0.0,0.0,nominal,100,5,5,0.0125,0.0,47,-93.0,0.044582300004549325,1,1,3
E3,2026-05-08,rho_z_eta_sweep,BasicPOMCP,0.0,0.0,nominal,100,5,5,0.0125,0.0,48,17.0,0.03284880000865087,2,0,3
E3,2026-05-08,rho_z_eta_sweep,BasicPOMCP,0.0,0.0,nominal,100,5,5,0.0125,0.0,49,6.0,0.03129689997876994,1,0,4
E3,2026-05-08,rho_z_eta_sweep,BasicPOMCP,0.0,0.0,nominal,100,5,5,0.0125,0.0,50,17.0,0.030691799998749048,2,0,3
E3,2026-05-08,rho_z_eta_sweep,BasicPOMCP,0.0,0.0,nominal,100,5,5,0.0125,0.0,51,39.0,0.030553100019460544,4,0,1
E3,2026-05-08,rho_z_eta_sweep,BasicPOMCP,0.0,0.0,nominal,100,5,5,0.0125,0.0,52,-5.0,0.031008199992356822,0,0,5
E3,2026-05-08,rho_z_eta_sweep,BasicPOMCP,0.0,0.0,nominal,100,5,5,0.0125,0.0,53,17.0,0.030539600003976375,2,0,3
E3,2026-05-08,rho_z_eta_sweep,BasicPOMCP,0.0,0.0,nominal,100,5,5,0.0125,0.0,54,6.0,0.0726204999955371,1,0,4
E3,2026-05-08,rho_z_eta_sweep,BasicPOMCP,0.0,0.0,nominal,100,5,5,0.0125,0.0,55,-93.0,0.03137589999823831,1,1,3
E3,2026-05-08,rho_z_eta_sweep,BasicPOMCP,0.0,0.0,nominal,100,5,5,0.0125,0.0,56,6.0,0.030692600004840642,1,0,4
E3,2026-05-08,rho_z_eta_sweep,BasicPOMCP,0.0,0.0,nominal,100,5,5,0.0125,0.0,57,17.0,0.03131650001159869,2,0,3
E3,2026-05-08,rho_z_eta_sweep,BasicPOMCP,0.0,0.0,nominal,100,5,5,0.0125,0.0,58,-181.0,0.030071799992583692,2,2,1
E3,2026-05-08,rho_z_eta_sweep,BasicPOMCP,0.0,0.0,nominal,100,5,5,0.0125,0.0,59,-93.0,0.04790669999783859,1,1,3
E3,2026-05-08,rho_z_eta_sweep,BasicPOMCP,0.0,0.0,nominal,100,5,5,0.0125,0.0,60,17.0,0.03089760002330877,2,0,3
E3,2026-05-08,rho_z_eta_sweep,BasicPOMCP,0.0,0.0,nominal,100,5,5,0.0125,0.0,61,6.0,0.031636100000469014,1,0,4
E3,2026-05-08,rho_z_eta_sweep,BasicPOMCP,0.0,0.0,nominal,100,5,5,0.0125,0.0,62,-82.0,0.03053610000642948,2,1,2
E3,2026-05-08,rho_z_eta_sweep,BasicPOMCP,0.0,0.0,nominal,100,5,5,0.0125,0.0,63,17.0,0.030518699990352616,2,0,3
E3,2026-05-08,rho_z_eta_sweep,BasicPOMCP,0.0,0.0,nominal,100,5,5,0.0125,0.0,64,-192.0,0.03058609997970052,1,2,2
E3,2026-05-08,rho_z_eta_sweep,BasicPOMCP,0.0,0.0,nominal,100,5,5,0.0125,0.0,65,6.0,0.030769100005272776,1,0,4
E3,2026-05-08,rho_z_eta_sweep,BasicPOMCP,0.0,0.0,nominal,100,5,5,0.0125,0.0,66,-104.0,0.030400200019357726,0,1,4
E3,2026-05-08,rho_z_eta_sweep,BasicPOMCP,0.0,0.0,nominal,100,5,5,0.0125,0.0,67,17.0,0.030463000002782792,2,0,3
E3,2026-05-08,rho_z_eta_sweep,BasicPOMCP,0.0,0.0,nominal,100,5,5,0.0125,0.0,68,6.0,0.030524500005412847,1,0,4
E3,2026-05-08,rho_z_eta_sweep,BasicPOMCP,0.0,0.0,nominal,100,5,5,0.0125,0.0,69,-82.0,0.030662099976325408,2,1,2
E3,2026-05-08,rho_z_eta_sweep,BasicPOMCP,0.0,0.0,nominal,100,5,5,0.0125,0.0,70,17.0,0.03945199999725446,2,0,3
E3,2026-05-08,rho_z_eta_sweep,BasicPOMCP,0.0,0.0,nominal,100,5,5,0.0125,0.0,71,17.0,0.030927800020435825,2,0,3
E3,2026-05-08,rho_z_eta_sweep,BasicPOMCP,0.0,0.0,nominal,100,5,5,0.0125,0.0,72,17.0,0.030184200004441664,2,0,3
E3,2026-05-08,rho_z_eta_sweep,BasicPOMCP,0.0,0.0,nominal,100,5,5,0.0125,0.0,73,-93.0,0.030729299993254244,1,1,3
E3,2026-05-08,rho_z_eta_sweep,BasicPOMCP,0.0,0.0,nominal,100,5,5,0.0125,0.0,74,28.0,0.0488764000183437,3,0,2
E3,2026-05-08,rho_z_eta_sweep,BasicPOMCP,0.0,0.0,nominal,100,5,5,0.0125,0.0,75,-203.0,0.030793099984293804,0,2,3
E3,2026-05-08,rho_z_eta_sweep,BasicPOMCP,0.0,0.0,nominal,100,5,5,0.0125,0.0,76,-93.0,0.03066789999138564,1,1,3
E3,2026-05-08,rho_z_eta_sweep,BasicPOMCP,0.0,0.0,nominal,100,5,5,0.0125,0.0,77,6.0,0.031019999994896352,1,0,4
E3,2026-05-08,rho_z_eta_sweep,BasicPOMCP,0.0,0.0,nominal,100,5,5,0.0125,0.0,78,-71.0,0.030250800016801804,3,1,1
E3,2026-05-08,rho_z_eta_sweep,BasicPOMCP,0.0,0.0,nominal,100,5,5,0.0125,0.0,79,-104.0,0.031290599989006296,0,1,4
E3,2026-05-08,rho_z_eta_sweep,BasicPOMCP,0.0,0.0,nominal,100,5,5,0.0125,0.0,80,-5.0,0.030040699988603592,0,0,5
E3,2026-05-08,rho_z_eta_sweep,BasicPOMCP,0.0,0.0,nominal,100,5,5,0.0125,0.0,81,-82.0,0.030078699986916035,2,1,2
E3,2026-05-08,rho_z_eta_sweep,BasicPOMCP,0.0,0.0,nominal,100,5,5,0.0125,0.0,82,6.0,0.03017760001239367,1,0,4
E3,2026-05-08,rho_z_eta_sweep,BasicPOMCP,0.0,0.0,nominal,100,5,5,0.0125,0.0,83,-291.0,0.030231800017645583,1,3,1
E3,2026-05-08,rho_z_eta_sweep,BasicPOMCP,0.0,0.0,nominal,100,5,5,0.0125,0.0,84,6.0,0.03129849999095313,1,0,4
E3,2026-05-08,rho_z_eta_sweep,BasicPOMCP,0.0,0.0,nominal,100,5,5,0.0125,0.0,85,-82.0,0.03086309999343939,2,1,2
E3,2026-05-08,rho_z_eta_sweep,BasicPOMCP,0.0,0.0,nominal,100,5,5,0.0125,0.0,86,-71.0,0.030078299983870238,3,1,1
E3,2026-05-08,rho_z_eta_sweep,BasicPOMCP,0.0,0.0,nominal,100,5,5,0.0125,0.0,87,-71.0,0.03046770000946708,3,1,1
E3,2026-05-08,rho_z_eta_sweep,BasicPOMCP,0.0,0.0,nominal,100,5,5,0.0125,0.0,88,28.0,0.0298542000236921,3,0,2
E3,2026-05-08,rho_z_eta_sweep,BasicPOMCP,0.0,0.0,nominal,100,5,5,0.0125,0.0,89,28.0,0.0510288999939803,3,0,2
E3,2026-05-08,rho_z_eta_sweep,BasicPOMCP,0.0,0.0,nominal,100,5,5,0.0125,0.0,90,-82.0,0.03011980000883341,2,1,2
E3,2026-05-08,rho_z_eta_sweep,BasicPOMCP,0.0,0.0,nominal,100,5,5,0.0125,0.0,91,17.0,0.030457699991529807,2,0,3
E3,2026-05-08,rho_z_eta_sweep,BasicPOMCP,0.0,0.0,nominal,100,5,5,0.0125,0.0,92,-5.0,0.032000400009565055,0,0,5
E3,2026-05-08,rho_z_eta_sweep,BasicPOMCP,0.0,0.0,nominal,100,5,5,0.0125,0.0,93,-93.0,0.02999209999688901,1,1,3
E3,2026-05-08,rho_z_eta_sweep,BasicPOMCP,0.0,0.0,nominal,100,5,5,0.0125,0.0,94,17.0,0.03122330000041984,2,0,3
E3,2026-05-08,rho_z_eta_sweep,BasicPOMCP,0.0,0.0,nominal,100,5,5,0.0125,0.0,95,17.0,0.04055639999569394,2,0,3
E3,2026-05-08,rho_z_eta_sweep,BasicPOMCP,0.0,0.0,nominal,100,5,5,0.0125,0.0,96,-71.0,0.03004400001373142,3,1,1
E3,2026-05-08,rho_z_eta_sweep,BasicPOMCP,0.0,0.0,nominal,100,5,5,0.0125,0.0,97,6.0,0.030324799998197705,1,0,4
E3,2026-05-08,rho_z_eta_sweep,BasicPOMCP,0.0,0.0,nominal,100,5,5,0.0125,0.0,98,-181.0,0.030021999991731718,2,2,1
E3,2026-05-08,rho_z_eta_sweep,BasicPOMCP,0.0,0.0,nominal,100,5,5,0.0125,0.0,99,17.0,0.031301000009989366,2,0,3
E3,2026-05-08,rho_z_eta_sweep,BasicPOMCP,0.0,0.0,nominal,100,5,5,0.0125,0.0,100,17.0,0.030944300000555813,2,0,3
E3,2026-05-08,rho_z_eta_sweep,BasicPOMCP,0.0,0.0,nominal,100,5,5,0.01875,0.0,1,6.0,0.03228159999707714,1,0,4
E3,2026-05-08,rho_z_eta_sweep,BasicPOMCP,0.0,0.0,nominal,100,5,5,0.01875,0.0,2,-192.0,0.03112110000802204,1,2,2
E3,2026-05-08,rho_z_eta_sweep,BasicPOMCP,0.0,0.0,nominal,100,5,5,0.01875,0.0,3,-82.0,0.052108600008068606,2,1,2
E3,2026-05-08,rho_z_eta_sweep,BasicPOMCP,0.0,0.0,nominal,100,5,5,0.01875,0.0,4,-82.0,0.03541820001555607,2,1,2
E3,2026-05-08,rho_z_eta_sweep,BasicPOMCP,0.0,0.0,nominal,100,5,5,0.01875,0.0,5,28.0,0.030519100022502244,3,0,2
E3,2026-05-08,rho_z_eta_sweep,BasicPOMCP,0.0,0.0,nominal,100,5,5,0.01875,0.0,6,6.0,0.03028379997704178,1,0,4
E3,2026-05-08,rho_z_eta_sweep,BasicPOMCP,0.0,0.0,nominal,100,5,5,0.01875,0.0,7,6.0,0.03297310002380982,1,0,4
E3,2026-05-08,rho_z_eta_sweep,BasicPOMCP,0.0,0.0,nominal,100,5,5,0.01875,0.0,8,28.0,0.030548100010491908,3,0,2
E3,2026-05-08,rho_z_eta_sweep,BasicPOMCP,0.0,0.0,nominal,100,5,5,0.01875,0.0,9,17.0,0.030171999998856336,2,0,3
E3,2026-05-08,rho_z_eta_sweep,BasicPOMCP,0.0,0.0,nominal,100,5,5,0.01875,0.0,10,39.0,0.030145800003083423,4,0,1
E3,2026-05-08,rho_z_eta_sweep,BasicPOMCP,0.0,0.0,nominal,100,5,5,0.01875,0.0,11,-82.0,0.03207670000847429,2,1,2
E3,2026-05-08,rho_z_eta_sweep,BasicPOMCP,0.0,0.0,nominal,100,5,5,0.01875,0.0,12,-93.0,0.030450999998720363,1,1,3
E3,2026-05-08,rho_z_eta_sweep,BasicPOMCP,0.0,0.0,nominal,100,5,5,0.01875,0.0,13,6.0,0.0304902000061702,1,0,4
E3,2026-05-08,rho_z_eta_sweep,BasicPOMCP,0.0,0.0,nominal,100,5,5,0.01875,0.0,14,28.0,0.030208699987269938,3,0,2
E3,2026-05-08,rho_z_eta_sweep,BasicPOMCP,0.0,0.0,nominal,100,5,5,0.01875,0.0,15,-181.0,0.03054320000228472,2,2,1
E3,2026-05-08,rho_z_eta_sweep,BasicPOMCP,0.0,0.0,nominal,100,5,5,0.01875,0.0,16,-5.0,0.030175099993357435,0,0,5
E3,2026-05-08,rho_z_eta_sweep,BasicPOMCP,0.0,0.0,nominal,100,5,5,0.01875,0.0,17,17.0,0.030283200001576915,2,0,3
E3,2026-05-08,rho_z_eta_sweep,BasicPOMCP,0.0,0.0,nominal,100,5,5,0.01875,0.0,18,-93.0,0.031301000009989366,1,1,3
E3,2026-05-08,rho_z_eta_sweep,BasicPOMCP,0.0,0.0,nominal,100,5,5,0.01875,0.0,19,28.0,0.054304499994032085,3,0,2
E3,2026-05-08,rho_z_eta_sweep,BasicPOMCP,0.0,0.0,nominal,100,5,5,0.01875,0.0,20,17.0,0.030719100002897903,2,0,3
E3,2026-05-08,rho_z_eta_sweep,BasicPOMCP,0.0,0.0,nominal,100,5,5,0.01875,0.0,21,-93.0,0.0305491000181064,1,1,3
E3,2026-05-08,rho_z_eta_sweep,BasicPOMCP,0.0,0.0,nominal,100,5,5,0.01875,0.0,22,-71.0,0.030265100009273738,3,1,1
E3,2026-05-08,rho_z_eta_sweep,BasicPOMCP,0.0,0.0,nominal,100,5,5,0.01875,0.0,23,-181.0,0.03024989998084493,2,2,1
E3,2026-05-08,rho_z_eta_sweep,BasicPOMCP,0.0,0.0,nominal,100,5,5,0.01875,0.0,24,6.0,0.03208449998055585,1,0,4
E3,2026-05-08,rho_z_eta_sweep,BasicPOMCP,0.0,0.0,nominal,100,5,5,0.01875,0.0,25,28.0,0.03753520001191646,3,0,2
E3,2026-05-08,rho_z_eta_sweep,BasicPOMCP,0.0,0.0,nominal,100,5,5,0.01875,0.0,26,17.0,0.030720099981408566,2,0,3
E3,2026-05-08,rho_z_eta_sweep,BasicPOMCP,0.0,0.0,nominal,100,5,5,0.01875,0.0,27,-280.0,0.033166400011396036,2,3,0
E3,2026-05-08,rho_z_eta_sweep,BasicPOMCP,0.0,0.0,nominal,100,5,5,0.01875,0.0,28,-170.0,0.030098299990640953,3,2,0
E3,2026-05-08,rho_z_eta_sweep,BasicPOMCP,0.0,0.0,nominal,100,5,5,0.01875,0.0,29,17.0,0.03012270000181161,2,0,3
E3,2026-05-08,rho_z_eta_sweep,BasicPOMCP,0.0,0.0,nominal,100,5,5,0.01875,0.0,30,6.0,0.03074620000552386,1,0,4
E3,2026-05-08,rho_z_eta_sweep,BasicPOMCP,0.0,0.0,nominal,100,5,5,0.01875,0.0,31,-82.0,0.03066610000678338,2,1,2
E3,2026-05-08,rho_z_eta_sweep,BasicPOMCP,0.0,0.0,nominal,100,5,5,0.01875,0.0,32,17.0,0.030490800010738894,2,0,3
E3,2026-05-08,rho_z_eta_sweep,BasicPOMCP,0.0,0.0,nominal,100,5,5,0.01875,0.0,33,39.0,0.05636620000586845,4,0,1
E3,2026-05-08,rho_z_eta_sweep,BasicPOMCP,0.0,0.0,nominal,100,5,5,0.01875,0.0,34,17.0,0.031510100001469254,2,0,3
E3,2026-05-08,rho_z_eta_sweep,BasicPOMCP,0.0,0.0,nominal,100,5,5,0.01875,0.0,35,-93.0,0.03125319999526255,1,1,3
E3,2026-05-08,rho_z_eta_sweep,BasicPOMCP,0.0,0.0,nominal,100,5,5,0.01875,0.0,36,-93.0,0.030471499980194494,1,1,3
E3,2026-05-08,rho_z_eta_sweep,BasicPOMCP,0.0,0.0,nominal,100,5,5,0.01875,0.0,37,-82.0,0.030427399993641302,2,1,2
E3,2026-05-08,rho_z_eta_sweep,BasicPOMCP,0.0,0.0,nominal,100,5,5,0.01875,0.0,38,-104.0,0.03692039998713881,0,1,4
E3,2026-05-08,rho_z_eta_sweep,BasicPOMCP,0.0,0.0,nominal,100,5,5,0.01875,0.0,39,-192.0,0.03006620000815019,1,2,2
E3,2026-05-08,rho_z_eta_sweep,BasicPOMCP,0.0,0.0,nominal,100,5,5,0.01875,0.0,40,-181.0,0.030050900008063763,2,2,1
E3,2026-05-08,rho_z_eta_sweep,BasicPOMCP,0.0,0.0,nominal,100,5,5,0.01875,0.0,41,-104.0,0.030585300002712756,0,1,4
E3,2026-05-08,rho_z_eta_sweep,BasicPOMCP,0.0,0.0,nominal,100,5,5,0.01875,0.0,42,-93.0,0.02980700001353398,1,1,3
E3,2026-05-08,rho_z_eta_sweep,BasicPOMCP,0.0,0.0,nominal,100,5,5,0.01875,0.0,43,-82.0,0.031083500012755394,2,1,2
E3,2026-05-08,rho_z_eta_sweep,BasicPOMCP,0.0,0.0,nominal,100,5,5,0.01875,0.0,44,-82.0,0.03271120000863448,2,1,2
E3,2026-05-08,rho_z_eta_sweep,BasicPOMCP,0.0,0.0,nominal,100,5,5,0.01875,0.0,45,28.0,0.03250210001715459,3,0,2
E3,2026-05-08,rho_z_eta_sweep,BasicPOMCP,0.0,0.0,nominal,100,5,5,0.01875,0.0,46,17.0,0.03034160000970587,2,0,3
E3,2026-05-08,rho_z_eta_sweep,BasicPOMCP,0.0,0.0,nominal,100,5,5,0.01875,0.0,47,-93.0,0.05501780001213774,1,1,3
E3,2026-05-08,rho_z_eta_sweep,BasicPOMCP,0.0,0.0,nominal,100,5,5,0.01875,0.0,48,17.0,0.031647900003008544,2,0,3
E3,2026-05-08,rho_z_eta_sweep,BasicPOMCP,0.0,0.0,nominal,100,5,5,0.01875,0.0,49,6.0,0.030296399985672906,1,0,4
E3,2026-05-08,rho_z_eta_sweep,BasicPOMCP,0.0,0.0,nominal,100,5,5,0.01875,0.0,50,17.0,0.03041289999964647,2,0,3
E3,2026-05-08,rho_z_eta_sweep,BasicPOMCP,0.0,0.0,nominal,100,5,5,0.01875,0.0,51,39.0,0.031009300000732765,4,0,1
E3,2026-05-08,rho_z_eta_sweep,BasicPOMCP,0.0,0.0,nominal,100,5,5,0.01875,0.0,52,-5.0,0.030923700018320233,0,0,5
E3,2026-05-08,rho_z_eta_sweep,BasicPOMCP,0.0,0.0,nominal,100,5,5,0.01875,0.0,53,17.0,0.03059350000694394,2,0,3
E3,2026-05-08,rho_z_eta_sweep,BasicPOMCP,0.0,0.0,nominal,100,5,5,0.01875,0.0,54,6.0,0.030843599990475923,1,0,4
E3,2026-05-08,rho_z_eta_sweep,BasicPOMCP,0.0,0.0,nominal,100,5,5,0.01875,0.0,55,-93.0,0.030891900009009987,1,1,3
E3,2026-05-08,rho_z_eta_sweep,BasicPOMCP,0.0,0.0,nominal,100,5,5,0.01875,0.0,56,6.0,0.030418100010138005,1,0,4
E3,2026-05-08,rho_z_eta_sweep,BasicPOMCP,0.0,0.0,nominal,100,5,5,0.01875,0.0,57,17.0,0.0302914000058081,2,0,3
E3,2026-05-08,rho_z_eta_sweep,BasicPOMCP,0.0,0.0,nominal,100,5,5,0.01875,0.0,58,-181.0,0.030290599999716505,2,2,1
E3,2026-05-08,rho_z_eta_sweep,BasicPOMCP,0.0,0.0,nominal,100,5,5,0.01875,0.0,59,-93.0,0.030531900003552437,1,1,3
E3,2026-05-08,rho_z_eta_sweep,BasicPOMCP,0.0,0.0,nominal,100,5,5,0.01875,0.0,60,17.0,0.030157000001054257,2,0,3
E3,2026-05-08,rho_z_eta_sweep,BasicPOMCP,0.0,0.0,nominal,100,5,5,0.01875,0.0,61,6.0,0.030256700003519654,1,0,4
E3,2026-05-08,rho_z_eta_sweep,BasicPOMCP,0.0,0.0,nominal,100,5,5,0.01875,0.0,62,-82.0,0.03623699999297969,2,1,2
E3,2026-05-08,rho_z_eta_sweep,BasicPOMCP,0.0,0.0,nominal,100,5,5,0.01875,0.0,63,17.0,0.051819899992551655,2,0,3
E3,2026-05-08,rho_z_eta_sweep,BasicPOMCP,0.0,0.0,nominal,100,5,5,0.01875,0.0,64,-192.0,0.032437399990158156,1,2,2
E3,2026-05-08,rho_z_eta_sweep,BasicPOMCP,0.0,0.0,nominal,100,5,5,0.01875,0.0,65,6.0,0.03654270002152771,1,0,4
E3,2026-05-08,rho_z_eta_sweep,BasicPOMCP,0.0,0.0,nominal,100,5,5,0.01875,0.0,66,-104.0,0.031877300003543496,0,1,4
E3,2026-05-08,rho_z_eta_sweep,BasicPOMCP,0.0,0.0,nominal,100,5,5,0.01875,0.0,67,17.0,0.030824499990558252,2,0,3
E3,2026-05-08,rho_z_eta_sweep,BasicPOMCP,0.0,0.0,nominal,100,5,5,0.01875,0.0,68,6.0,0.03705939999781549,1,0,4
E3,2026-05-08,rho_z_eta_sweep,BasicPOMCP,0.0,0.0,nominal,100,5,5,0.01875,0.0,69,-82.0,0.030056600022362545,2,1,2
E3,2026-05-08,rho_z_eta_sweep,BasicPOMCP,0.0,0.0,nominal,100,5,5,0.01875,0.0,70,17.0,0.03017129999352619,2,0,3
E3,2026-05-08,rho_z_eta_sweep,BasicPOMCP,0.0,0.0,nominal,100,5,5,0.01875,0.0,71,17.0,0.032192999991821125,2,0,3
E3,2026-05-08,rho_z_eta_sweep,BasicPOMCP,0.0,0.0,nominal,100,5,5,0.01875,0.0,72,17.0,0.03439220000291243,2,0,3
E3,2026-05-08,rho_z_eta_sweep,BasicPOMCP,0.0,0.0,nominal,100,5,5,0.01875,0.0,73,-93.0,0.029922100016847253,1,1,3
E3,2026-05-08,rho_z_eta_sweep,BasicPOMCP,0.0,0.0,nominal,100,5,5,0.01875,0.0,74,28.0,0.030464000010397285,3,0,2
E3,2026-05-08,rho_z_eta_sweep,BasicPOMCP,0.0,0.0,nominal,100,5,5,0.01875,0.0,75,-203.0,0.03002040000865236,0,2,3
E3,2026-05-08,rho_z_eta_sweep,BasicPOMCP,0.0,0.0,nominal,100,5,5,0.01875,0.0,76,-93.0,0.029800499993143603,1,1,3
E3,2026-05-08,rho_z_eta_sweep,BasicPOMCP,0.0,0.0,nominal,100,5,5,0.01875,0.0,77,6.0,0.048911600024439394,1,0,4
E3,2026-05-08,rho_z_eta_sweep,BasicPOMCP,0.0,0.0,nominal,100,5,5,0.01875,0.0,78,-71.0,0.032212299993261695,3,1,1
E3,2026-05-08,rho_z_eta_sweep,BasicPOMCP,0.0,0.0,nominal,100,5,5,0.01875,0.0,79,-104.0,0.03068399999756366,0,1,4
E3,2026-05-08,rho_z_eta_sweep,BasicPOMCP,0.0,0.0,nominal,100,5,5,0.01875,0.0,80,-5.0,0.030793099984293804,0,0,5
E3,2026-05-08,rho_z_eta_sweep,BasicPOMCP,0.0,0.0,nominal,100,5,5,0.01875,0.0,81,-82.0,0.031013400002848357,2,1,2
E3,2026-05-08,rho_z_eta_sweep,BasicPOMCP,0.0,0.0,nominal,100,5,5,0.01875,0.0,82,6.0,0.03123349999077618,1,0,4
E3,2026-05-08,rho_z_eta_sweep,BasicPOMCP,0.0,0.0,nominal,100,5,5,0.01875,0.0,83,-291.0,0.031018300011055544,1,3,1
E3,2026-05-08,rho_z_eta_sweep,BasicPOMCP,0.0,0.0,nominal,100,5,5,0.01875,0.0,84,6.0,0.030466500000329688,1,0,4
E3,2026-05-08,rho_z_eta_sweep,BasicPOMCP,0.0,0.0,nominal,100,5,5,0.01875,0.0,85,-82.0,0.03070040000602603,2,1,2
E3,2026-05-08,rho_z_eta_sweep,BasicPOMCP,0.0,0.0,nominal,100,5,5,0.01875,0.0,86,-71.0,0.03017280000494793,3,1,1
E3,2026-05-08,rho_z_eta_sweep,BasicPOMCP,0.0,0.0,nominal,100,5,5,0.01875,0.0,87,-71.0,0.030875600001309067,3,1,1
E3,2026-05-08,rho_z_eta_sweep,BasicPOMCP,0.0,0.0,nominal,100,5,5,0.01875,0.0,88,28.0,0.03427879998343997,3,0,2
E3,2026-05-08,rho_z_eta_sweep,BasicPOMCP,0.0,0.0,nominal,100,5,5,0.01875,0.0,89,28.0,0.030164899973897263,3,0,2
E3,2026-05-08,rho_z_eta_sweep,BasicPOMCP,0.0,0.0,nominal,100,5,5,0.01875,0.0,90,-82.0,0.0302689999807626,2,1,2
E3,2026-05-08,rho_z_eta_sweep,BasicPOMCP,0.0,0.0,nominal,100,5,5,0.01875,0.0,91,-93.0,0.02983790001599118,1,1,3
E3,2026-05-08,rho_z_eta_sweep,BasicPOMCP,0.0,0.0,nominal,100,5,5,0.01875,0.0,92,-5.0,0.05810900000506081,0,0,5
E3,2026-05-08,rho_z_eta_sweep,BasicPOMCP,0.0,0.0,nominal,100,5,5,0.01875,0.0,93,-93.0,0.030800300010014325,1,1,3
E3,2026-05-08,rho_z_eta_sweep,BasicPOMCP,0.0,0.0,nominal,100,5,5,0.01875,0.0,94,17.0,0.030755500018130988,2,0,3
E3,2026-05-08,rho_z_eta_sweep,BasicPOMCP,0.0,0.0,nominal,100,5,5,0.01875,0.0,95,17.0,0.031018099980428815,2,0,3
E3,2026-05-08,rho_z_eta_sweep,BasicPOMCP,0.0,0.0,nominal,100,5,5,0.01875,0.0,96,-71.0,0.030686500016599894,3,1,1
E3,2026-05-08,rho_z_eta_sweep,BasicPOMCP,0.0,0.0,nominal,100,5,5,0.01875,0.0,97,6.0,0.033955999999307096,1,0,4
E3,2026-05-08,rho_z_eta_sweep,BasicPOMCP,0.0,0.0,nominal,100,5,5,0.01875,0.0,98,-181.0,0.03398760000709444,2,2,1
E3,2026-05-08,rho_z_eta_sweep,BasicPOMCP,0.0,0.0,nominal,100,5,5,0.01875,0.0,99,17.0,0.030562100000679493,2,0,3
E3,2026-05-08,rho_z_eta_sweep,BasicPOMCP,0.0,0.0,nominal,100,5,5,0.01875,0.0,100,17.0,0.031625700008589774,2,0,3
E3,2026-05-08,rho_z_eta_sweep,BasicPOMCP,0.0,0.0,nominal,100,5,5,0.025,0.0,1,6.0,0.031120100000407547,1,0,4
E3,2026-05-08,rho_z_eta_sweep,BasicPOMCP,0.0,0.0,nominal,100,5,5,0.025,0.0,2,-192.0,0.030914800008758903,1,2,2
E3,2026-05-08,rho_z_eta_sweep,BasicPOMCP,0.0,0.0,nominal,100,5,5,0.025,0.0,3,-82.0,0.030849700007820502,2,1,2
E3,2026-05-08,rho_z_eta_sweep,BasicPOMCP,0.0,0.0,nominal,100,5,5,0.025,0.0,4,-82.0,0.03021299999090843,2,1,2
E3,2026-05-08,rho_z_eta_sweep,BasicPOMCP,0.0,0.0,nominal,100,5,5,0.025,0.0,5,28.0,0.030388900020625442,3,0,2
E3,2026-05-08,rho_z_eta_sweep,BasicPOMCP,0.0,0.0,nominal,100,5,5,0.025,0.0,6,6.0,0.030299599980935454,1,0,4
E3,2026-05-08,rho_z_eta_sweep,BasicPOMCP,0.0,0.0,nominal,100,5,5,0.025,0.0,7,6.0,0.05499219999182969,1,0,4
E3,2026-05-08,rho_z_eta_sweep,BasicPOMCP,0.0,0.0,nominal,100,5,5,0.025,0.0,8,28.0,0.030105199984973297,3,0,2
E3,2026-05-08,rho_z_eta_sweep,BasicPOMCP,0.0,0.0,nominal,100,5,5,0.025,0.0,9,17.0,0.030232699995394796,2,0,3
E3,2026-05-08,rho_z_eta_sweep,BasicPOMCP,0.0,0.0,nominal,100,5,5,0.025,0.0,10,28.0,0.03018609998980537,3,0,2
E3,2026-05-08,rho_z_eta_sweep,BasicPOMCP,0.0,0.0,nominal,100,5,5,0.025,0.0,11,-82.0,0.031787300016731024,2,1,2
E3,2026-05-08,rho_z_eta_sweep,BasicPOMCP,0.0,0.0,nominal,100,5,5,0.025,0.0,12,-93.0,0.03368749999208376,1,1,3
E3,2026-05-08,rho_z_eta_sweep,BasicPOMCP,0.0,0.0,nominal,100,5,5,0.025,0.0,13,6.0,0.03098619999946095,1,0,4
E3,2026-05-08,rho_z_eta_sweep,BasicPOMCP,0.0,0.0,nominal,100,5,5,0.025,0.0,14,28.0,0.03643869998631999,3,0,2
E3,2026-05-08,rho_z_eta_sweep,BasicPOMCP,0.0,0.0,nominal,100,5,5,0.025,0.0,15,-181.0,0.030483000009553507,2,2,1
E3,2026-05-08,rho_z_eta_sweep,BasicPOMCP,0.0,0.0,nominal,100,5,5,0.025,0.0,16,-5.0,0.03426689998013899,0,0,5
E3,2026-05-08,rho_z_eta_sweep,BasicPOMCP,0.0,0.0,nominal,100,5,5,0.025,0.0,17,17.0,0.03107200001250021,2,0,3
E3,2026-05-08,rho_z_eta_sweep,BasicPOMCP,0.0,0.0,nominal,100,5,5,0.025,0.0,18,-93.0,0.03069880002294667,1,1,3
E3,2026-05-08,rho_z_eta_sweep,BasicPOMCP,0.0,0.0,nominal,100,5,5,0.025,0.0,19,28.0,0.03027059999294579,3,0,2
E3,2026-05-08,rho_z_eta_sweep,BasicPOMCP,0.0,0.0,nominal,100,5,5,0.025,0.0,20,17.0,0.030803500005276874,2,0,3
E3,2026-05-08,rho_z_eta_sweep,BasicPOMCP,0.0,0.0,nominal,100,5,5,0.025,0.0,21,-93.0,0.03056420001666993,1,1,3
E3,2026-05-08,rho_z_eta_sweep,BasicPOMCP,0.0,0.0,nominal,100,5,5,0.025,0.0,22,-71.0,0.061526000004960224,3,1,1
E3,2026-05-08,rho_z_eta_sweep,BasicPOMCP,0.0,0.0,nominal,100,5,5,0.025,0.0,23,-181.0,0.030379200004972517,2,2,1
E3,2026-05-08,rho_z_eta_sweep,BasicPOMCP,0.0,0.0,nominal,100,5,5,0.025,0.0,24,6.0,0.03188260001479648,1,0,4
E3,2026-05-08,rho_z_eta_sweep,BasicPOMCP,0.0,0.0,nominal,100,5,5,0.025,0.0,25,28.0,0.03200720000313595,3,0,2
E3,2026-05-08,rho_z_eta_sweep,BasicPOMCP,0.0,0.0,nominal,100,5,5,0.025,0.0,26,17.0,0.03572109999367967,2,0,3
E3,2026-05-08,rho_z_eta_sweep,BasicPOMCP,0.0,0.0,nominal,100,5,5,0.025,0.0,27,-280.0,0.031074300000909716,2,3,0
E3,2026-05-08,rho_z_eta_sweep,BasicPOMCP,0.0,0.0,nominal,100,5,5,0.025,0.0,28,-170.0,0.030169400008162484,3,2,0
E3,2026-05-08,rho_z_eta_sweep,BasicPOMCP,0.0,0.0,nominal,100,5,5,0.025,0.0,29,17.0,0.03024849999928847,2,0,3
E3,2026-05-08,rho_z_eta_sweep,BasicPOMCP,0.0,0.0,nominal,100,5,5,0.025,0.0,30,6.0,0.03060689999256283,1,0,4
E3,2026-05-08,rho_z_eta_sweep,BasicPOMCP,0.0,0.0,nominal,100,5,5,0.025,0.0,31,-82.0,0.03035829999134876,2,1,2
E3,2026-05-08,rho_z_eta_sweep,BasicPOMCP,0.0,0.0,nominal,100,5,5,0.025,0.0,32,17.0,0.03014039999106899,2,0,3
E3,2026-05-08,rho_z_eta_sweep,BasicPOMCP,0.0,0.0,nominal,100,5,5,0.025,0.0,33,39.0,0.03197280000313185,4,0,1
E3,2026-05-08,rho_z_eta_sweep,BasicPOMCP,0.0,0.0,nominal,100,5,5,0.025,0.0,34,17.0,0.030539300001692027,2,0,3
E3,2026-05-08,rho_z_eta_sweep,BasicPOMCP,0.0,0.0,nominal,100,5,5,0.025,0.0,35,-93.0,0.030734900006791577,1,1,3
E3,2026-05-08,rho_z_eta_sweep,BasicPOMCP,0.0,0.0,nominal,100,5,5,0.025,0.0,36,-93.0,0.030278599995654076,1,1,3
E3,2026-05-08,rho_z_eta_sweep,BasicPOMCP,0.0,0.0,nominal,100,5,5,0.025,0.0,37,-82.0,0.030476100015221164,2,1,2
E3,2026-05-08,rho_z_eta_sweep,BasicPOMCP,0.0,0.0,nominal,100,5,5,0.025,0.0,38,-104.0,0.05080989998532459,0,1,4
E3,2026-05-08,rho_z_eta_sweep,BasicPOMCP,0.0,0.0,nominal,100,5,5,0.025,0.0,39,-192.0,0.03027829999336973,1,2,2
E3,2026-05-08,rho_z_eta_sweep,BasicPOMCP,0.0,0.0,nominal,100,5,5,0.025,0.0,40,-181.0,0.03067090001422912,2,2,1
E3,2026-05-08,rho_z_eta_sweep,BasicPOMCP,0.0,0.0,nominal,100,5,5,0.025,0.0,41,-104.0,0.03120830000261776,0,1,4
E3,2026-05-08,rho_z_eta_sweep,BasicPOMCP,0.0,0.0,nominal,100,5,5,0.025,0.0,42,-93.0,0.030520000000251457,1,1,3
E3,2026-05-08,rho_z_eta_sweep,BasicPOMCP,0.0,0.0,nominal,100,5,5,0.025,0.0,43,-82.0,0.030545299989171326,2,1,2
E3,2026-05-08,rho_z_eta_sweep,BasicPOMCP,0.0,0.0,nominal,100,5,5,0.025,0.0,44,-82.0,0.031208799977321178,2,1,2
E3,2026-05-08,rho_z_eta_sweep,BasicPOMCP,0.0,0.0,nominal,100,5,5,0.025,0.0,45,28.0,0.030596099997637793,3,0,2
E3,2026-05-08,rho_z_eta_sweep,BasicPOMCP,0.0,0.0,nominal,100,5,5,0.025,0.0,46,17.0,0.030419299990171567,2,0,3
E3,2026-05-08,rho_z_eta_sweep,BasicPOMCP,0.0,0.0,nominal,100,5,5,0.025,0.0,47,-93.0,0.031419700011610985,1,1,3
E3,2026-05-08,rho_z_eta_sweep,BasicPOMCP,0.0,0.0,nominal,100,5,5,0.025,0.0,48,17.0,0.031343899987405166,2,0,3
E3,2026-05-08,rho_z_eta_sweep,BasicPOMCP,0.0,0.0,nominal,100,5,5,0.025,0.0,49,6.0,0.03083520001382567,1,0,4
E3,2026-05-08,rho_z_eta_sweep,BasicPOMCP,0.0,0.0,nominal,100,5,5,0.025,0.0,50,17.0,0.048912900005234405,2,0,3
E3,2026-05-08,rho_z_eta_sweep,BasicPOMCP,0.0,0.0,nominal,100,5,5,0.025,0.0,51,39.0,0.0305211000086274,4,0,1
E3,2026-05-08,rho_z_eta_sweep,BasicPOMCP,0.0,0.0,nominal,100,5,5,0.025,0.0,52,-5.0,0.03447879999293946,0,0,5
E3,2026-05-08,rho_z_eta_sweep,BasicPOMCP,0.0,0.0,nominal,100,5,5,0.025,0.0,53,17.0,0.03049130001454614,2,0,3
E3,2026-05-08,rho_z_eta_sweep,BasicPOMCP,0.0,0.0,nominal,100,5,5,0.025,0.0,54,6.0,0.03068389999680221,1,0,4
E3,2026-05-08,rho_z_eta_sweep,BasicPOMCP,0.0,0.0,nominal,100,5,5,0.025,0.0,55,-93.0,0.030610299989348277,1,1,3
E3,2026-05-08,rho_z_eta_sweep,BasicPOMCP,0.0,0.0,nominal,100,5,5,0.025,0.0,56,6.0,0.03018159998464398,1,0,4
E3,2026-05-08,rho_z_eta_sweep,BasicPOMCP,0.0,0.0,nominal,100,5,5,0.025,0.0,57,17.0,0.030261200008681044,2,0,3
E3,2026-05-08,rho_z_eta_sweep,BasicPOMCP,0.0,0.0,nominal,100,5,5,0.025,0.0,58,-181.0,0.03212550000171177,2,2,1
E3,2026-05-08,rho_z_eta_sweep,BasicPOMCP,0.0,0.0,nominal,100,5,5,0.025,0.0,59,-93.0,0.03326619998551905,1,1,3
E3,2026-05-08,rho_z_eta_sweep,BasicPOMCP,0.0,0.0,nominal,100,5,5,0.025,0.0,60,17.0,0.030767799995373935,2,0,3
E3,2026-05-08,rho_z_eta_sweep,BasicPOMCP,0.0,0.0,nominal,100,5,5,0.025,0.0,61,6.0,0.030804399983026087,1,0,4
E3,2026-05-08,rho_z_eta_sweep,BasicPOMCP,0.0,0.0,nominal,100,5,5,0.025,0.0,62,-82.0,0.031192700000246987,2,1,2
E3,2026-05-08,rho_z_eta_sweep,BasicPOMCP,0.0,0.0,nominal,100,5,5,0.025,0.0,63,17.0,0.035230300010880455,2,0,3
E3,2026-05-08,rho_z_eta_sweep,BasicPOMCP,0.0,0.0,nominal,100,5,5,0.025,0.0,64,-192.0,0.0313834999979008,1,2,2
E3,2026-05-08,rho_z_eta_sweep,BasicPOMCP,0.0,0.0,nominal,100,5,5,0.025,0.0,65,6.0,0.03089719999115914,1,0,4
E3,2026-05-08,rho_z_eta_sweep,BasicPOMCP,0.0,0.0,nominal,100,5,5,0.025,0.0,66,-104.0,0.04781610000645742,0,1,4
E3,2026-05-08,rho_z_eta_sweep,BasicPOMCP,0.0,0.0,nominal,100,5,5,0.025,0.0,67,17.0,0.03047959998366423,2,0,3
E3,2026-05-08,rho_z_eta_sweep,BasicPOMCP,0.0,0.0,nominal,100,5,5,0.025,0.0,68,6.0,0.030525099980877712,1,0,4
E3,2026-05-08,rho_z_eta_sweep,BasicPOMCP,0.0,0.0,nominal,100,5,5,0.025,0.0,69,-82.0,0.04478850000305101,2,1,2
E3,2026-05-08,rho_z_eta_sweep,BasicPOMCP,0.0,0.0,nominal,100,5,5,0.025,0.0,70,17.0,0.031807599996682256,2,0,3
E3,2026-05-08,rho_z_eta_sweep,BasicPOMCP,0.0,0.0,nominal,100,5,5,0.025,0.0,71,17.0,0.031671400007326156,2,0,3
E3,2026-05-08,rho_z_eta_sweep,BasicPOMCP,0.0,0.0,nominal,100,5,5,0.025,0.0,72,17.0,0.02979980001691729,2,0,3
E3,2026-05-08,rho_z_eta_sweep,BasicPOMCP,0.0,0.0,nominal,100,5,5,0.025,0.0,73,-93.0,0.030806599999777973,1,1,3
E3,2026-05-08,rho_z_eta_sweep,BasicPOMCP,0.0,0.0,nominal,100,5,5,0.025,0.0,74,28.0,0.030864000000292435,3,0,2
E3,2026-05-08,rho_z_eta_sweep,BasicPOMCP,0.0,0.0,nominal,100,5,5,0.025,0.0,75,-203.0,0.030703700002050027,0,2,3
E3,2026-05-08,rho_z_eta_sweep,BasicPOMCP,0.0,0.0,nominal,100,5,5,0.025,0.0,76,-93.0,0.030627099971752614,1,1,3
E3,2026-05-08,rho_z_eta_sweep,BasicPOMCP,0.0,0.0,nominal,100,5,5,0.025,0.0,77,6.0,0.030548099981388077,1,0,4
E3,2026-05-08,rho_z_eta_sweep,BasicPOMCP,0.0,0.0,nominal,100,5,5,0.025,0.0,78,-71.0,0.03039800000260584,3,1,1
E3,2026-05-08,rho_z_eta_sweep,BasicPOMCP,0.0,0.0,nominal,100,5,5,0.025,0.0,79,-104.0,0.030830100004095584,0,1,4
E3,2026-05-08,rho_z_eta_sweep,BasicPOMCP,0.0,0.0,nominal,100,5,5,0.025,0.0,80,-5.0,0.030013300012797117,0,0,5
E3,2026-05-08,rho_z_eta_sweep,BasicPOMCP,0.0,0.0,nominal,100,5,5,0.025,0.0,81,-82.0,0.030135499982861802,2,1,2
E3,2026-05-08,rho_z_eta_sweep,BasicPOMCP,0.0,0.0,nominal,100,5,5,0.025,0.0,82,6.0,0.05106299999170005,1,0,4
E3,2026-05-08,rho_z_eta_sweep,BasicPOMCP,0.0,0.0,nominal,100,5,5,0.025,0.0,83,-291.0,0.03013860000646673,1,3,1
E3,2026-05-08,rho_z_eta_sweep,BasicPOMCP,0.0,0.0,nominal,100,5,5,0.025,0.0,84,6.0,0.0304249000037089,1,0,4
E3,2026-05-08,rho_z_eta_sweep,BasicPOMCP,0.0,0.0,nominal,100,5,5,0.025,0.0,85,-82.0,0.030615499999839813,2,1,2
E3,2026-05-08,rho_z_eta_sweep,BasicPOMCP,0.0,0.0,nominal,100,5,5,0.025,0.0,86,-71.0,0.030469999997876585,3,1,1
E3,2026-05-08,rho_z_eta_sweep,BasicPOMCP,0.0,0.0,nominal,100,5,5,0.025,0.0,87,-93.0,0.034028599999146536,1,1,3
E3,2026-05-08,rho_z_eta_sweep,BasicPOMCP,0.0,0.0,nominal,100,5,5,0.025,0.0,88,17.0,0.03520700000808574,2,0,3
E3,2026-05-08,rho_z_eta_sweep,BasicPOMCP,0.0,0.0,nominal,100,5,5,0.025,0.0,89,28.0,0.03133900000830181,3,0,2
E3,2026-05-08,rho_z_eta_sweep,BasicPOMCP,0.0,0.0,nominal,100,5,5,0.025,0.0,90,-82.0,0.03129909999552183,2,1,2
E3,2026-05-08,rho_z_eta_sweep,BasicPOMCP,0.0,0.0,nominal,100,5,5,0.025,0.0,91,-93.0,0.0303256000042893,1,1,3
E3,2026-05-08,rho_z_eta_sweep,BasicPOMCP,0.0,0.0,nominal,100,5,5,0.025,0.0,92,-5.0,0.03029570000944659,0,0,5
E3,2026-05-08,rho_z_eta_sweep,BasicPOMCP,0.0,0.0,nominal,100,5,5,0.025,0.0,93,-93.0,0.030588399997213855,1,1,3
E3,2026-05-08,rho_z_eta_sweep,BasicPOMCP,0.0,0.0,nominal,100,5,5,0.025,0.0,94,17.0,0.030640099983429536,2,0,3
E3,2026-05-08,rho_z_eta_sweep,BasicPOMCP,0.0,0.0,nominal,100,5,5,0.025,0.0,95,17.0,0.030505799979437143,2,0,3
E3,2026-05-08,rho_z_eta_sweep,BasicPOMCP,0.0,0.0,nominal,100,5,5,0.025,0.0,96,-71.0,0.048809399973833933,3,1,1
E3,2026-05-08,rho_z_eta_sweep,BasicPOMCP,0.0,0.0,nominal,100,5,5,0.025,0.0,97,6.0,0.04116240001167171,1,0,4
E3,2026-05-08,rho_z_eta_sweep,BasicPOMCP,0.0,0.0,nominal,100,5,5,0.025,0.0,98,-181.0,0.029963299981318414,2,2,1
E3,2026-05-08,rho_z_eta_sweep,BasicPOMCP,0.0,0.0,nominal,100,5,5,0.025,0.0,99,17.0,0.03032679998432286,2,0,3
E3,2026-05-08,rho_z_eta_sweep,BasicPOMCP,0.0,0.0,nominal,100,5,5,0.025,0.0,100,17.0,0.030355900002177805,2,0,3
E3,2026-05-08,rho_z_eta_sweep,BasicPOMCP,0.0,0.0,nominal,100,5,5,0.0375,0.0,1,6.0,0.03269160000490956,1,0,4
E3,2026-05-08,rho_z_eta_sweep,BasicPOMCP,0.0,0.0,nominal,100,5,5,0.0375,0.0,2,-82.0,0.029828400001861155,2,1,2
E3,2026-05-08,rho_z_eta_sweep,BasicPOMCP,0.0,0.0,nominal,100,5,5,0.0375,0.0,3,-82.0,0.030269800015958026,2,1,2
E3,2026-05-08,rho_z_eta_sweep,BasicPOMCP,0.0,0.0,nominal,100,5,5,0.0375,0.0,4,-82.0,0.030356300005223602,2,1,2
E3,2026-05-08,rho_z_eta_sweep,BasicPOMCP,0.0,0.0,nominal,100,5,5,0.0375,0.0,5,28.0,0.030317800003103912,3,0,2
E3,2026-05-08,rho_z_eta_sweep,BasicPOMCP,0.0,0.0,nominal,100,5,5,0.0375,0.0,6,6.0,0.030315500014694408,1,0,4
E3,2026-05-08,rho_z_eta_sweep,BasicPOMCP,0.0,0.0,nominal,100,5,5,0.0375,0.0,7,6.0,0.029878799978177994,1,0,4
E3,2026-05-08,rho_z_eta_sweep,BasicPOMCP,0.0,0.0,nominal,100,5,5,0.0375,0.0,8,28.0,0.0300870000210125,3,0,2
E3,2026-05-08,rho_z_eta_sweep,BasicPOMCP,0.0,0.0,nominal,100,5,5,0.0375,0.0,9,17.0,0.030098200018983334,2,0,3
E3,2026-05-08,rho_z_eta_sweep,BasicPOMCP,0.0,0.0,nominal,100,5,5,0.0375,0.0,10,28.0,0.029922200017608702,3,0,2
E3,2026-05-08,rho_z_eta_sweep,BasicPOMCP,0.0,0.0,nominal,100,5,5,0.0375,0.0,11,-82.0,0.03015490001416765,2,1,2
E3,2026-05-08,rho_z_eta_sweep,BasicPOMCP,0.0,0.0,nominal,100,5,5,0.0375,0.0,12,-93.0,0.030145400000037625,1,1,3
E3,2026-05-08,rho_z_eta_sweep,BasicPOMCP,0.0,0.0,nominal,100,5,5,0.0375,0.0,13,6.0,0.04934519997914322,1,0,4
E3,2026-05-08,rho_z_eta_sweep,BasicPOMCP,0.0,0.0,nominal,100,5,5,0.0375,0.0,14,28.0,0.03004109999164939,3,0,2
E3,2026-05-08,rho_z_eta_sweep,BasicPOMCP,0.0,0.0,nominal,100,5,5,0.0375,0.0,15,-181.0,0.029734900017501786,2,2,1
E3,2026-05-08,rho_z_eta_sweep,BasicPOMCP,0.0,0.0,nominal,100,5,5,0.0375,0.0,16,-5.0,0.029872500017518178,0,0,5
E3,2026-05-08,rho_z_eta_sweep,BasicPOMCP,0.0,0.0,nominal,100,5,5,0.0375,0.0,17,17.0,0.03019960000528954,2,0,3
E3,2026-05-08,rho_z_eta_sweep,BasicPOMCP,0.0,0.0,nominal,100,5,5,0.0375,0.0,18,-93.0,0.030227200011722744,1,1,3
E3,2026-05-08,rho_z_eta_sweep,BasicPOMCP,0.0,0.0,nominal,100,5,5,0.0375,0.0,19,28.0,0.02984230002039112,3,0,2
E3,2026-05-08,rho_z_eta_sweep,BasicPOMCP,0.0,0.0,nominal,100,5,5,0.0375,0.0,20,17.0,0.030283700005384162,2,0,3
E3,2026-05-08,rho_z_eta_sweep,BasicPOMCP,0.0,0.0,nominal,100,5,5,0.0375,0.0,21,-93.0,0.03054169999086298,1,1,3
E3,2026-05-08,rho_z_eta_sweep,BasicPOMCP,0.0,0.0,nominal,100,5,5,0.0375,0.0,22,-71.0,0.029704199987463653,3,1,1
E3,2026-05-08,rho_z_eta_sweep,BasicPOMCP,0.0,0.0,nominal,100,5,5,0.0375,0.0,23,-181.0,0.029752400005236268,2,2,1
E3,2026-05-08,rho_z_eta_sweep,BasicPOMCP,0.0,0.0,nominal,100,5,5,0.0375,0.0,24,6.0,0.030177700013155118,1,0,4
E3,2026-05-08,rho_z_eta_sweep,BasicPOMCP,0.0,0.0,nominal,100,5,5,0.0375,0.0,25,28.0,0.031926499999826774,3,0,2
E3,2026-05-08,rho_z_eta_sweep,BasicPOMCP,0.0,0.0,nominal,100,5,5,0.0375,0.0,26,17.0,0.03359999999520369,2,0,3
E3,2026-05-08,rho_z_eta_sweep,BasicPOMCP,0.0,0.0,nominal,100,5,5,0.0375,0.0,27,-280.0,0.04814589998568408,2,3,0
E3,2026-05-08,rho_z_eta_sweep,BasicPOMCP,0.0,0.0,nominal,100,5,5,0.0375,0.0,28,-170.0,0.029924800008302554,3,2,0
E3,2026-05-08,rho_z_eta_sweep,BasicPOMCP,0.0,0.0,nominal,100,5,5,0.0375,0.0,29,17.0,0.030210299999453127,2,0,3
E3,2026-05-08,rho_z_eta_sweep,BasicPOMCP,0.0,0.0,nominal,100,5,5,0.0375,0.0,30,6.0,0.03038320000632666,1,0,4
E3,2026-05-08,rho_z_eta_sweep,BasicPOMCP,0.0,0.0,nominal,100,5,5,0.0375,0.0,31,-82.0,0.03031229999032803,2,1,2
E3,2026-05-08,rho_z_eta_sweep,BasicPOMCP,0.0,0.0,nominal,100,5,5,0.0375,0.0,32,17.0,0.03075379997608252,2,0,3
E3,2026-05-08,rho_z_eta_sweep,BasicPOMCP,0.0,0.0,nominal,100,5,5,0.0375,0.0,33,39.0,0.030322000005980954,4,0,1
E3,2026-05-08,rho_z_eta_sweep,BasicPOMCP,0.0,0.0,nominal,100,5,5,0.0375,0.0,34,17.0,0.030142500007059425,2,0,3
E3,2026-05-08,rho_z_eta_sweep,BasicPOMCP,0.0,0.0,nominal,100,5,5,0.0375,0.0,35,-93.0,0.03333490001386963,1,1,3
E3,2026-05-08,rho_z_eta_sweep,BasicPOMCP,0.0,0.0,nominal,100,5,5,0.0375,0.0,36,-93.0,0.030651900015072897,1,1,3
E3,2026-05-08,rho_z_eta_sweep,BasicPOMCP,0.0,0.0,nominal,100,5,5,0.0375,0.0,37,-82.0,0.042502099997363985,2,1,2
E3,2026-05-08,rho_z_eta_sweep,BasicPOMCP,0.0,0.0,nominal,100,5,5,0.0375,0.0,38,-104.0,0.030080199998337775,0,1,4
E3,2026-05-08,rho_z_eta_sweep,BasicPOMCP,0.0,0.0,nominal,100,5,5,0.0375,0.0,39,-192.0,0.029943699977593496,1,2,2
E3,2026-05-08,rho_z_eta_sweep,BasicPOMCP,0.0,0.0,nominal,100,5,5,0.0375,0.0,40,-181.0,0.029855100001441315,2,2,1
E3,2026-05-08,rho_z_eta_sweep,BasicPOMCP,0.0,0.0,nominal,100,5,5,0.0375,0.0,41,-104.0,0.030285099986940622,0,1,4
E3,2026-05-08,rho_z_eta_sweep,BasicPOMCP,0.0,0.0,nominal,100,5,5,0.0375,0.0,42,-93.0,0.02954759998829104,1,1,3
E3,2026-05-08,rho_z_eta_sweep,BasicPOMCP,0.0,0.0,nominal,100,5,5,0.0375,0.0,43,-82.0,0.05511450002086349,2,1,2
E3,2026-05-08,rho_z_eta_sweep,BasicPOMCP,0.0,0.0,nominal,100,5,5,0.0375,0.0,44,-82.0,0.030419099988648668,2,1,2
E3,2026-05-08,rho_z_eta_sweep,BasicPOMCP,0.0,0.0,nominal,100,5,5,0.0375,0.0,45,28.0,0.03049150001606904,3,0,2
E3,2026-05-08,rho_z_eta_sweep,BasicPOMCP,0.0,0.0,nominal,100,5,5,0.0375,0.0,46,17.0,0.030241700005717576,2,0,3
E3,2026-05-08,rho_z_eta_sweep,BasicPOMCP,0.0,0.0,nominal,100,5,5,0.0375,0.0,47,-93.0,0.03081869997549802,1,1,3
E3,2026-05-08,rho_z_eta_sweep,BasicPOMCP,0.0,0.0,nominal,100,5,5,0.0375,0.0,48,17.0,0.03018039997550659,2,0,3
E3,2026-05-08,rho_z_eta_sweep,BasicPOMCP,0.0,0.0,nominal,100,5,5,0.0375,0.0,49,6.0,0.03367080001044087,1,0,4
E3,2026-05-08,rho_z_eta_sweep,BasicPOMCP,0.0,0.0,nominal,100,5,5,0.0375,0.0,50,17.0,0.032496600004378706,2,0,3
E3,2026-05-08,rho_z_eta_sweep,BasicPOMCP,0.0,0.0,nominal,100,5,5,0.0375,0.0,51,39.0,0.030284499982371926,4,0,1
E3,2026-05-08,rho_z_eta_sweep,BasicPOMCP,0.0,0.0,nominal,100,5,5,0.0375,0.0,52,-5.0,0.03071510000154376,0,0,5
E3,2026-05-08,rho_z_eta_sweep,BasicPOMCP,0.0,0.0,nominal,100,5,5,0.0375,0.0,53,17.0,0.030179499997757375,2,0,3
E3,2026-05-08,rho_z_eta_sweep,BasicPOMCP,0.0,0.0,nominal,100,5,5,0.0375,0.0,54,6.0,0.03019510000012815,1,0,4
E3,2026-05-08,rho_z_eta_sweep,BasicPOMCP,0.0,0.0,nominal,100,5,5,0.0375,0.0,55,-93.0,0.030527499999152496,1,1,3
E3,2026-05-08,rho_z_eta_sweep,BasicPOMCP,0.0,0.0,nominal,100,5,5,0.0375,0.0,56,6.0,0.030089600011706352,1,0,4
E3,2026-05-08,rho_z_eta_sweep,BasicPOMCP,0.0,0.0,nominal,100,5,5,0.0375,0.0,57,17.0,0.029878300003474578,2,0,3
E3,2026-05-08,rho_z_eta_sweep,BasicPOMCP,0.0,0.0,nominal,100,5,5,0.0375,0.0,58,-181.0,0.04895930000930093,2,2,1
E3,2026-05-08,rho_z_eta_sweep,BasicPOMCP,0.0,0.0,nominal,100,5,5,0.0375,0.0,59,-93.0,0.03442690000520088,1,1,3
E3,2026-05-08,rho_z_eta_sweep,BasicPOMCP,0.0,0.0,nominal,100,5,5,0.0375,0.0,60,17.0,0.030982500000391155,2,0,3
E3,2026-05-08,rho_z_eta_sweep,BasicPOMCP,0.0,0.0,nominal,100,5,5,0.0375,0.0,61,6.0,0.03633380000246689,1,0,4
E3,2026-05-08,rho_z_eta_sweep,BasicPOMCP,0.0,0.0,nominal,100,5,5,0.0375,0.0,62,-82.0,0.029925100010586902,2,1,2
E3,2026-05-08,rho_z_eta_sweep,BasicPOMCP,0.0,0.0,nominal,100,5,5,0.0375,0.0,63,17.0,0.029745900013949722,2,0,3
E3,2026-05-08,rho_z_eta_sweep,BasicPOMCP,0.0,0.0,nominal,100,5,5,0.0375,0.0,64,-192.0,0.03087539999978617,1,2,2
E3,2026-05-08,rho_z_eta_sweep,BasicPOMCP,0.0,0.0,nominal,100,5,5,0.0375,0.0,65,6.0,0.03168000001460314,1,0,4
E3,2026-05-08,rho_z_eta_sweep,BasicPOMCP,0.0,0.0,nominal,100,5,5,0.0375,0.0,66,-104.0,0.030519199994159862,0,1,4
E3,2026-05-08,rho_z_eta_sweep,BasicPOMCP,0.0,0.0,nominal,100,5,5,0.0375,0.0,67,17.0,0.039504599990323186,2,0,3
E3,2026-05-08,rho_z_eta_sweep,BasicPOMCP,0.0,0.0,nominal,100,5,5,0.0375,0.0,68,6.0,0.03140310000162572,1,0,4
E3,2026-05-08,rho_z_eta_sweep,BasicPOMCP,0.0,0.0,nominal,100,5,5,0.0375,0.0,69,-82.0,0.02979080000659451,2,1,2
E3,2026-05-08,rho_z_eta_sweep,BasicPOMCP,0.0,0.0,nominal,100,5,5,0.0375,0.0,70,17.0,0.029903799993917346,2,0,3
E3,2026-05-08,rho_z_eta_sweep,BasicPOMCP,0.0,0.0,nominal,100,5,5,0.0375,0.0,71,17.0,0.029892299993662164,2,0,3
E3,2026-05-08,rho_z_eta_sweep,BasicPOMCP,0.0,0.0,nominal,100,5,5,0.0375,0.0,72,17.0,0.03554819998680614,2,0,3
E3,2026-05-08,rho_z_eta_sweep,BasicPOMCP,0.0,0.0,nominal,100,5,5,0.0375,0.0,73,-93.0,0.0314797000028193,1,1,3
E3,2026-05-08,rho_z_eta_sweep,BasicPOMCP,0.0,0.0,nominal,100,5,5,0.0375,0.0,74,28.0,0.05261869999230839,3,0,2
E3,2026-05-08,rho_z_eta_sweep,BasicPOMCP,0.0,0.0,nominal,100,5,5,0.0375,0.0,75,-203.0,0.029988299997057766,0,2,3
E3,2026-05-08,rho_z_eta_sweep,BasicPOMCP,0.0,0.0,nominal,100,5,5,0.0375,0.0,76,-93.0,0.029917800013208762,1,1,3
E3,2026-05-08,rho_z_eta_sweep,BasicPOMCP,0.0,0.0,nominal,100,5,5,0.0375,0.0,77,6.0,0.029953199991723523,1,0,4
E3,2026-05-08,rho_z_eta_sweep,BasicPOMCP,0.0,0.0,nominal,100,5,5,0.0375,0.0,78,-71.0,0.029830099985701963,3,1,1
E3,2026-05-08,rho_z_eta_sweep,BasicPOMCP,0.0,0.0,nominal,100,5,5,0.0375,0.0,79,-104.0,0.030049000022700056,0,1,4
E3,2026-05-08,rho_z_eta_sweep,BasicPOMCP,0.0,0.0,nominal,100,5,5,0.0375,0.0,80,-5.0,0.030582899984437972,0,0,5
E3,2026-05-08,rho_z_eta_sweep,BasicPOMCP,0.0,0.0,nominal,100,5,5,0.0375,0.0,81,-82.0,0.02989859998342581,2,1,2
E3,2026-05-08,rho_z_eta_sweep,BasicPOMCP,0.0,0.0,nominal,100,5,5,0.0375,0.0,82,6.0,0.03076120000332594,1,0,4
E3,2026-05-08,rho_z_eta_sweep,BasicPOMCP,0.0,0.0,nominal,100,5,5,0.0375,0.0,83,-291.0,0.03026470000622794,1,3,1
E3,2026-05-08,rho_z_eta_sweep,BasicPOMCP,0.0,0.0,nominal,100,5,5,0.0375,0.0,84,6.0,0.030311599984997883,1,0,4
E3,2026-05-08,rho_z_eta_sweep,BasicPOMCP,0.0,0.0,nominal,100,5,5,0.0375,0.0,85,-82.0,0.030323600018164143,2,1,2
E3,2026-05-08,rho_z_eta_sweep,BasicPOMCP,0.0,0.0,nominal,100,5,5,0.0375,0.0,86,-71.0,0.030231599987018853,3,1,1
E3,2026-05-08,rho_z_eta_sweep,BasicPOMCP,0.0,0.0,nominal,100,5,5,0.0375,0.0,87,-93.0,0.030284699983894825,1,1,3
E3,2026-05-08,rho_z_eta_sweep,BasicPOMCP,0.0,0.0,nominal,100,5,5,0.0375,0.0,88,17.0,0.04742280000937171,2,0,3
E3,2026-05-08,rho_z_eta_sweep,BasicPOMCP,0.0,0.0,nominal,100,5,5,0.0375,0.0,89,28.0,0.03045739998924546,3,0,2
E3,2026-05-08,rho_z_eta_sweep,BasicPOMCP,0.0,0.0,nominal,100,5,5,0.0375,0.0,90,-82.0,0.030038600001716986,2,1,2
E3,2026-05-08,rho_z_eta_sweep,BasicPOMCP,0.0,0.0,nominal,100,5,5,0.0375,0.0,91,-104.0,0.030440800008364022,0,1,4
E3,2026-05-08,rho_z_eta_sweep,BasicPOMCP,0.0,0.0,nominal,100,5,5,0.0375,0.0,92,-5.0,0.03057420000550337,0,0,5
E3,2026-05-08,rho_z_eta_sweep,BasicPOMCP,0.0,0.0,nominal,100,5,5,0.0375,0.0,93,-93.0,0.030283100000815466,1,1,3
E3,2026-05-08,rho_z_eta_sweep,BasicPOMCP,0.0,0.0,nominal,100,5,5,0.0375,0.0,94,17.0,0.030307100008940324,2,0,3
E3,2026-05-08,rho_z_eta_sweep,BasicPOMCP,0.0,0.0,nominal,100,5,5,0.0375,0.0,95,17.0,0.03011800002423115,2,0,3
E3,2026-05-08,rho_z_eta_sweep,BasicPOMCP,0.0,0.0,nominal,100,5,5,0.0375,0.0,96,-71.0,0.02983380001387559,3,1,1
E3,2026-05-08,rho_z_eta_sweep,BasicPOMCP,0.0,0.0,nominal,100,5,5,0.0375,0.0,97,6.0,0.03193469997495413,1,0,4
E3,2026-05-08,rho_z_eta_sweep,BasicPOMCP,0.0,0.0,nominal,100,5,5,0.0375,0.0,98,-181.0,0.030918700009351596,2,2,1
E3,2026-05-08,rho_z_eta_sweep,BasicPOMCP,0.0,0.0,nominal,100,5,5,0.0375,0.0,99,17.0,0.03009600000223145,2,0,3
E3,2026-05-08,rho_z_eta_sweep,BasicPOMCP,0.0,0.0,nominal,100,5,5,0.0375,0.0,100,17.0,0.030373299989150837,2,0,3
E3,2026-05-08,rho_z_eta_sweep,BasicPOMCP,0.0,0.0,nominal,100,5,5,0.05,0.0,1,6.0,0.03306310001062229,1,0,4
E3,2026-05-08,rho_z_eta_sweep,BasicPOMCP,0.0,0.0,nominal,100,5,5,0.05,0.0,2,-82.0,0.0299968000035733,2,1,2
E3,2026-05-08,rho_z_eta_sweep,BasicPOMCP,0.0,0.0,nominal,100,5,5,0.05,0.0,3,6.0,0.0488482000073418,1,0,4
E3,2026-05-08,rho_z_eta_sweep,BasicPOMCP,0.0,0.0,nominal,100,5,5,0.05,0.0,4,-93.0,0.03017460001865402,1,1,3
E3,2026-05-08,rho_z_eta_sweep,BasicPOMCP,0.0,0.0,nominal,100,5,5,0.05,0.0,5,28.0,0.030118399998173118,3,0,2
E3,2026-05-08,rho_z_eta_sweep,BasicPOMCP,0.0,0.0,nominal,100,5,5,0.05,0.0,6,6.0,0.031395900005009025,1,0,4
E3,2026-05-08,rho_z_eta_sweep,BasicPOMCP,0.0,0.0,nominal,100,5,5,0.05,0.0,7,6.0,0.030217699997592717,1,0,4
E3,2026-05-08,rho_z_eta_sweep,BasicPOMCP,0.0,0.0,nominal,100,5,5,0.05,0.0,8,28.0,0.030176200001733378,3,0,2
E3,2026-05-08,rho_z_eta_sweep,BasicPOMCP,0.0,0.0,nominal,100,5,5,0.05,0.0,9,17.0,0.030767899996135384,2,0,3
E3,2026-05-08,rho_z_eta_sweep,BasicPOMCP,0.0,0.0,nominal,100,5,5,0.05,0.0,10,28.0,0.03021870000520721,3,0,2
E3,2026-05-08,rho_z_eta_sweep,BasicPOMCP,0.0,0.0,nominal,100,5,5,0.05,0.0,11,-82.0,0.030440800008364022,2,1,2
E3,2026-05-08,rho_z_eta_sweep,BasicPOMCP,0.0,0.0,nominal,100,5,5,0.05,0.0,12,-93.0,0.03642399999080226,1,1,3
E3,2026-05-08,rho_z_eta_sweep,BasicPOMCP,0.0,0.0,nominal,100,5,5,0.05,0.0,13,6.0,0.031794300011824816,1,0,4
E3,2026-05-08,rho_z_eta_sweep,BasicPOMCP,0.0,0.0,nominal,100,5,5,0.05,0.0,14,28.0,0.030106999998679385,3,0,2
E3,2026-05-08,rho_z_eta_sweep,BasicPOMCP,0.0,0.0,nominal,100,5,5,0.05,0.0,15,-181.0,0.046323300019139424,2,2,1
E3,2026-05-08,rho_z_eta_sweep,BasicPOMCP,0.0,0.0,nominal,100,5,5,0.05,0.0,16,-5.0,0.031386999995447695,0,0,5
E3,2026-05-08,rho_z_eta_sweep,BasicPOMCP,0.0,0.0,nominal,100,5,5,0.05,0.0,17,17.0,0.030444500007433817,2,0,3
E3,2026-05-08,rho_z_eta_sweep,BasicPOMCP,0.0,0.0,nominal,100,5,5,0.05,0.0,18,-93.0,0.03028389997780323,1,1,3
E3,2026-05-08,rho_z_eta_sweep,BasicPOMCP,0.0,0.0,nominal,100,5,5,0.05,0.0,19,28.0,0.029976300022099167,3,0,2
E3,2026-05-08,rho_z_eta_sweep,BasicPOMCP,0.0,0.0,nominal,100,5,5,0.05,0.0,20,17.0,0.030543900007614866,2,0,3
E3,2026-05-08,rho_z_eta_sweep,BasicPOMCP,0.0,0.0,nominal,100,5,5,0.05,0.0,21,-93.0,0.030615099996794015,1,1,3
E3,2026-05-08,rho_z_eta_sweep,BasicPOMCP,0.0,0.0,nominal,100,5,5,0.05,0.0,22,-71.0,0.029799100011587143,3,1,1
E3,2026-05-08,rho_z_eta_sweep,BasicPOMCP,0.0,0.0,nominal,100,5,5,0.05,0.0,23,-181.0,0.029898000007960945,2,2,1
E3,2026-05-08,rho_z_eta_sweep,BasicPOMCP,0.0,0.0,nominal,100,5,5,0.05,0.0,24,6.0,0.03047070000320673,1,0,4
E3,2026-05-08,rho_z_eta_sweep,BasicPOMCP,0.0,0.0,nominal,100,5,5,0.05,0.0,25,28.0,0.030223900015698746,3,0,2
E3,2026-05-08,rho_z_eta_sweep,BasicPOMCP,0.0,0.0,nominal,100,5,5,0.05,0.0,26,17.0,0.03042170000844635,2,0,3
E3,2026-05-08,rho_z_eta_sweep,BasicPOMCP,0.0,0.0,nominal,100,5,5,0.05,0.0,27,-280.0,0.030038900004001334,2,3,0
E3,2026-05-08,rho_z_eta_sweep,BasicPOMCP,0.0,0.0,nominal,100,5,5,0.05,0.0,28,-170.0,0.029823499993653968,3,2,0
E3,2026-05-08,rho_z_eta_sweep,BasicPOMCP,0.0,0.0,nominal,100,5,5,0.05,0.0,29,17.0,0.030335200019180775,2,0,3
E3,2026-05-08,rho_z_eta_sweep,BasicPOMCP,0.0,0.0,nominal,100,5,5,0.05,0.0,30,6.0,0.03060540001024492,1,0,4
E3,2026-05-08,rho_z_eta_sweep,BasicPOMCP,0.0,0.0,nominal,100,5,5,0.05,0.0,31,-82.0,0.05055089999223128,2,1,2
E3,2026-05-08,rho_z_eta_sweep,BasicPOMCP,0.0,0.0,nominal,100,5,5,0.05,0.0,32,17.0,0.029739899997366592,2,0,3
E3,2026-05-08,rho_z_eta_sweep,BasicPOMCP,0.0,0.0,nominal,100,5,5,0.05,0.0,33,39.0,0.031039299996336922,4,0,1
E3,2026-05-08,rho_z_eta_sweep,BasicPOMCP,0.0,0.0,nominal,100,5,5,0.05,0.0,34,17.0,0.030508699972415343,2,0,3
E3,2026-05-08,rho_z_eta_sweep,BasicPOMCP,0.0,0.0,nominal,100,5,5,0.05,0.0,35,-93.0,0.03156820000731386,1,1,3
E3,2026-05-08,rho_z_eta_sweep,BasicPOMCP,0.0,0.0,nominal,100,5,5,0.05,0.0,36,-93.0,0.030179599998518825,1,1,3
E3,2026-05-08,rho_z_eta_sweep,BasicPOMCP,0.0,0.0,nominal,100,5,5,0.05,0.0,37,-82.0,0.03064230000018142,2,1,2
E3,2026-05-08,rho_z_eta_sweep,BasicPOMCP,0.0,0.0,nominal,100,5,5,0.05,0.0,38,-104.0,0.030655600014142692,0,1,4
E3,2026-05-08,rho_z_eta_sweep,BasicPOMCP,0.0,0.0,nominal,100,5,5,0.05,0.0,39,-192.0,0.030215200007660314,1,2,2
E3,2026-05-08,rho_z_eta_sweep,BasicPOMCP,0.0,0.0,nominal,100,5,5,0.05,0.0,40,-181.0,0.03104110001004301,2,2,1
E3,2026-05-08,rho_z_eta_sweep,BasicPOMCP,0.0,0.0,nominal,100,5,5,0.05,0.0,41,-104.0,0.03092229997855611,0,1,4
E3,2026-05-08,rho_z_eta_sweep,BasicPOMCP,0.0,0.0,nominal,100,5,5,0.05,0.0,42,-93.0,0.031158600002527237,1,1,3
E3,2026-05-08,rho_z_eta_sweep,BasicPOMCP,0.0,0.0,nominal,100,5,5,0.05,0.0,43,-82.0,0.030999000009614974,2,1,2
E3,2026-05-08,rho_z_eta_sweep,BasicPOMCP,0.0,0.0,nominal,100,5,5,0.05,0.0,44,-82.0,0.030219200009014457,2,1,2
E3,2026-05-08,rho_z_eta_sweep,BasicPOMCP,0.0,0.0,nominal,100,5,5,0.05,0.0,45,28.0,0.03228119999403134,3,0,2
E3,2026-05-08,rho_z_eta_sweep,BasicPOMCP,0.0,0.0,nominal,100,5,5,0.05,0.0,46,17.0,0.05119560001185164,2,0,3
E3,2026-05-08,rho_z_eta_sweep,BasicPOMCP,0.0,0.0,nominal,100,5,5,0.05,0.0,47,-93.0,0.03258359999745153,1,1,3
E3,2026-05-08,rho_z_eta_sweep,BasicPOMCP,0.0,0.0,nominal,100,5,5,0.05,0.0,48,17.0,0.03147490002447739,2,0,3
E3,2026-05-08,rho_z_eta_sweep,BasicPOMCP,0.0,0.0,nominal,100,5,5,0.05,0.0,49,6.0,0.03018450000672601,1,0,4
E3,2026-05-08,rho_z_eta_sweep,BasicPOMCP,0.0,0.0,nominal,100,5,5,0.05,0.0,50,17.0,0.030061099998420104,2,0,3
E3,2026-05-08,rho_z_eta_sweep,BasicPOMCP,0.0,0.0,nominal,100,5,5,0.05,0.0,51,28.0,0.029891999991377816,3,0,2
E3,2026-05-08,rho_z_eta_sweep,BasicPOMCP,0.0,0.0,nominal,100,5,5,0.05,0.0,52,-5.0,0.030609599984018132,0,0,5
E3,2026-05-08,rho_z_eta_sweep,BasicPOMCP,0.0,0.0,nominal,100,5,5,0.05,0.0,53,17.0,0.03006050002295524,2,0,3
E3,2026-05-08,rho_z_eta_sweep,BasicPOMCP,0.0,0.0,nominal,100,5,5,0.05,0.0,54,6.0,0.030203300004359335,1,0,4
E3,2026-05-08,rho_z_eta_sweep,BasicPOMCP,0.0,0.0,nominal,100,5,5,0.05,0.0,55,-93.0,0.03044870001031086,1,1,3
E3,2026-05-08,rho_z_eta_sweep,BasicPOMCP,0.0,0.0,nominal,100,5,5,0.05,0.0,56,6.0,0.03226639999775216,1,0,4
E3,2026-05-08,rho_z_eta_sweep,BasicPOMCP,0.0,0.0,nominal,100,5,5,0.05,0.0,57,17.0,0.029840899980627,2,0,3
E3,2026-05-08,rho_z_eta_sweep,BasicPOMCP,0.0,0.0,nominal,100,5,5,0.05,0.0,58,-181.0,0.03017010001349263,2,2,1
E3,2026-05-08,rho_z_eta_sweep,BasicPOMCP,0.0,0.0,nominal,100,5,5,0.05,0.0,59,-93.0,0.029748100001597777,1,1,3
E3,2026-05-08,rho_z_eta_sweep,BasicPOMCP,0.0,0.0,nominal,100,5,5,0.05,0.0,60,17.0,0.030621199985034764,2,0,3
E3,2026-05-08,rho_z_eta_sweep,BasicPOMCP,0.0,0.0,nominal,100,5,5,0.05,0.0,61,6.0,0.03037130000302568,1,0,4
E3,2026-05-08,rho_z_eta_sweep,BasicPOMCP,0.0,0.0,nominal,100,5,5,0.05,0.0,62,-82.0,0.030219100008253008,2,1,2
E3,2026-05-08,rho_z_eta_sweep,BasicPOMCP,0.0,0.0,nominal,100,5,5,0.05,0.0,63,6.0,0.0504056999925524,1,0,4
E3,2026-05-08,rho_z_eta_sweep,BasicPOMCP,0.0,0.0,nominal,100,5,5,0.05,0.0,64,-192.0,0.030637299991212785,1,2,2
E3,2026-05-08,rho_z_eta_sweep,BasicPOMCP,0.0,0.0,nominal,100,5,5,0.05,0.0,65,6.0,0.03008239998598583,1,0,4
E3,2026-05-08,rho_z_eta_sweep,BasicPOMCP,0.0,0.0,nominal,100,5,5,0.05,0.0,66,-104.0,0.03037580000818707,0,1,4
E3,2026-05-08,rho_z_eta_sweep,BasicPOMCP,0.0,0.0,nominal,100,5,5,0.05,0.0,67,17.0,0.038063300016801804,2,0,3
E3,2026-05-08,rho_z_eta_sweep,BasicPOMCP,0.0,0.0,nominal,100,5,5,0.05,0.0,68,6.0,0.03087069999310188,1,0,4
E3,2026-05-08,rho_z_eta_sweep,BasicPOMCP,0.0,0.0,nominal,100,5,5,0.05,0.0,69,-82.0,0.030788899981416762,2,1,2
E3,2026-05-08,rho_z_eta_sweep,BasicPOMCP,0.0,0.0,nominal,100,5,5,0.05,0.0,70,17.0,0.034486699994886294,2,0,3
E3,2026-05-08,rho_z_eta_sweep,BasicPOMCP,0.0,0.0,nominal,100,5,5,0.05,0.0,71,17.0,0.03054939999128692,2,0,3
E3,2026-05-08,rho_z_eta_sweep,BasicPOMCP,0.0,0.0,nominal,100,5,5,0.05,0.0,72,17.0,0.030170800018822774,2,0,3
E3,2026-05-08,rho_z_eta_sweep,BasicPOMCP,0.0,0.0,nominal,100,5,5,0.05,0.0,73,-93.0,0.03002629999537021,1,1,3
E3,2026-05-08,rho_z_eta_sweep,BasicPOMCP,0.0,0.0,nominal,100,5,5,0.05,0.0,74,28.0,0.03487240002141334,3,0,2
E3,2026-05-08,rho_z_eta_sweep,BasicPOMCP,0.0,0.0,nominal,100,5,5,0.05,0.0,75,-203.0,0.03388170001562685,0,2,3
E3,2026-05-08,rho_z_eta_sweep,BasicPOMCP,0.0,0.0,nominal,100,5,5,0.05,0.0,76,-93.0,0.03094159997999668,1,1,3
E3,2026-05-08,rho_z_eta_sweep,BasicPOMCP,0.0,0.0,nominal,100,5,5,0.05,0.0,77,-93.0,0.030246000009356067,1,1,3
E3,2026-05-08,rho_z_eta_sweep,BasicPOMCP,0.0,0.0,nominal,100,5,5,0.05,0.0,78,-71.0,0.03005879998090677,3,1,1
E3,2026-05-08,rho_z_eta_sweep,BasicPOMCP,0.0,0.0,nominal,100,5,5,0.05,0.0,79,-104.0,0.048623899987433106,0,1,4
E3,2026-05-08,rho_z_eta_sweep,BasicPOMCP,0.0,0.0,nominal,100,5,5,0.05,0.0,80,-5.0,0.03209930000593886,0,0,5
E3,2026-05-08,rho_z_eta_sweep,BasicPOMCP,0.0,0.0,nominal,100,5,5,0.05,0.0,81,-82.0,0.030438400019193068,2,1,2
E3,2026-05-08,rho_z_eta_sweep,BasicPOMCP,0.0,0.0,nominal,100,5,5,0.05,0.0,82,6.0,0.030228699994040653,1,0,4
E3,2026-05-08,rho_z_eta_sweep,BasicPOMCP,0.0,0.0,nominal,100,5,5,0.05,0.0,83,-291.0,0.030277599988039583,1,3,1
E3,2026-05-08,rho_z_eta_sweep,BasicPOMCP,0.0,0.0,nominal,100,5,5,0.05,0.0,84,6.0,0.032674700021743774,1,0,4
E3,2026-05-08,rho_z_eta_sweep,BasicPOMCP,0.0,0.0,nominal,100,5,5,0.05,0.0,85,-82.0,0.033431500021833926,2,1,2
E3,2026-05-08,rho_z_eta_sweep,BasicPOMCP,0.0,0.0,nominal,100,5,5,0.05,0.0,86,-71.0,0.03038189999642782,3,1,1
E3,2026-05-08,rho_z_eta_sweep,BasicPOMCP,0.0,0.0,nominal,100,5,5,0.05,0.0,87,-93.0,0.030715800006873906,1,1,3
E3,2026-05-08,rho_z_eta_sweep,BasicPOMCP,0.0,0.0,nominal,100,5,5,0.05,0.0,88,17.0,0.03127069998299703,2,0,3
E3,2026-05-08,rho_z_eta_sweep,BasicPOMCP,0.0,0.0,nominal,100,5,5,0.05,0.0,89,28.0,0.0302825000253506,3,0,2
E3,2026-05-08,rho_z_eta_sweep,BasicPOMCP,0.0,0.0,nominal,100,5,5,0.05,0.0,90,-82.0,0.03075649999664165,2,1,2
E3,2026-05-08,rho_z_eta_sweep,BasicPOMCP,0.0,0.0,nominal,100,5,5,0.05,0.0,91,-104.0,0.03189480002038181,0,1,4
E3,2026-05-08,rho_z_eta_sweep,BasicPOMCP,0.0,0.0,nominal,100,5,5,0.05,0.0,92,-5.0,0.030674400011776015,0,0,5
E3,2026-05-08,rho_z_eta_sweep,BasicPOMCP,0.0,0.0,nominal,100,5,5,0.05,0.0,93,-93.0,0.031487700005527586,1,1,3
E3,2026-05-08,rho_z_eta_sweep,BasicPOMCP,0.0,0.0,nominal,100,5,5,0.05,0.0,94,17.0,0.034134000015910715,2,0,3
E3,2026-05-08,rho_z_eta_sweep,BasicPOMCP,0.0,0.0,nominal,100,5,5,0.05,0.0,95,17.0,0.03080089998547919,2,0,3
E3,2026-05-08,rho_z_eta_sweep,BasicPOMCP,0.0,0.0,nominal,100,5,5,0.05,0.0,96,-71.0,0.05488949999562465,3,1,1
E3,2026-05-08,rho_z_eta_sweep,BasicPOMCP,0.0,0.0,nominal,100,5,5,0.05,0.0,97,6.0,0.03033440001308918,1,0,4
E3,2026-05-08,rho_z_eta_sweep,BasicPOMCP,0.0,0.0,nominal,100,5,5,0.05,0.0,98,-181.0,0.02998930000467226,2,2,1
E3,2026-05-08,rho_z_eta_sweep,BasicPOMCP,0.0,0.0,nominal,100,5,5,0.05,0.0,99,17.0,0.03038759998162277,2,0,3
E3,2026-05-08,rho_z_eta_sweep,BasicPOMCP,0.0,0.0,nominal,100,5,5,0.05,0.0,100,17.0,0.03087960000266321,2,0,3
E3,2026-05-08,rho_z_eta_sweep,BasicPOMCP,0.0,0.0,nominal,100,5,5,0.075,0.0,1,6.0,0.032344300008844584,1,0,4
E3,2026-05-08,rho_z_eta_sweep,BasicPOMCP,0.0,0.0,nominal,100,5,5,0.075,0.0,2,-82.0,0.031212300003971905,2,1,2
E3,2026-05-08,rho_z_eta_sweep,BasicPOMCP,0.0,0.0,nominal,100,5,5,0.075,0.0,3,6.0,0.031339600012870505,1,0,4
E3,2026-05-08,rho_z_eta_sweep,BasicPOMCP,0.0,0.0,nominal,100,5,5,0.075,0.0,4,-93.0,0.03444889999809675,1,1,3
E3,2026-05-08,rho_z_eta_sweep,BasicPOMCP,0.0,0.0,nominal,100,5,5,0.075,0.0,5,28.0,0.03192680000211112,3,0,2
E3,2026-05-08,rho_z_eta_sweep,BasicPOMCP,0.0,0.0,nominal,100,5,5,0.075,0.0,6,6.0,0.030265499983215705,1,0,4
E3,2026-05-08,rho_z_eta_sweep,BasicPOMCP,0.0,0.0,nominal,100,5,5,0.075,0.0,7,6.0,0.03081290001864545,1,0,4
E3,2026-05-08,rho_z_eta_sweep,BasicPOMCP,0.0,0.0,nominal,100,5,5,0.075,0.0,8,28.0,0.030045799998333678,3,0,2
E3,2026-05-08,rho_z_eta_sweep,BasicPOMCP,0.0,0.0,nominal,100,5,5,0.075,0.0,9,17.0,0.05282489999081008,2,0,3
E3,2026-05-08,rho_z_eta_sweep,BasicPOMCP,0.0,0.0,nominal,100,5,5,0.075,0.0,10,28.0,0.03205270000034943,3,0,2
E3,2026-05-08,rho_z_eta_sweep,BasicPOMCP,0.0,0.0,nominal,100,5,5,0.075,0.0,11,-82.0,0.03027639997890219,2,1,2
E3,2026-05-08,rho_z_eta_sweep,BasicPOMCP,0.0,0.0,nominal,100,5,5,0.075,0.0,12,-93.0,0.030093200010014698,1,1,3
E3,2026-05-08,rho_z_eta_sweep,BasicPOMCP,0.0,0.0,nominal,100,5,5,0.075,0.0,13,6.0,0.030711600003996864,1,0,4
E3,2026-05-08,rho_z_eta_sweep,BasicPOMCP,0.0,0.0,nominal,100,5,5,0.075,0.0,14,28.0,0.030055299983359873,3,0,2
E3,2026-05-08,rho_z_eta_sweep,BasicPOMCP,0.0,0.0,nominal,100,5,5,0.075,0.0,15,-181.0,0.030366199993295595,2,2,1
E3,2026-05-08,rho_z_eta_sweep,BasicPOMCP,0.0,0.0,nominal,100,5,5,0.075,0.0,16,-5.0,0.03013749999809079,0,0,5
E3,2026-05-08,rho_z_eta_sweep,BasicPOMCP,0.0,0.0,nominal,100,5,5,0.075,0.0,17,17.0,0.03055940000922419,2,0,3
E3,2026-05-08,rho_z_eta_sweep,BasicPOMCP,0.0,0.0,nominal,100,5,5,0.075,0.0,18,-93.0,0.03080269999918528,1,1,3
E3,2026-05-08,rho_z_eta_sweep,BasicPOMCP,0.0,0.0,nominal,100,5,5,0.075,0.0,19,17.0,0.03058030002284795,2,0,3
E3,2026-05-08,rho_z_eta_sweep,BasicPOMCP,0.0,0.0,nominal,100,5,5,0.075,0.0,20,17.0,0.031662699999287724,2,0,3
E3,2026-05-08,rho_z_eta_sweep,BasicPOMCP,0.0,0.0,nominal,100,5,5,0.075,0.0,21,-93.0,0.030868200003169477,1,1,3
E3,2026-05-08,rho_z_eta_sweep,BasicPOMCP,0.0,0.0,nominal,100,5,5,0.075,0.0,22,-71.0,0.030583599989768118,3,1,1
E3,2026-05-08,rho_z_eta_sweep,BasicPOMCP,0.0,0.0,nominal,100,5,5,0.075,0.0,23,-291.0,0.055857300001662225,1,3,1
E3,2026-05-08,rho_z_eta_sweep,BasicPOMCP,0.0,0.0,nominal,100,5,5,0.075,0.0,24,6.0,0.030739999987417832,1,0,4
E3,2026-05-08,rho_z_eta_sweep,BasicPOMCP,0.0,0.0,nominal,100,5,5,0.075,0.0,25,28.0,0.031092599994735792,3,0,2
E3,2026-05-08,rho_z_eta_sweep,BasicPOMCP,0.0,0.0,nominal,100,5,5,0.075,0.0,26,17.0,0.031495400005951524,2,0,3
E3,2026-05-08,rho_z_eta_sweep,BasicPOMCP,0.0,0.0,nominal,100,5,5,0.075,0.0,27,-280.0,0.03700730000855401,2,3,0
E3,2026-05-08,rho_z_eta_sweep,BasicPOMCP,0.0,0.0,nominal,100,5,5,0.075,0.0,28,-170.0,0.030797099985647947,3,2,0
E3,2026-05-08,rho_z_eta_sweep,BasicPOMCP,0.0,0.0,nominal,100,5,5,0.075,0.0,29,17.0,0.03093460001400672,2,0,3
E3,2026-05-08,rho_z_eta_sweep,BasicPOMCP,0.0,0.0,nominal,100,5,5,0.075,0.0,30,6.0,0.030973899993114173,1,0,4
E3,2026-05-08,rho_z_eta_sweep,BasicPOMCP,0.0,0.0,nominal,100,5,5,0.075,0.0,31,-82.0,0.030680500000016764,2,1,2
E3,2026-05-08,rho_z_eta_sweep,BasicPOMCP,0.0,0.0,nominal,100,5,5,0.075,0.0,32,17.0,0.03091690002474934,2,0,3
E3,2026-05-08,rho_z_eta_sweep,BasicPOMCP,0.0,0.0,nominal,100,5,5,0.075,0.0,33,39.0,0.030899799981852993,4,0,1
E3,2026-05-08,rho_z_eta_sweep,BasicPOMCP,0.0,0.0,nominal,100,5,5,0.075,0.0,34,17.0,0.031187300017336383,2,0,3
E3,2026-05-08,rho_z_eta_sweep,BasicPOMCP,0.0,0.0,nominal,100,5,5,0.075,0.0,35,-93.0,0.03289890001178719,1,1,3
E3,2026-05-08,rho_z_eta_sweep,BasicPOMCP,0.0,0.0,nominal,100,5,5,0.075,0.0,36,-93.0,0.05371140001807362,1,1,3
E3,2026-05-08,rho_z_eta_sweep,BasicPOMCP,0.0,0.0,nominal,100,5,5,0.075,0.0,37,-82.0,0.03480569997918792,2,1,2
E3,2026-05-08,rho_z_eta_sweep,BasicPOMCP,0.0,0.0,nominal,100,5,5,0.075,0.0,38,-104.0,0.04827470000600442,0,1,4
E3,2026-05-08,rho_z_eta_sweep,BasicPOMCP,0.0,0.0,nominal,100,5,5,0.075,0.0,39,-192.0,0.03178200000547804,1,2,2
E3,2026-05-08,rho_z_eta_sweep,BasicPOMCP,0.0,0.0,nominal,100,5,5,0.075,0.0,40,-181.0,0.03346889998647384,2,2,1
E3,2026-05-08,rho_z_eta_sweep,BasicPOMCP,0.0,0.0,nominal,100,5,5,0.075,0.0,41,-104.0,0.03075070001068525,0,1,4
E3,2026-05-08,rho_z_eta_sweep,BasicPOMCP,0.0,0.0,nominal,100,5,5,0.075,0.0,42,-93.0,0.03050049999728799,1,1,3
E3,2026-05-08,rho_z_eta_sweep,BasicPOMCP,0.0,0.0,nominal,100,5,5,0.075,0.0,43,-82.0,0.030573900003219023,2,1,2
E3,2026-05-08,rho_z_eta_sweep,BasicPOMCP,0.0,0.0,nominal,100,5,5,0.075,0.0,44,-82.0,0.03038939999532886,2,1,2
E3,2026-05-08,rho_z_eta_sweep,BasicPOMCP,0.0,0.0,nominal,100,5,5,0.075,0.0,45,28.0,0.03031510001164861,3,0,2
E3,2026-05-08,rho_z_eta_sweep,BasicPOMCP,0.0,0.0,nominal,100,5,5,0.075,0.0,46,17.0,0.030561899999156594,2,0,3
E3,2026-05-08,rho_z_eta_sweep,BasicPOMCP,0.0,0.0,nominal,100,5,5,0.075,0.0,47,-104.0,0.031172200018772855,0,1,4
E3,2026-05-08,rho_z_eta_sweep,BasicPOMCP,0.0,0.0,nominal,100,5,5,0.075,0.0,48,17.0,0.03051499999128282,2,0,3
E3,2026-05-08,rho_z_eta_sweep,BasicPOMCP,0.0,0.0,nominal,100,5,5,0.075,0.0,49,17.0,0.03337570000439882,2,0,3
E3,2026-05-08,rho_z_eta_sweep,BasicPOMCP,0.0,0.0,nominal,100,5,5,0.075,0.0,50,17.0,0.030530599993653595,2,0,3
E3,2026-05-08,rho_z_eta_sweep,BasicPOMCP,0.0,0.0,nominal,100,5,5,0.075,0.0,51,-71.0,0.0505018999974709,3,1,1
E3,2026-05-08,rho_z_eta_sweep,BasicPOMCP,0.0,0.0,nominal,100,5,5,0.075,0.0,52,-5.0,0.031124999979510903,0,0,5
E3,2026-05-08,rho_z_eta_sweep,BasicPOMCP,0.0,0.0,nominal,100,5,5,0.075,0.0,53,17.0,0.03135969999129884,2,0,3
E3,2026-05-08,rho_z_eta_sweep,BasicPOMCP,0.0,0.0,nominal,100,5,5,0.075,0.0,54,6.0,0.030708900012541562,1,0,4
E3,2026-05-08,rho_z_eta_sweep,BasicPOMCP,0.0,0.0,nominal,100,5,5,0.075,0.0,55,-192.0,0.030494899983750656,1,2,2
E3,2026-05-08,rho_z_eta_sweep,BasicPOMCP,0.0,0.0,nominal,100,5,5,0.075,0.0,56,6.0,0.030747199984034523,1,0,4
E3,2026-05-08,rho_z_eta_sweep,BasicPOMCP,0.0,0.0,nominal,100,5,5,0.075,0.0,57,17.0,0.030649299995275214,2,0,3
E3,2026-05-08,rho_z_eta_sweep,BasicPOMCP,0.0,0.0,nominal,100,5,5,0.075,0.0,58,-181.0,0.033671699988190085,2,2,1
E3,2026-05-08,rho_z_eta_sweep,BasicPOMCP,0.0,0.0,nominal,100,5,5,0.075,0.0,59,-93.0,0.0333820000232663,1,1,3
E3,2026-05-08,rho_z_eta_sweep,BasicPOMCP,0.0,0.0,nominal,100,5,5,0.075,0.0,60,17.0,0.030667999992147088,2,0,3
E3,2026-05-08,rho_z_eta_sweep,BasicPOMCP,0.0,0.0,nominal,100,5,5,0.075,0.0,61,6.0,0.030572400020901114,1,0,4
E3,2026-05-08,rho_z_eta_sweep,BasicPOMCP,0.0,0.0,nominal,100,5,5,0.075,0.0,62,-82.0,0.030923099984647706,2,1,2
E3,2026-05-08,rho_z_eta_sweep,BasicPOMCP,0.0,0.0,nominal,100,5,5,0.075,0.0,63,-93.0,0.030957699986174703,1,1,3
E3,2026-05-08,rho_z_eta_sweep,BasicPOMCP,0.0,0.0,nominal,100,5,5,0.075,0.0,64,-192.0,0.033012399973813444,1,2,2
E3,2026-05-08,rho_z_eta_sweep,BasicPOMCP,0.0,0.0,nominal,100,5,5,0.075,0.0,65,6.0,0.03027079999446869,1,0,4
E3,2026-05-08,rho_z_eta_sweep,BasicPOMCP,0.0,0.0,nominal,100,5,5,0.075,0.0,66,-104.0,0.030641899997135624,0,1,4
E3,2026-05-08,rho_z_eta_sweep,BasicPOMCP,0.0,0.0,nominal,100,5,5,0.075,0.0,67,17.0,0.050819700001738966,2,0,3
E3,2026-05-08,rho_z_eta_sweep,BasicPOMCP,0.0,0.0,nominal,100,5,5,0.075,0.0,68,6.0,0.03019799999310635,1,0,4
E3,2026-05-08,rho_z_eta_sweep,BasicPOMCP,0.0,0.0,nominal,100,5,5,0.075,0.0,69,-82.0,0.030529599986039102,2,1,2
E3,2026-05-08,rho_z_eta_sweep,BasicPOMCP,0.0,0.0,nominal,100,5,5,0.075,0.0,70,17.0,0.03202590000000782,2,0,3
E3,2026-05-08,rho_z_eta_sweep,BasicPOMCP,0.0,0.0,nominal,100,5,5,0.075,0.0,71,17.0,0.030670400010421872,2,0,3
E3,2026-05-08,rho_z_eta_sweep,BasicPOMCP,0.0,0.0,nominal,100,5,5,0.075,0.0,72,17.0,0.029940799984615296,2,0,3
E3,2026-05-08,rho_z_eta_sweep,BasicPOMCP,0.0,0.0,nominal,100,5,5,0.075,0.0,73,-93.0,0.03030019998550415,1,1,3
E3,2026-05-08,rho_z_eta_sweep,BasicPOMCP,0.0,0.0,nominal,100,5,5,0.075,0.0,74,28.0,0.03243659998406656,3,0,2
E3,2026-05-08,rho_z_eta_sweep,BasicPOMCP,0.0,0.0,nominal,100,5,5,0.075,0.0,75,-203.0,0.03711589999147691,0,2,3
E3,2026-05-08,rho_z_eta_sweep,BasicPOMCP,0.0,0.0,nominal,100,5,5,0.075,0.0,76,-104.0,0.030716100009158254,0,1,4
E3,2026-05-08,rho_z_eta_sweep,BasicPOMCP,0.0,0.0,nominal,100,5,5,0.075,0.0,77,-93.0,0.03364919999148697,1,1,3
E3,2026-05-08,rho_z_eta_sweep,BasicPOMCP,0.0,0.0,nominal,100,5,5,0.075,0.0,78,-71.0,0.03528720000758767,3,1,1
E3,2026-05-08,rho_z_eta_sweep,BasicPOMCP,0.0,0.0,nominal,100,5,5,0.075,0.0,79,-104.0,0.03028269999776967,0,1,4
E3,2026-05-08,rho_z_eta_sweep,BasicPOMCP,0.0,0.0,nominal,100,5,5,0.075,0.0,80,-5.0,0.05467859999043867,0,0,5
E3,2026-05-08,rho_z_eta_sweep,BasicPOMCP,0.0,0.0,nominal,100,5,5,0.075,0.0,81,-82.0,0.030269699986092746,2,1,2
E3,2026-05-08,rho_z_eta_sweep,BasicPOMCP,0.0,0.0,nominal,100,5,5,0.075,0.0,82,-93.0,0.030794699996476993,1,1,3
E3,2026-05-08,rho_z_eta_sweep,BasicPOMCP,0.0,0.0,nominal,100,5,5,0.075,0.0,83,-291.0,0.03062800000770949,1,3,1
E3,2026-05-08,rho_z_eta_sweep,BasicPOMCP,0.0,0.0,nominal,100,5,5,0.075,0.0,84,6.0,0.03348259997437708,1,0,4
E3,2026-05-08,rho_z_eta_sweep,BasicPOMCP,0.0,0.0,nominal,100,5,5,0.075,0.0,85,-82.0,0.030938199983211234,2,1,2
E3,2026-05-08,rho_z_eta_sweep,BasicPOMCP,0.0,0.0,nominal,100,5,5,0.075,0.0,86,-71.0,0.030210500000976026,3,1,1
E3,2026-05-08,rho_z_eta_sweep,BasicPOMCP,0.0,0.0,nominal,100,5,5,0.075,0.0,87,-93.0,0.03029889997560531,1,1,3
E3,2026-05-08,rho_z_eta_sweep,BasicPOMCP,0.0,0.0,nominal,100,5,5,0.075,0.0,88,6.0,0.03892469999846071,1,0,4
E3,2026-05-08,rho_z_eta_sweep,BasicPOMCP,0.0,0.0,nominal,100,5,5,0.075,0.0,89,28.0,0.031036000000312924,3,0,2
E3,2026-05-08,rho_z_eta_sweep,BasicPOMCP,0.0,0.0,nominal,100,5,5,0.075,0.0,90,-82.0,0.035085100011201575,2,1,2
E3,2026-05-08,rho_z_eta_sweep,BasicPOMCP,0.0,0.0,nominal,100,5,5,0.075,0.0,91,-104.0,0.03073910000966862,0,1,4
E3,2026-05-08,rho_z_eta_sweep,BasicPOMCP,0.0,0.0,nominal,100,5,5,0.075,0.0,92,-5.0,0.031591700011631474,0,0,5
E3,2026-05-08,rho_z_eta_sweep,BasicPOMCP,0.0,0.0,nominal,100,5,5,0.075,0.0,93,-93.0,0.0313206999853719,1,1,3
E3,2026-05-08,rho_z_eta_sweep,BasicPOMCP,0.0,0.0,nominal,100,5,5,0.075,0.0,94,17.0,0.03061590000288561,2,0,3
E3,2026-05-08,rho_z_eta_sweep,BasicPOMCP,0.0,0.0,nominal,100,5,5,0.075,0.0,95,17.0,0.033769700006814674,2,0,3
E3,2026-05-08,rho_z_eta_sweep,BasicPOMCP,0.0,0.0,nominal,100,5,5,0.075,0.0,96,-71.0,0.05221020002500154,3,1,1
E3,2026-05-08,rho_z_eta_sweep,BasicPOMCP,0.0,0.0,nominal,100,5,5,0.075,0.0,97,6.0,0.032336700009182096,1,0,4
E3,2026-05-08,rho_z_eta_sweep,BasicPOMCP,0.0,0.0,nominal,100,5,5,0.075,0.0,98,-181.0,0.029966300004161894,2,2,1
E3,2026-05-08,rho_z_eta_sweep,BasicPOMCP,0.0,0.0,nominal,100,5,5,0.075,0.0,99,17.0,0.03114040000946261,2,0,3
E3,2026-05-08,rho_z_eta_sweep,BasicPOMCP,0.0,0.0,nominal,100,5,5,0.075,0.0,100,17.0,0.030477399996016175,2,0,3
E3,2026-05-08,rho_z_eta_sweep,BasicPOMCP,0.0,0.0,nominal,100,5,5,0.1,0.0,1,6.0,0.03679229997214861,1,0,4
E3,2026-05-08,rho_z_eta_sweep,BasicPOMCP,0.0,0.0,nominal,100,5,5,0.1,0.0,2,-82.0,0.030629599990788847,2,1,2
E3,2026-05-08,rho_z_eta_sweep,BasicPOMCP,0.0,0.0,nominal,100,5,5,0.1,0.0,3,6.0,0.03105009999126196,1,0,4
E3,2026-05-08,rho_z_eta_sweep,BasicPOMCP,0.0,0.0,nominal,100,5,5,0.1,0.0,4,-93.0,0.031013800005894154,1,1,3
E3,2026-05-08,rho_z_eta_sweep,BasicPOMCP,0.0,0.0,nominal,100,5,5,0.1,0.0,5,28.0,0.03037580000818707,3,0,2
E3,2026-05-08,rho_z_eta_sweep,BasicPOMCP,0.0,0.0,nominal,100,5,5,0.1,0.0,6,6.0,0.030480100016575307,1,0,4
E3,2026-05-08,rho_z_eta_sweep,BasicPOMCP,0.0,0.0,nominal,100,5,5,0.1,0.0,7,6.0,0.031147300003794953,1,0,4
E3,2026-05-08,rho_z_eta_sweep,BasicPOMCP,0.0,0.0,nominal,100,5,5,0.1,0.0,8,28.0,0.030498300009639934,3,0,2
E3,2026-05-08,rho_z_eta_sweep,BasicPOMCP,0.0,0.0,nominal,100,5,5,0.1,0.0,9,17.0,0.049067099986132234,2,0,3
E3,2026-05-08,rho_z_eta_sweep,BasicPOMCP,0.0,0.0,nominal,100,5,5,0.1,0.0,10,28.0,0.03039950001402758,3,0,2
E3,2026-05-08,rho_z_eta_sweep,BasicPOMCP,0.0,0.0,nominal,100,5,5,0.1,0.0,11,-82.0,0.031524699996225536,2,1,2
E3,2026-05-08,rho_z_eta_sweep,BasicPOMCP,0.0,0.0,nominal,100,5,5,0.1,0.0,12,-93.0,0.03277650001109578,1,1,3
E3,2026-05-08,rho_z_eta_sweep,BasicPOMCP,0.0,0.0,nominal,100,5,5,0.1,0.0,13,6.0,0.030208200012566522,1,0,4
E3,2026-05-08,rho_z_eta_sweep,BasicPOMCP,0.0,0.0,nominal,100,5,5,0.1,0.0,14,28.0,0.03000530001008883,3,0,2
E3,2026-05-08,rho_z_eta_sweep,BasicPOMCP,0.0,0.0,nominal,100,5,5,0.1,0.0,15,-181.0,0.03468149999389425,2,2,1
E3,2026-05-08,rho_z_eta_sweep,BasicPOMCP,0.0,0.0,nominal,100,5,5,0.1,0.0,16,-5.0,0.034716199996182695,0,0,5
E3,2026-05-08,rho_z_eta_sweep,BasicPOMCP,0.0,0.0,nominal,100,5,5,0.1,0.0,17,17.0,0.030947099992772564,2,0,3
E3,2026-05-08,rho_z_eta_sweep,BasicPOMCP,0.0,0.0,nominal,100,5,5,0.1,0.0,18,-93.0,0.031826899998122826,1,1,3
E3,2026-05-08,rho_z_eta_sweep,BasicPOMCP,0.0,0.0,nominal,100,5,5,0.1,0.0,19,17.0,0.030230400006985292,2,0,3
E3,2026-05-08,rho_z_eta_sweep,BasicPOMCP,0.0,0.0,nominal,100,5,5,0.1,0.0,20,17.0,0.03048560000024736,2,0,3
E3,2026-05-08,rho_z_eta_sweep,BasicPOMCP,0.0,0.0,nominal,100,5,5,0.1,0.0,21,-93.0,0.034837899991543964,1,1,3
E3,2026-05-08,rho_z_eta_sweep,BasicPOMCP,0.0,0.0,nominal,100,5,5,0.1,0.0,22,-71.0,0.035455699980957434,3,1,1
E3,2026-05-08,rho_z_eta_sweep,BasicPOMCP,0.0,0.0,nominal,100,5,5,0.1,0.0,23,-291.0,0.049360300006810576,1,3,1
E3,2026-05-08,rho_z_eta_sweep,BasicPOMCP,0.0,0.0,nominal,100,5,5,0.1,0.0,24,6.0,0.030027300002984703,1,0,4
E3,2026-05-08,rho_z_eta_sweep,BasicPOMCP,0.0,0.0,nominal,100,5,5,0.1,0.0,25,28.0,0.030086399987339973,3,0,2
E3,2026-05-08,rho_z_eta_sweep,BasicPOMCP,0.0,0.0,nominal,100,5,5,0.1,0.0,26,17.0,0.030294700001832098,2,0,3
E3,2026-05-08,rho_z_eta_sweep,BasicPOMCP,0.0,0.0,nominal,100,5,5,0.1,0.0,27,-280.0,0.02987640001811087,2,3,0
E3,2026-05-08,rho_z_eta_sweep,BasicPOMCP,0.0,0.0,nominal,100,5,5,0.1,0.0,28,-170.0,0.03015529998810962,3,2,0
E3,2026-05-08,rho_z_eta_sweep,BasicPOMCP,0.0,0.0,nominal,100,5,5,0.1,0.0,29,17.0,0.03022779998718761,2,0,3
E3,2026-05-08,rho_z_eta_sweep,BasicPOMCP,0.0,0.0,nominal,100,5,5,0.1,0.0,30,6.0,0.03028829998220317,1,0,4
E3,2026-05-08,rho_z_eta_sweep,BasicPOMCP,0.0,0.0,nominal,100,5,5,0.1,0.0,31,-82.0,0.03000979998614639,2,1,2
E3,2026-05-08,rho_z_eta_sweep,BasicPOMCP,0.0,0.0,nominal,100,5,5,0.1,0.0,32,17.0,0.02981430001091212,2,0,3
E3,2026-05-08,rho_z_eta_sweep,BasicPOMCP,0.0,0.0,nominal,100,5,5,0.1,0.0,33,28.0,0.030583600018871948,3,0,2
E3,2026-05-08,rho_z_eta_sweep,BasicPOMCP,0.0,0.0,nominal,100,5,5,0.1,0.0,34,17.0,0.03020100001594983,2,0,3
E3,2026-05-08,rho_z_eta_sweep,BasicPOMCP,0.0,0.0,nominal,100,5,5,0.1,0.0,35,-93.0,0.030250900017563254,1,1,3
E3,2026-05-08,rho_z_eta_sweep,BasicPOMCP,0.0,0.0,nominal,100,5,5,0.1,0.0,36,-192.0,0.030050300003495067,1,2,2
E3,2026-05-08,rho_z_eta_sweep,BasicPOMCP,0.0,0.0,nominal,100,5,5,0.1,0.0,37,-82.0,0.04979679998359643,2,1,2
E3,2026-05-08,rho_z_eta_sweep,BasicPOMCP,0.0,0.0,nominal,100,5,5,0.1,0.0,38,-104.0,0.03010639999411069,0,1,4
E3,2026-05-08,rho_z_eta_sweep,BasicPOMCP,0.0,0.0,nominal,100,5,5,0.1,0.0,39,-192.0,0.02997709999908693,1,2,2
E3,2026-05-08,rho_z_eta_sweep,BasicPOMCP,0.0,0.0,nominal,100,5,5,0.1,0.0,40,-181.0,0.03185919998213649,2,2,1
E3,2026-05-08,rho_z_eta_sweep,BasicPOMCP,0.0,0.0,nominal,100,5,5,0.1,0.0,41,-104.0,0.030742500006454065,0,1,4
E3,2026-05-08,rho_z_eta_sweep,BasicPOMCP,0.0,0.0,nominal,100,5,5,0.1,0.0,42,-93.0,0.03003230001195334,1,1,3
E3,2026-05-08,rho_z_eta_sweep,BasicPOMCP,0.0,0.0,nominal,100,5,5,0.1,0.0,43,-192.0,0.03269490000093356,1,2,2
E3,2026-05-08,rho_z_eta_sweep,BasicPOMCP,0.0,0.0,nominal,100,5,5,0.1,0.0,44,-82.0,0.03081870000460185,2,1,2
E3,2026-05-08,rho_z_eta_sweep,BasicPOMCP,0.0,0.0,nominal,100,5,5,0.1,0.0,45,28.0,0.030378399998880923,3,0,2
E3,2026-05-08,rho_z_eta_sweep,BasicPOMCP,0.0,0.0,nominal,100,5,5,0.1,0.0,46,17.0,0.02998309998656623,2,0,3
E3,2026-05-08,rho_z_eta_sweep,BasicPOMCP,0.0,0.0,nominal,100,5,5,0.1,0.0,47,-104.0,0.03690529998857528,0,1,4
E3,2026-05-08,rho_z_eta_sweep,BasicPOMCP,0.0,0.0,nominal,100,5,5,0.1,0.0,48,17.0,0.03178760001901537,2,0,3
E3,2026-05-08,rho_z_eta_sweep,BasicPOMCP,0.0,0.0,nominal,100,5,5,0.1,0.0,49,17.0,0.031157399993389845,2,0,3
E3,2026-05-08,rho_z_eta_sweep,BasicPOMCP,0.0,0.0,nominal,100,5,5,0.1,0.0,50,-181.0,0.03036710000014864,2,2,1
E3,2026-05-08,rho_z_eta_sweep,BasicPOMCP,0.0,0.0,nominal,100,5,5,0.1,0.0,51,-71.0,0.03638080001110211,3,1,1
E3,2026-05-08,rho_z_eta_sweep,BasicPOMCP,0.0,0.0,nominal,100,5,5,0.1,0.0,52,-5.0,0.035536900017177686,0,0,5
E3,2026-05-08,rho_z_eta_sweep,BasicPOMCP,0.0,0.0,nominal,100,5,5,0.1,0.0,53,17.0,0.030509799980791286,2,0,3
E3,2026-05-08,rho_z_eta_sweep,BasicPOMCP,0.0,0.0,nominal,100,5,5,0.1,0.0,54,6.0,0.030987099977210164,1,0,4
E3,2026-05-08,rho_z_eta_sweep,BasicPOMCP,0.0,0.0,nominal,100,5,5,0.1,0.0,55,-192.0,0.04743079998297617,1,2,2
E3,2026-05-08,rho_z_eta_sweep,BasicPOMCP,0.0,0.0,nominal,100,5,5,0.1,0.0,56,6.0,0.030276900011813268,1,0,4
E3,2026-05-08,rho_z_eta_sweep,BasicPOMCP,0.0,0.0,nominal,100,5,5,0.1,0.0,57,17.0,0.03072999999858439,2,0,3
E3,2026-05-08,rho_z_eta_sweep,BasicPOMCP,0.0,0.0,nominal,100,5,5,0.1,0.0,58,-302.0,0.03034460000344552,0,3,2
E3,2026-05-08,rho_z_eta_sweep,BasicPOMCP,0.0,0.0,nominal,100,5,5,0.1,0.0,59,-93.0,0.029856100009055808,1,1,3
E3,2026-05-08,rho_z_eta_sweep,BasicPOMCP,0.0,0.0,nominal,100,5,5,0.1,0.0,60,17.0,0.03032819999498315,2,0,3
E3,2026-05-08,rho_z_eta_sweep,BasicPOMCP,0.0,0.0,nominal,100,5,5,0.1,0.0,61,6.0,0.03129330000956543,1,0,4
E3,2026-05-08,rho_z_eta_sweep,BasicPOMCP,0.0,0.0,nominal,100,5,5,0.1,0.0,62,-82.0,0.030119000002741814,2,1,2
E3,2026-05-08,rho_z_eta_sweep,BasicPOMCP,0.0,0.0,nominal,100,5,5,0.1,0.0,63,-93.0,0.03118009999161586,1,1,3
E3,2026-05-08,rho_z_eta_sweep,BasicPOMCP,0.0,0.0,nominal,100,5,5,0.1,0.0,64,-192.0,0.030408799997530878,1,2,2
E3,2026-05-08,rho_z_eta_sweep,BasicPOMCP,0.0,0.0,nominal,100,5,5,0.1,0.0,65,6.0,0.030203600006643683,1,0,4
E3,2026-05-08,rho_z_eta_sweep,BasicPOMCP,0.0,0.0,nominal,100,5,5,0.1,0.0,66,-104.0,0.03018299999530427,0,1,4
E3,2026-05-08,rho_z_eta_sweep,BasicPOMCP,0.0,0.0,nominal,100,5,5,0.1,0.0,67,17.0,0.030194000020856038,2,0,3
E3,2026-05-08,rho_z_eta_sweep,BasicPOMCP,0.0,0.0,nominal,100,5,5,0.1,0.0,68,6.0,0.05681080001522787,1,0,4
E3,2026-05-08,rho_z_eta_sweep,BasicPOMCP,0.0,0.0,nominal,100,5,5,0.1,0.0,69,-82.0,0.030354099988471717,2,1,2
E3,2026-05-08,rho_z_eta_sweep,BasicPOMCP,0.0,0.0,nominal,100,5,5,0.1,0.0,70,17.0,0.034630400012247264,2,0,3
E3,2026-05-08,rho_z_eta_sweep,BasicPOMCP,0.0,0.0,nominal,100,5,5,0.1,0.0,71,-93.0,0.03003640001406893,1,1,3
E3,2026-05-08,rho_z_eta_sweep,BasicPOMCP,0.0,0.0,nominal,100,5,5,0.1,0.0,72,28.0,0.0303033999807667,3,0,2
E3,2026-05-08,rho_z_eta_sweep,BasicPOMCP,0.0,0.0,nominal,100,5,5,0.1,0.0,73,-93.0,0.0303907000052277,1,1,3
E3,2026-05-08,rho_z_eta_sweep,BasicPOMCP,0.0,0.0,nominal,100,5,5,0.1,0.0,74,28.0,0.030593200004659593,3,0,2
E3,2026-05-08,rho_z_eta_sweep,BasicPOMCP,0.0,0.0,nominal,100,5,5,0.1,0.0,75,-203.0,0.03336840000702068,0,2,3
E3,2026-05-08,rho_z_eta_sweep,BasicPOMCP,0.0,0.0,nominal,100,5,5,0.1,0.0,76,-104.0,0.030436100001679733,0,1,4
E3,2026-05-08,rho_z_eta_sweep,BasicPOMCP,0.0,0.0,nominal,100,5,5,0.1,0.0,77,-104.0,0.030751299986150116,0,1,4
E3,2026-05-08,rho_z_eta_sweep,BasicPOMCP,0.0,0.0,nominal,100,5,5,0.1,0.0,78,-71.0,0.03158660000190139,3,1,1
E3,2026-05-08,rho_z_eta_sweep,BasicPOMCP,0.0,0.0,nominal,100,5,5,0.1,0.0,79,-104.0,0.030592900002375245,0,1,4
E3,2026-05-08,rho_z_eta_sweep,BasicPOMCP,0.0,0.0,nominal,100,5,5,0.1,0.0,80,-5.0,0.030124900018563494,0,0,5
E3,2026-05-08,rho_z_eta_sweep,BasicPOMCP,0.0,0.0,nominal,100,5,5,0.1,0.0,81,-82.0,0.03356390001135878,2,1,2
E3,2026-05-08,rho_z_eta_sweep,BasicPOMCP,0.0,0.0,nominal,100,5,5,0.1,0.0,82,-93.0,0.0300901000155136,1,1,3
E3,2026-05-08,rho_z_eta_sweep,BasicPOMCP,0.0,0.0,nominal,100,5,5,0.1,0.0,83,-291.0,0.050566299993079156,1,3,1
E3,2026-05-08,rho_z_eta_sweep,BasicPOMCP,0.0,0.0,nominal,100,5,5,0.1,0.0,84,-82.0,0.033322200004477054,2,1,2
E3,2026-05-08,rho_z_eta_sweep,BasicPOMCP,0.0,0.0,nominal,100,5,5,0.1,0.0,85,-181.0,0.030080199998337775,2,2,1
E3,2026-05-08,rho_z_eta_sweep,BasicPOMCP,0.0,0.0,nominal,100,5,5,0.1,0.0,86,-71.0,0.03014449999318458,3,1,1
E3,2026-05-08,rho_z_eta_sweep,BasicPOMCP,0.0,0.0,nominal,100,5,5,0.1,0.0,87,-93.0,0.030200400011381134,1,1,3
E3,2026-05-08,rho_z_eta_sweep,BasicPOMCP,0.0,0.0,nominal,100,5,5,0.1,0.0,88,6.0,0.030216699989978224,1,0,4
E3,2026-05-08,rho_z_eta_sweep,BasicPOMCP,0.0,0.0,nominal,100,5,5,0.1,0.0,89,28.0,0.030026699998416007,3,0,2
E3,2026-05-08,rho_z_eta_sweep,BasicPOMCP,0.0,0.0,nominal,100,5,5,0.1,0.0,90,-82.0,0.029997500008903444,2,1,2
E3,2026-05-08,rho_z_eta_sweep,BasicPOMCP,0.0,0.0,nominal,100,5,5,0.1,0.0,91,-104.0,0.030725999997230247,0,1,4
E3,2026-05-08,rho_z_eta_sweep,BasicPOMCP,0.0,0.0,nominal,100,5,5,0.1,0.0,92,-5.0,0.03018480000901036,0,0,5
E3,2026-05-08,rho_z_eta_sweep,BasicPOMCP,0.0,0.0,nominal,100,5,5,0.1,0.0,93,-192.0,0.030458199995337054,1,2,2
E3,2026-05-08,rho_z_eta_sweep,BasicPOMCP,0.0,0.0,nominal,100,5,5,0.1,0.0,94,17.0,0.031348500022431836,2,0,3
E3,2026-05-08,rho_z_eta_sweep,BasicPOMCP,0.0,0.0,nominal,100,5,5,0.1,0.0,95,6.0,0.035957699990831316,1,0,4
E3,2026-05-08,rho_z_eta_sweep,BasicPOMCP,0.0,0.0,nominal,100,5,5,0.1,0.0,96,-71.0,0.049720500013791025,3,1,1
E3,2026-05-08,rho_z_eta_sweep,BasicPOMCP,0.0,0.0,nominal,100,5,5,0.1,0.0,97,6.0,0.030515999998897314,1,0,4
E3,2026-05-08,rho_z_eta_sweep,BasicPOMCP,0.0,0.0,nominal,100,5,5,0.1,0.0,98,-181.0,0.030050600005779415,2,2,1
E3,2026-05-08,rho_z_eta_sweep,BasicPOMCP,0.0,0.0,nominal,100,5,5,0.1,0.0,99,17.0,0.030501200002618134,2,0,3
E3,2026-05-08,rho_z_eta_sweep,BasicPOMCP,0.0,0.0,nominal,100,5,5,0.1,0.0,100,17.0,0.0303284999972675,2,0,3
E3,2026-05-08,rho_z_eta_sweep,BasicPOMCP,0.0,0.0,nominal,100,5,5,0.1125,0.0,1,6.0,0.0314399000199046,1,0,4
E3,2026-05-08,rho_z_eta_sweep,BasicPOMCP,0.0,0.0,nominal,100,5,5,0.1125,0.0,2,-82.0,0.030214700003853068,2,1,2
E3,2026-05-08,rho_z_eta_sweep,BasicPOMCP,0.0,0.0,nominal,100,5,5,0.1125,0.0,3,6.0,0.029893400002038106,1,0,4
E3,2026-05-08,rho_z_eta_sweep,BasicPOMCP,0.0,0.0,nominal,100,5,5,0.1125,0.0,4,-93.0,0.030241500004194677,1,1,3
E3,2026-05-08,rho_z_eta_sweep,BasicPOMCP,0.0,0.0,nominal,100,5,5,0.1125,0.0,5,28.0,0.03007649999926798,3,0,2
E3,2026-05-08,rho_z_eta_sweep,BasicPOMCP,0.0,0.0,nominal,100,5,5,0.1125,0.0,6,6.0,0.030247699993196875,1,0,4
E3,2026-05-08,rho_z_eta_sweep,BasicPOMCP,0.0,0.0,nominal,100,5,5,0.1125,0.0,7,6.0,0.02990449999924749,1,0,4
E3,2026-05-08,rho_z_eta_sweep,BasicPOMCP,0.0,0.0,nominal,100,5,5,0.1125,0.0,8,28.0,0.0298690999916289,3,0,2
E3,2026-05-08,rho_z_eta_sweep,BasicPOMCP,0.0,0.0,nominal,100,5,5,0.1125,0.0,9,17.0,0.030055400013225153,2,0,3
E3,2026-05-08,rho_z_eta_sweep,BasicPOMCP,0.0,0.0,nominal,100,5,5,0.1125,0.0,10,28.0,0.029946599999675527,3,0,2
E3,2026-05-08,rho_z_eta_sweep,BasicPOMCP,0.0,0.0,nominal,100,5,5,0.1125,0.0,11,-82.0,0.04919680001330562,2,1,2
E3,2026-05-08,rho_z_eta_sweep,BasicPOMCP,0.0,0.0,nominal,100,5,5,0.1125,0.0,12,-93.0,0.0315108000067994,1,1,3
E3,2026-05-08,rho_z_eta_sweep,BasicPOMCP,0.0,0.0,nominal,100,5,5,0.1125,0.0,13,6.0,0.03043810001690872,1,0,4
E3,2026-05-08,rho_z_eta_sweep,BasicPOMCP,0.0,0.0,nominal,100,5,5,0.1125,0.0,14,28.0,0.029880200017942116,3,0,2
E3,2026-05-08,rho_z_eta_sweep,BasicPOMCP,0.0,0.0,nominal,100,5,5,0.1125,0.0,15,-181.0,0.03110900000319816,2,2,1
E3,2026-05-08,rho_z_eta_sweep,BasicPOMCP,0.0,0.0,nominal,100,5,5,0.1125,0.0,16,-5.0,0.03482500000973232,0,0,5
E3,2026-05-08,rho_z_eta_sweep,BasicPOMCP,0.0,0.0,nominal,100,5,5,0.1125,0.0,17,17.0,0.030672899971250445,2,0,3
E3,2026-05-08,rho_z_eta_sweep,BasicPOMCP,0.0,0.0,nominal,100,5,5,0.1125,0.0,18,-93.0,0.03610840000328608,1,1,3
E3,2026-05-08,rho_z_eta_sweep,BasicPOMCP,0.0,0.0,nominal,100,5,5,0.1125,0.0,19,17.0,0.034716299996944144,2,0,3
E3,2026-05-08,rho_z_eta_sweep,BasicPOMCP,0.0,0.0,nominal,100,5,5,0.1125,0.0,20,17.0,0.030733499996131286,2,0,3
E3,2026-05-08,rho_z_eta_sweep,BasicPOMCP,0.0,0.0,nominal,100,5,5,0.1125,0.0,21,-93.0,0.03033879998838529,1,1,3
E3,2026-05-08,rho_z_eta_sweep,BasicPOMCP,0.0,0.0,nominal,100,5,5,0.1125,0.0,22,-71.0,0.030083299992838874,3,1,1
E3,2026-05-08,rho_z_eta_sweep,BasicPOMCP,0.0,0.0,nominal,100,5,5,0.1125,0.0,23,-291.0,0.03008540000882931,1,3,1
E3,2026-05-08,rho_z_eta_sweep,BasicPOMCP,0.0,0.0,nominal,100,5,5,0.1125,0.0,24,6.0,0.030157600005622953,1,0,4
E3,2026-05-08,rho_z_eta_sweep,BasicPOMCP,0.0,0.0,nominal,100,5,5,0.1125,0.0,25,28.0,0.030641399993328378,3,0,2
E3,2026-05-08,rho_z_eta_sweep,BasicPOMCP,0.0,0.0,nominal,100,5,5,0.1125,0.0,26,17.0,0.04648950000409968,2,0,3
E3,2026-05-08,rho_z_eta_sweep,BasicPOMCP,0.0,0.0,nominal,100,5,5,0.1125,0.0,27,-280.0,0.030085800011875108,2,3,0
E3,2026-05-08,rho_z_eta_sweep,BasicPOMCP,0.0,0.0,nominal,100,5,5,0.1125,0.0,28,-170.0,0.029927900002803653,3,2,0
E3,2026-05-08,rho_z_eta_sweep,BasicPOMCP,0.0,0.0,nominal,100,5,5,0.1125,0.0,29,17.0,0.03010760000324808,2,0,3
E3,2026-05-08,rho_z_eta_sweep,BasicPOMCP,0.0,0.0,nominal,100,5,5,0.1125,0.0,30,6.0,0.03051229999982752,1,0,4
E3,2026-05-08,rho_z_eta_sweep,BasicPOMCP,0.0,0.0,nominal,100,5,5,0.1125,0.0,31,-82.0,0.03010299999732524,2,1,2
E3,2026-05-08,rho_z_eta_sweep,BasicPOMCP,0.0,0.0,nominal,100,5,5,0.1125,0.0,32,17.0,0.02979970001615584,2,0,3
E3,2026-05-08,rho_z_eta_sweep,BasicPOMCP,0.0,0.0,nominal,100,5,5,0.1125,0.0,33,28.0,0.03305640001781285,3,0,2
E3,2026-05-08,rho_z_eta_sweep,BasicPOMCP,0.0,0.0,nominal,100,5,5,0.1125,0.0,34,17.0,0.03124549999483861,2,0,3
E3,2026-05-08,rho_z_eta_sweep,BasicPOMCP,0.0,0.0,nominal,100,5,5,0.1125,0.0,35,-93.0,0.030469999997876585,1,1,3
E3,2026-05-08,rho_z_eta_sweep,BasicPOMCP,0.0,0.0,nominal,100,5,5,0.1125,0.0,36,-192.0,0.030067999992752448,1,2,2
E3,2026-05-08,rho_z_eta_sweep,BasicPOMCP,0.0,0.0,nominal,100,5,5,0.1125,0.0,37,-82.0,0.03033869998762384,2,1,2
E3,2026-05-08,rho_z_eta_sweep,BasicPOMCP,0.0,0.0,nominal,100,5,5,0.1125,0.0,38,-104.0,0.03039800000260584,0,1,4
E3,2026-05-08,rho_z_eta_sweep,BasicPOMCP,0.0,0.0,nominal,100,5,5,0.1125,0.0,39,-192.0,0.031078500003786758,1,2,2
E3,2026-05-08,rho_z_eta_sweep,BasicPOMCP,0.0,0.0,nominal,100,5,5,0.1125,0.0,40,-181.0,0.02999509999062866,2,2,1
E3,2026-05-08,rho_z_eta_sweep,BasicPOMCP,0.0,0.0,nominal,100,5,5,0.1125,0.0,41,-104.0,0.03030910002416931,0,1,4
E3,2026-05-08,rho_z_eta_sweep,BasicPOMCP,0.0,0.0,nominal,100,5,5,0.1125,0.0,42,-93.0,0.05030449997866526,1,1,3
E3,2026-05-08,rho_z_eta_sweep,BasicPOMCP,0.0,0.0,nominal,100,5,5,0.1125,0.0,43,-192.0,0.030252099997596815,1,2,2
E3,2026-05-08,rho_z_eta_sweep,BasicPOMCP,0.0,0.0,nominal,100,5,5,0.1125,0.0,44,-82.0,0.03004379998310469,2,1,2
E3,2026-05-08,rho_z_eta_sweep,BasicPOMCP,0.0,0.0,nominal,100,5,5,0.1125,0.0,45,28.0,0.030406599980778992,3,0,2
E3,2026-05-08,rho_z_eta_sweep,BasicPOMCP,0.0,0.0,nominal,100,5,5,0.1125,0.0,46,17.0,0.030232800025260076,2,0,3
E3,2026-05-08,rho_z_eta_sweep,BasicPOMCP,0.0,0.0,nominal,100,5,5,0.1125,0.0,47,-104.0,0.03061590000288561,0,1,4
E3,2026-05-08,rho_z_eta_sweep,BasicPOMCP,0.0,0.0,nominal,100,5,5,0.1125,0.0,48,17.0,0.030072599998675287,2,0,3
E3,2026-05-08,rho_z_eta_sweep,BasicPOMCP,0.0,0.0,nominal,100,5,5,0.1125,0.0,49,17.0,0.029960699990624562,2,0,3
E3,2026-05-08,rho_z_eta_sweep,BasicPOMCP,0.0,0.0,nominal,100,5,5,0.1125,0.0,50,-181.0,0.029923499998403713,2,2,1
E3,2026-05-08,rho_z_eta_sweep,BasicPOMCP,0.0,0.0,nominal,100,5,5,0.1125,0.0,51,-71.0,0.03000700002303347,3,1,1
E3,2026-05-08,rho_z_eta_sweep,BasicPOMCP,0.0,0.0,nominal,100,5,5,0.1125,0.0,52,-5.0,0.031206199986627325,0,0,5
E3,2026-05-08,rho_z_eta_sweep,BasicPOMCP,0.0,0.0,nominal,100,5,5,0.1125,0.0,53,17.0,0.03126439999323338,2,0,3
E3,2026-05-08,rho_z_eta_sweep,BasicPOMCP,0.0,0.0,nominal,100,5,5,0.1125,0.0,54,6.0,0.030263699998613447,1,0,4
E3,2026-05-08,rho_z_eta_sweep,BasicPOMCP,0.0,0.0,nominal,100,5,5,0.1125,0.0,55,-192.0,0.03047199998400174,1,2,2
E3,2026-05-08,rho_z_eta_sweep,BasicPOMCP,0.0,0.0,nominal,100,5,5,0.1125,0.0,56,6.0,0.029997300007380545,1,0,4
E3,2026-05-08,rho_z_eta_sweep,BasicPOMCP,0.0,0.0,nominal,100,5,5,0.1125,0.0,57,17.0,0.05143699998734519,2,0,3
E3,2026-05-08,rho_z_eta_sweep,BasicPOMCP,0.0,0.0,nominal,100,5,5,0.1125,0.0,58,-302.0,0.03253329999279231,0,3,2
E3,2026-05-08,rho_z_eta_sweep,BasicPOMCP,0.0,0.0,nominal,100,5,5,0.1125,0.0,59,-93.0,0.032209500001044944,1,1,3
E3,2026-05-08,rho_z_eta_sweep,BasicPOMCP,0.0,0.0,nominal,100,5,5,0.1125,0.0,60,17.0,0.03210360000957735,2,0,3
E3,2026-05-08,rho_z_eta_sweep,BasicPOMCP,0.0,0.0,nominal,100,5,5,0.1125,0.0,61,6.0,0.032388599996920675,1,0,4
E3,2026-05-08,rho_z_eta_sweep,BasicPOMCP,0.0,0.0,nominal,100,5,5,0.1125,0.0,62,-82.0,0.030738299974473193,2,1,2
E3,2026-05-08,rho_z_eta_sweep,BasicPOMCP,0.0,0.0,nominal,100,5,5,0.1125,0.0,63,-93.0,0.031384300003992394,1,1,3
E3,2026-05-08,rho_z_eta_sweep,BasicPOMCP,0.0,0.0,nominal,100,5,5,0.1125,0.0,64,-192.0,0.031455199990887195,1,2,2
E3,2026-05-08,rho_z_eta_sweep,BasicPOMCP,0.0,0.0,nominal,100,5,5,0.1125,0.0,65,6.0,0.03129250000347383,1,0,4
E3,2026-05-08,rho_z_eta_sweep,BasicPOMCP,0.0,0.0,nominal,100,5,5,0.1125,0.0,66,-104.0,0.03159220001543872,0,1,4
E3,2026-05-08,rho_z_eta_sweep,BasicPOMCP,0.0,0.0,nominal,100,5,5,0.1125,0.0,67,17.0,0.03110779999406077,2,0,3
E3,2026-05-08,rho_z_eta_sweep,BasicPOMCP,0.0,0.0,nominal,100,5,5,0.1125,0.0,68,6.0,0.031157000019447878,1,0,4
E3,2026-05-08,rho_z_eta_sweep,BasicPOMCP,0.0,0.0,nominal,100,5,5,0.1125,0.0,69,-82.0,0.031083599984413013,2,1,2
E3,2026-05-08,rho_z_eta_sweep,BasicPOMCP,0.0,0.0,nominal,100,5,5,0.1125,0.0,70,-5.0,0.031102200009627268,0,0,5
E3,2026-05-08,rho_z_eta_sweep,BasicPOMCP,0.0,0.0,nominal,100,5,5,0.1125,0.0,71,-93.0,0.030932499998016283,1,1,3
E3,2026-05-08,rho_z_eta_sweep,BasicPOMCP,0.0,0.0,nominal,100,5,5,0.1125,0.0,72,28.0,0.030846099980408326,3,0,2
E3,2026-05-08,rho_z_eta_sweep,BasicPOMCP,0.0,0.0,nominal,100,5,5,0.1125,0.0,73,-93.0,0.04817039999761619,1,1,3
E3,2026-05-08,rho_z_eta_sweep,BasicPOMCP,0.0,0.0,nominal,100,5,5,0.1125,0.0,74,28.0,0.030840399995213374,3,0,2
E3,2026-05-08,rho_z_eta_sweep,BasicPOMCP,0.0,0.0,nominal,100,5,5,0.1125,0.0,75,-203.0,0.030872600007569417,0,2,3
E3,2026-05-08,rho_z_eta_sweep,BasicPOMCP,0.0,0.0,nominal,100,5,5,0.1125,0.0,76,-104.0,0.03068540000822395,0,1,4
E3,2026-05-08,rho_z_eta_sweep,BasicPOMCP,0.0,0.0,nominal,100,5,5,0.1125,0.0,77,-104.0,0.03310339999734424,0,1,4
E3,2026-05-08,rho_z_eta_sweep,BasicPOMCP,0.0,0.0,nominal,100,5,5,0.1125,0.0,78,-71.0,0.03303109999978915,3,1,1
E3,2026-05-08,rho_z_eta_sweep,BasicPOMCP,0.0,0.0,nominal,100,5,5,0.1125,0.0,79,-104.0,0.030867299996316433,0,1,4
E3,2026-05-08,rho_z_eta_sweep,BasicPOMCP,0.0,0.0,nominal,100,5,5,0.1125,0.0,80,-5.0,0.03098619999946095,0,0,5
E3,2026-05-08,rho_z_eta_sweep,BasicPOMCP,0.0,0.0,nominal,100,5,5,0.1125,0.0,81,-82.0,0.036892900010570884,2,1,2
E3,2026-05-08,rho_z_eta_sweep,BasicPOMCP,0.0,0.0,nominal,100,5,5,0.1125,0.0,82,-93.0,0.031535200017970055,1,1,3
E3,2026-05-08,rho_z_eta_sweep,BasicPOMCP,0.0,0.0,nominal,100,5,5,0.1125,0.0,83,-291.0,0.03089759999420494,1,3,1
E3,2026-05-08,rho_z_eta_sweep,BasicPOMCP,0.0,0.0,nominal,100,5,5,0.1125,0.0,84,-82.0,0.030958499992266297,2,1,2
E3,2026-05-08,rho_z_eta_sweep,BasicPOMCP,0.0,0.0,nominal,100,5,5,0.1125,0.0,85,-181.0,0.030686499987496063,2,2,1
E3,2026-05-08,rho_z_eta_sweep,BasicPOMCP,0.0,0.0,nominal,100,5,5,0.1125,0.0,86,-71.0,0.04827850000583567,3,1,1
E3,2026-05-08,rho_z_eta_sweep,BasicPOMCP,0.0,0.0,nominal,100,5,5,0.1125,0.0,87,-93.0,0.031653599988203496,1,1,3
E3,2026-05-08,rho_z_eta_sweep,BasicPOMCP,0.0,0.0,nominal,100,5,5,0.1125,0.0,88,6.0,0.030695399997057393,1,0,4
E3,2026-05-08,rho_z_eta_sweep,BasicPOMCP,0.0,0.0,nominal,100,5,5,0.1125,0.0,89,28.0,0.030536499980371445,3,0,2
E3,2026-05-08,rho_z_eta_sweep,BasicPOMCP,0.0,0.0,nominal,100,5,5,0.1125,0.0,90,-82.0,0.03001890002633445,2,1,2
E3,2026-05-08,rho_z_eta_sweep,BasicPOMCP,0.0,0.0,nominal,100,5,5,0.1125,0.0,91,-104.0,0.030484900024021044,0,1,4
E3,2026-05-08,rho_z_eta_sweep,BasicPOMCP,0.0,0.0,nominal,100,5,5,0.1125,0.0,92,-5.0,0.03017129999352619,0,0,5
E3,2026-05-08,rho_z_eta_sweep,BasicPOMCP,0.0,0.0,nominal,100,5,5,0.1125,0.0,93,-192.0,0.030357099982211366,1,2,2
E3,2026-05-08,rho_z_eta_sweep,BasicPOMCP,0.0,0.0,nominal,100,5,5,0.1125,0.0,94,17.0,0.03060860000550747,2,0,3
E3,2026-05-08,rho_z_eta_sweep,BasicPOMCP,0.0,0.0,nominal,100,5,5,0.1125,0.0,95,6.0,0.03053150000050664,1,0,4
E3,2026-05-08,rho_z_eta_sweep,BasicPOMCP,0.0,0.0,nominal,100,5,5,0.1125,0.0,96,-71.0,0.030926600011298433,3,1,1
E3,2026-05-08,rho_z_eta_sweep,BasicPOMCP,0.0,0.0,nominal,100,5,5,0.1125,0.0,97,6.0,0.03086030000122264,1,0,4
E3,2026-05-08,rho_z_eta_sweep,BasicPOMCP,0.0,0.0,nominal,100,5,5,0.1125,0.0,98,-181.0,0.0330619000014849,2,2,1
E3,2026-05-08,rho_z_eta_sweep,BasicPOMCP,0.0,0.0,nominal,100,5,5,0.1125,0.0,99,17.0,0.03465469999355264,2,0,3
E3,2026-05-08,rho_z_eta_sweep,BasicPOMCP,0.0,0.0,nominal,100,5,5,0.1125,0.0,100,17.0,0.04757610001252033,2,0,3
E3,2026-05-08,rho_z_eta_sweep,BasicPOMCP,0.0,0.0,nominal,100,5,5,0.15,0.0,1,6.0,0.03038010001182556,1,0,4
E3,2026-05-08,rho_z_eta_sweep,BasicPOMCP,0.0,0.0,nominal,100,5,5,0.15,0.0,2,-82.0,0.030002099985722452,2,1,2
E3,2026-05-08,rho_z_eta_sweep,BasicPOMCP,0.0,0.0,nominal,100,5,5,0.15,0.0,3,6.0,0.03126749998773448,1,0,4
E3,2026-05-08,rho_z_eta_sweep,BasicPOMCP,0.0,0.0,nominal,100,5,5,0.15,0.0,4,-93.0,0.030143600015435368,1,1,3
E3,2026-05-08,rho_z_eta_sweep,BasicPOMCP,0.0,0.0,nominal,100,5,5,0.15,0.0,5,28.0,0.0299403999815695,3,0,2
E3,2026-05-08,rho_z_eta_sweep,BasicPOMCP,0.0,0.0,nominal,100,5,5,0.15,0.0,6,6.0,0.03026930001215078,1,0,4
E3,2026-05-08,rho_z_eta_sweep,BasicPOMCP,0.0,0.0,nominal,100,5,5,0.15,0.0,7,6.0,0.03019200000562705,1,0,4
E3,2026-05-08,rho_z_eta_sweep,BasicPOMCP,0.0,0.0,nominal,100,5,5,0.15,0.0,8,28.0,0.030028199980733916,3,0,2
E3,2026-05-08,rho_z_eta_sweep,BasicPOMCP,0.0,0.0,nominal,100,5,5,0.15,0.0,9,17.0,0.030122900003334507,2,0,3
E3,2026-05-08,rho_z_eta_sweep,BasicPOMCP,0.0,0.0,nominal,100,5,5,0.15,0.0,10,28.0,0.03005589998792857,3,0,2
E3,2026-05-08,rho_z_eta_sweep,BasicPOMCP,0.0,0.0,nominal,100,5,5,0.15,0.0,11,-82.0,0.030236200022045523,2,1,2
E3,2026-05-08,rho_z_eta_sweep,BasicPOMCP,0.0,0.0,nominal,100,5,5,0.15,0.0,12,-93.0,0.030074599984800443,1,1,3
E3,2026-05-08,rho_z_eta_sweep,BasicPOMCP,0.0,0.0,nominal,100,5,5,0.15,0.0,13,6.0,0.030311700014863163,1,0,4
E3,2026-05-08,rho_z_eta_sweep,BasicPOMCP,0.0,0.0,nominal,100,5,5,0.15,0.0,14,28.0,0.02992250001989305,3,0,2
E3,2026-05-08,rho_z_eta_sweep,BasicPOMCP,0.0,0.0,nominal,100,5,5,0.15,0.0,15,-192.0,0.05027939999126829,1,2,2
E3,2026-05-08,rho_z_eta_sweep,BasicPOMCP,0.0,0.0,nominal,100,5,5,0.15,0.0,16,-5.0,0.030993399996077642,0,0,5
E3,2026-05-08,rho_z_eta_sweep,BasicPOMCP,0.0,0.0,nominal,100,5,5,0.15,0.0,17,17.0,0.03074190000188537,2,0,3
E3,2026-05-08,rho_z_eta_sweep,BasicPOMCP,0.0,0.0,nominal,100,5,5,0.15,0.0,18,-93.0,0.031102300010388717,1,1,3
E3,2026-05-08,rho_z_eta_sweep,BasicPOMCP,0.0,0.0,nominal,100,5,5,0.15,0.0,19,17.0,0.035288000013679266,2,0,3
E3,2026-05-08,rho_z_eta_sweep,BasicPOMCP,0.0,0.0,nominal,100,5,5,0.15,0.0,20,17.0,0.030656300019472837,2,0,3
E3,2026-05-08,rho_z_eta_sweep,BasicPOMCP,0.0,0.0,nominal,100,5,5,0.15,0.0,21,-93.0,0.03052719999686815,1,1,3
E3,2026-05-08,rho_z_eta_sweep,BasicPOMCP,0.0,0.0,nominal,100,5,5,0.15,0.0,22,-71.0,0.029697599995415658,3,1,1
E3,2026-05-08,rho_z_eta_sweep,BasicPOMCP,0.0,0.0,nominal,100,5,5,0.15,0.0,23,-390.0,0.030203600006643683,1,4,0
E3,2026-05-08,rho_z_eta_sweep,BasicPOMCP,0.0,0.0,nominal,100,5,5,0.15,0.0,24,6.0,0.029970599978696555,1,0,4
E3,2026-05-08,rho_z_eta_sweep,BasicPOMCP,0.0,0.0,nominal,100,5,5,0.15,0.0,25,28.0,0.030707099998835474,3,0,2
E3,2026-05-08,rho_z_eta_sweep,BasicPOMCP,0.0,0.0,nominal,100,5,5,0.15,0.0,26,17.0,0.03038599999854341,2,0,3
E3,2026-05-08,rho_z_eta_sweep,BasicPOMCP,0.0,0.0,nominal,100,5,5,0.15,0.0,27,-280.0,0.030179199995473027,2,3,0
E3,2026-05-08,rho_z_eta_sweep,BasicPOMCP,0.0,0.0,nominal,100,5,5,0.15,0.0,28,-170.0,0.030187399999704212,3,2,0
E3,2026-05-08,rho_z_eta_sweep,BasicPOMCP,0.0,0.0,nominal,100,5,5,0.15,0.0,29,17.0,0.030232399993110448,2,0,3
E3,2026-05-08,rho_z_eta_sweep,BasicPOMCP,0.0,0.0,nominal,100,5,5,0.15,0.0,30,6.0,0.03016829999978654,1,0,4
E3,2026-05-08,rho_z_eta_sweep,BasicPOMCP,0.0,0.0,nominal,100,5,5,0.15,0.0,31,-82.0,0.03024250001180917,2,1,2
E3,2026-05-08,rho_z_eta_sweep,BasicPOMCP,0.0,0.0,nominal,100,5,5,0.15,0.0,32,17.0,0.03004109999164939,2,0,3
E3,2026-05-08,rho_z_eta_sweep,BasicPOMCP,0.0,0.0,nominal,100,5,5,0.15,0.0,33,28.0,0.0326651000068523,3,0,2
E3,2026-05-08,rho_z_eta_sweep,BasicPOMCP,0.0,0.0,nominal,100,5,5,0.15,0.0,34,17.0,0.056964100018376485,2,0,3
E3,2026-05-08,rho_z_eta_sweep,BasicPOMCP,0.0,0.0,nominal,100,5,5,0.15,0.0,35,-93.0,0.03697330001159571,1,1,3
E3,2026-05-08,rho_z_eta_sweep,BasicPOMCP,0.0,0.0,nominal,100,5,5,0.15,0.0,36,-192.0,0.0308843000093475,1,2,2
E3,2026-05-08,rho_z_eta_sweep,BasicPOMCP,0.0,0.0,nominal,100,5,5,0.15,0.0,37,-82.0,0.03059229999780655,2,1,2
E3,2026-05-08,rho_z_eta_sweep,BasicPOMCP,0.0,0.0,nominal,100,5,5,0.15,0.0,38,-192.0,0.03041589999338612,1,2,2
E3,2026-05-08,rho_z_eta_sweep,BasicPOMCP,0.0,0.0,nominal,100,5,5,0.15,0.0,39,-192.0,0.030541499989340082,1,2,2
E3,2026-05-08,rho_z_eta_sweep,BasicPOMCP,0.0,0.0,nominal,100,5,5,0.15,0.0,40,-181.0,0.030487799987895414,2,2,1
E3,2026-05-08,rho_z_eta_sweep,BasicPOMCP,0.0,0.0,nominal,100,5,5,0.15,0.0,41,-104.0,0.037625999975716695,0,1,4
E3,2026-05-08,rho_z_eta_sweep,BasicPOMCP,0.0,0.0,nominal,100,5,5,0.15,0.0,42,-93.0,0.02988709998317063,1,1,3
E3,2026-05-08,rho_z_eta_sweep,BasicPOMCP,0.0,0.0,nominal,100,5,5,0.15,0.0,43,-192.0,0.03335419998620637,1,2,2
E3,2026-05-08,rho_z_eta_sweep,BasicPOMCP,0.0,0.0,nominal,100,5,5,0.15,0.0,44,-82.0,0.03029280001646839,2,1,2
E3,2026-05-08,rho_z_eta_sweep,BasicPOMCP,0.0,0.0,nominal,100,5,5,0.15,0.0,45,28.0,0.030603099992731586,3,0,2
E3,2026-05-08,rho_z_eta_sweep,BasicPOMCP,0.0,0.0,nominal,100,5,5,0.15,0.0,46,-82.0,0.032164700009161606,2,1,2
E3,2026-05-08,rho_z_eta_sweep,BasicPOMCP,0.0,0.0,nominal,100,5,5,0.15,0.0,47,-104.0,0.059802800009492785,0,1,4
E3,2026-05-08,rho_z_eta_sweep,BasicPOMCP,0.0,0.0,nominal,100,5,5,0.15,0.0,48,17.0,0.036018400016473606,2,0,3
E3,2026-05-08,rho_z_eta_sweep,BasicPOMCP,0.0,0.0,nominal,100,5,5,0.15,0.0,49,17.0,0.029797199997119606,2,0,3
E3,2026-05-08,rho_z_eta_sweep,BasicPOMCP,0.0,0.0,nominal,100,5,5,0.15,0.0,50,-181.0,0.03828430001158267,2,2,1
E3,2026-05-08,rho_z_eta_sweep,BasicPOMCP,0.0,0.0,nominal,100,5,5,0.15,0.0,51,-71.0,0.037639499991200864,3,1,1
E3,2026-05-08,rho_z_eta_sweep,BasicPOMCP,0.0,0.0,nominal,100,5,5,0.15,0.0,52,-5.0,0.030298400000901893,0,0,5
E3,2026-05-08,rho_z_eta_sweep,BasicPOMCP,0.0,0.0,nominal,100,5,5,0.15,0.0,53,17.0,0.030042099999263883,2,0,3
E3,2026-05-08,rho_z_eta_sweep,BasicPOMCP,0.0,0.0,nominal,100,5,5,0.15,0.0,54,6.0,0.030455400003120303,1,0,4
E3,2026-05-08,rho_z_eta_sweep,BasicPOMCP,0.0,0.0,nominal,100,5,5,0.15,0.0,55,-203.0,0.030419600021559745,0,2,3
E3,2026-05-08,rho_z_eta_sweep,BasicPOMCP,0.0,0.0,nominal,100,5,5,0.15,0.0,56,6.0,0.032235999999102205,1,0,4
E3,2026-05-08,rho_z_eta_sweep,BasicPOMCP,0.0,0.0,nominal,100,5,5,0.15,0.0,57,17.0,0.030514599988237023,2,0,3
E3,2026-05-08,rho_z_eta_sweep,BasicPOMCP,0.0,0.0,nominal,100,5,5,0.15,0.0,58,-302.0,0.031209199980366975,0,3,2
E3,2026-05-08,rho_z_eta_sweep,BasicPOMCP,0.0,0.0,nominal,100,5,5,0.15,0.0,59,-93.0,0.030132499989122152,1,1,3
E3,2026-05-08,rho_z_eta_sweep,BasicPOMCP,0.0,0.0,nominal,100,5,5,0.15,0.0,60,17.0,0.030362799996510148,2,0,3
E3,2026-05-08,rho_z_eta_sweep,BasicPOMCP,0.0,0.0,nominal,100,5,5,0.15,0.0,61,6.0,0.030397700000321493,1,0,4
E3,2026-05-08,rho_z_eta_sweep,BasicPOMCP,0.0,0.0,nominal,100,5,5,0.15,0.0,62,-82.0,0.062664400000358,2,1,2
E3,2026-05-08,rho_z_eta_sweep,BasicPOMCP,0.0,0.0,nominal,100,5,5,0.15,0.0,63,-93.0,0.031168799992883578,1,1,3
E3,2026-05-08,rho_z_eta_sweep,BasicPOMCP,0.0,0.0,nominal,100,5,5,0.15,0.0,64,-192.0,0.030156200024066493,1,2,2
E3,2026-05-08,rho_z_eta_sweep,BasicPOMCP,0.0,0.0,nominal,100,5,5,0.15,0.0,65,6.0,0.029944399982923642,1,0,4
E3,2026-05-08,rho_z_eta_sweep,BasicPOMCP,0.0,0.0,nominal,100,5,5,0.15,0.0,66,-104.0,0.029807199985953048,0,1,4
E3,2026-05-08,rho_z_eta_sweep,BasicPOMCP,0.0,0.0,nominal,100,5,5,0.15,0.0,67,17.0,0.029887800017604604,2,0,3
E3,2026-05-08,rho_z_eta_sweep,BasicPOMCP,0.0,0.0,nominal,100,5,5,0.15,0.0,68,6.0,0.030162099981680512,1,0,4
E3,2026-05-08,rho_z_eta_sweep,BasicPOMCP,0.0,0.0,nominal,100,5,5,0.15,0.0,69,-82.0,0.029705599998123944,2,1,2
E3,2026-05-08,rho_z_eta_sweep,BasicPOMCP,0.0,0.0,nominal,100,5,5,0.15,0.0,70,-5.0,0.0296278000168968,0,0,5
E3,2026-05-08,rho_z_eta_sweep,BasicPOMCP,0.0,0.0,nominal,100,5,5,0.15,0.0,71,-93.0,0.029508400009945035,1,1,3
E3,2026-05-08,rho_z_eta_sweep,BasicPOMCP,0.0,0.0,nominal,100,5,5,0.15,0.0,72,28.0,0.030030900001293048,3,0,2
E3,2026-05-08,rho_z_eta_sweep,BasicPOMCP,0.0,0.0,nominal,100,5,5,0.15,0.0,73,-93.0,0.02974620001623407,1,1,3
E3,2026-05-08,rho_z_eta_sweep,BasicPOMCP,0.0,0.0,nominal,100,5,5,0.15,0.0,74,28.0,0.02967479999642819,3,0,2
E3,2026-05-08,rho_z_eta_sweep,BasicPOMCP,0.0,0.0,nominal,100,5,5,0.15,0.0,75,-203.0,0.03016669998760335,0,2,3
E3,2026-05-08,rho_z_eta_sweep,BasicPOMCP,0.0,0.0,nominal,100,5,5,0.15,0.0,76,-104.0,0.050299800001084805,0,1,4
E3,2026-05-08,rho_z_eta_sweep,BasicPOMCP,0.0,0.0,nominal,100,5,5,0.15,0.0,77,-104.0,0.029932100005680695,0,1,4
E3,2026-05-08,rho_z_eta_sweep,BasicPOMCP,0.0,0.0,nominal,100,5,5,0.15,0.0,78,-71.0,0.030013300012797117,3,1,1
E3,2026-05-08,rho_z_eta_sweep,BasicPOMCP,0.0,0.0,nominal,100,5,5,0.15,0.0,79,-104.0,0.033394600002793595,0,1,4
E3,2026-05-08,rho_z_eta_sweep,BasicPOMCP,0.0,0.0,nominal,100,5,5,0.15,0.0,80,-5.0,0.031285000004572794,0,0,5
E3,2026-05-08,rho_z_eta_sweep,BasicPOMCP,0.0,0.0,nominal,100,5,5,0.15,0.0,81,-93.0,0.0314148000034038,1,1,3
E3,2026-05-08,rho_z_eta_sweep,BasicPOMCP,0.0,0.0,nominal,100,5,5,0.15,0.0,82,-93.0,0.030299399979412556,1,1,3
E3,2026-05-08,rho_z_eta_sweep,BasicPOMCP,0.0,0.0,nominal,100,5,5,0.15,0.0,83,-291.0,0.029797299997881055,1,3,1
E3,2026-05-08,rho_z_eta_sweep,BasicPOMCP,0.0,0.0,nominal,100,5,5,0.15,0.0,84,-82.0,0.030013300012797117,2,1,2
E3,2026-05-08,rho_z_eta_sweep,BasicPOMCP,0.0,0.0,nominal,100,5,5,0.15,0.0,85,-181.0,0.030763100017793477,2,2,1
E3,2026-05-08,rho_z_eta_sweep,BasicPOMCP,0.0,0.0,nominal,100,5,5,0.15,0.0,86,-71.0,0.031025600008433685,3,1,1
E3,2026-05-08,rho_z_eta_sweep,BasicPOMCP,0.0,0.0,nominal,100,5,5,0.15,0.0,87,-93.0,0.030616200005169958,1,1,3
E3,2026-05-08,rho_z_eta_sweep,BasicPOMCP,0.0,0.0,nominal,100,5,5,0.15,0.0,88,6.0,0.039700099994661286,1,0,4
E3,2026-05-08,rho_z_eta_sweep,BasicPOMCP,0.0,0.0,nominal,100,5,5,0.15,0.0,89,28.0,0.048118699982296675,3,0,2
E3,2026-05-08,rho_z_eta_sweep,BasicPOMCP,0.0,0.0,nominal,100,5,5,0.15,0.0,90,-82.0,0.030102700024144724,2,1,2
E3,2026-05-08,rho_z_eta_sweep,BasicPOMCP,0.0,0.0,nominal,100,5,5,0.15,0.0,91,-104.0,0.030546499998308718,0,1,4
E3,2026-05-08,rho_z_eta_sweep,BasicPOMCP,0.0,0.0,nominal,100,5,5,0.15,0.0,92,-5.0,0.030108500010101125,0,0,5
E3,2026-05-08,rho_z_eta_sweep,BasicPOMCP,0.0,0.0,nominal,100,5,5,0.15,0.0,93,-192.0,0.030585900007281452,1,2,2
E3,2026-05-08,rho_z_eta_sweep,BasicPOMCP,0.0,0.0,nominal,100,5,5,0.15,0.0,94,-82.0,0.031698300008429214,2,1,2
E3,2026-05-08,rho_z_eta_sweep,BasicPOMCP,0.0,0.0,nominal,100,5,5,0.15,0.0,95,6.0,0.03078030000324361,1,0,4
E3,2026-05-08,rho_z_eta_sweep,BasicPOMCP,0.0,0.0,nominal,100,5,5,0.15,0.0,96,-71.0,0.030604700004914775,3,1,1
E3,2026-05-08,rho_z_eta_sweep,BasicPOMCP,0.0,0.0,nominal,100,5,5,0.15,0.0,97,6.0,0.032868800015421584,1,0,4
E3,2026-05-08,rho_z_eta_sweep,BasicPOMCP,0.0,0.0,nominal,100,5,5,0.15,0.0,98,-181.0,0.030101000011200085,2,2,1
E3,2026-05-08,rho_z_eta_sweep,BasicPOMCP,0.0,0.0,nominal,100,5,5,0.15,0.0,99,17.0,0.030261400010203943,2,0,3
E3,2026-05-08,rho_z_eta_sweep,BasicPOMCP,0.0,0.0,nominal,100,5,5,0.15,0.0,100,17.0,0.030091900000115857,2,0,3
